ID_CLIENTE;SAFRA_REF;PROBABILIDADE_INADIMPLENCIA
8784237149961904;2021-07;0.2433
8784237149961904;2021-07;0.2433
8784237149961904;2021-07;0.2455
8784237149961904;2021-08;0.2225
8784237149961904;2021-08;0.2225
8784237149961904;2021-08;0.221
8784237149961904;2021-08;0.2237
8784237149961904;2021-08;0.2221
8784237149961904;2021-08;0.2221
8784237149961904;2021-08;0.2221
8784237149961904;2021-08;0.2221
8784237149961904;2021-09;0.2484
8784237149961904;2021-09;0.2498
8784237149961904;2021-09;0.245
8784237149961904;2021-10;0.2433
8784237149961904;2021-10;0.2433
8784237149961904;2021-10;0.2455
8784237149961904;2021-10;0.2468
8784237149961904;2021-10;0.2455
8784237149961904;2021-10;0.2455
8784237149961904;2021-11;0.2455
8784237149961904;2021-11;0.2455
8784237149961904;2021-11;0.2455
8784237149961904;2021-11;0.2455
8784237149961904;2021-11;0.2455
15070048310374146;2021-07;0.5631
15070048310374146;2021-08;0.5464
15070048310374146;2021-08;0.5351
15070048310374146;2021-09;0.5319
15070048310374146;2021-10;0.5192
15070048310374146;2021-10;0.5192
18719614953021044;2021-08;0.5129
18719614953021044;2021-09;0.516
39547025441582855;2021-07;0.5832
39547025441582855;2021-08;0.2678
39547025441582855;2021-08;0.2678
39547025441582855;2021-08;0.2678
39547025441582855;2021-09;0.2836
39547025441582855;2021-09;0.2839
39547025441582855;2021-09;0.2769
39547025441582855;2021-10;0.2633
39547025441582855;2021-10;0.2594
39547025441582855;2021-11;0.257
49632905576538927;2021-07;0.1155
49632905576538927;2021-08;0.121
49632905576538927;2021-11;0.1175
51762959302415533;2021-09;0.2155
51762959302415533;2021-10;0.2
66220087398241662;2021-08;0.1542
66220087398241662;2021-09;0.1541
66220087398241662;2021-09;0.1541
66220087398241662;2021-09;0.1541
66220087398241662;2021-10;0.1541
66220087398241662;2021-10;0.1541
66220087398241662;2021-10;0.1514
66220087398241662;2021-11;0.1515
66220087398241662;2021-11;0.1515
66220087398241662;2021-11;0.1515
69766362497027920;2021-07;0.5763
69766362497027920;2021-08;0.5713
69766362497027920;2021-08;0.5637
69766362497027920;2021-09;0.5684
69766362497027920;2021-09;0.5684
69766362497027920;2021-09;0.5301
69766362497027920;2021-10;0.5036
86110062990790869;2021-07;0.3591
86110062990790869;2021-07;0.3597
86110062990790869;2021-08;0.4074
86110062990790869;2021-08;0.4074
86110062990790869;2021-09;0.6759
86110062990790869;2021-09;0.3591
86110062990790869;2021-09;0.3591
86110062990790869;2021-09;0.3597
86110062990790869;2021-10;0.3597
86110062990790869;2021-10;0.3593
89342157110910412;2021-10;0.2006
89342157110910412;2021-10;0.1976
93982185886107798;2021-07;0.2987
93982185886107798;2021-07;0.2987
93982185886107798;2021-07;0.2987
93982185886107798;2021-07;0.2991
93982185886107798;2021-08;0.2987
93982185886107798;2021-08;0.2987
93982185886107798;2021-09;0.2941
93982185886107798;2021-09;0.2937
93982185886107798;2021-10;0.2932
93982185886107798;2021-10;0.2917
93982185886107798;2021-11;0.6219
93982185886107798;2021-11;0.2896
107343823625119033;2021-07;0.2486
107343823625119033;2021-08;0.2657
107343823625119033;2021-08;0.2657
107343823625119033;2021-08;0.2657
107343823625119033;2021-08;0.2657
107343823625119033;2021-08;0.26
107343823625119033;2021-09;0.486
107343823625119033;2021-09;0.2485
107343823625119033;2021-09;0.2485
107343823625119033;2021-09;0.2485
107343823625119033;2021-09;0.2485
107343823625119033;2021-10;0.2629
107343823625119033;2021-11;0.2672
107343823625119033;2021-11;0.2672
107343823625119033;2021-11;0.2657
113538242419211987;2021-07;0.1354
113538242419211987;2021-11;0.1229
121658372387044248;2021-07;0.1671
121658372387044248;2021-07;0.1671
121658372387044248;2021-07;0.1751
121658372387044248;2021-08;0.1653
121658372387044248;2021-08;0.1653
121658372387044248;2021-08;0.1653
121658372387044248;2021-10;0.1641
121658372387044248;2021-10;0.1641
121658372387044248;2021-10;0.2776
121658372387044248;2021-11;0.2626
165658847908185334;2021-07;0.1839
165658847908185334;2021-10;0.1791
170089315547146305;2021-07;0.4613
170089315547146305;2021-07;0.4613
170089315547146305;2021-07;0.4613
170089315547146305;2021-07;0.4613
170089315547146305;2021-08;0.4131
170089315547146305;2021-08;0.4131
170089315547146305;2021-08;0.6851
170089315547146305;2021-08;0.4181
170089315547146305;2021-08;0.4181
170089315547146305;2021-08;0.4138
170089315547146305;2021-08;0.4138
170089315547146305;2021-08;0.4138
170089315547146305;2021-08;0.4138
170089315547146305;2021-08;0.4138
170089315547146305;2021-08;0.4138
170089315547146305;2021-08;0.4138
170089315547146305;2021-09;0.4629
170089315547146305;2021-09;0.4629
170089315547146305;2021-09;0.4629
170089315547146305;2021-09;0.4629
170089315547146305;2021-09;0.4629
170089315547146305;2021-09;0.4629
170089315547146305;2021-10;0.4383
170089315547146305;2021-10;0.4386
170089315547146305;2021-10;0.4386
170089315547146305;2021-10;0.4386
170089315547146305;2021-10;0.4386
170089315547146305;2021-10;0.4383
170089315547146305;2021-10;0.4383
170089315547146305;2021-11;0.4632
170089315547146305;2021-11;0.4632
170089315547146305;2021-11;0.4632
170089315547146305;2021-11;0.4676
175003104385133396;2021-07;0.4952
175003104385133396;2021-07;0.156
175003104385133396;2021-08;0.155
175003104385133396;2021-09;0.1574
175003104385133396;2021-09;0.1574
175003104385133396;2021-10;0.4918
175003104385133396;2021-10;0.1474
175003104385133396;2021-10;0.1465
175003104385133396;2021-11;0.1561
180672270337706285;2021-07;0.8634
180672270337706285;2021-07;0.8581
180672270337706285;2021-07;0.8581
180672270337706285;2021-07;0.8625
180672270337706285;2021-07;0.8596
180672270337706285;2021-07;0.8625
180672270337706285;2021-07;0.8596
180672270337706285;2021-08;0.7944
180672270337706285;2021-08;0.8622
180672270337706285;2021-08;0.8605
180672270337706285;2021-08;0.8627
180672270337706285;2021-09;0.8828
180672270337706285;2021-09;0.8805
180672270337706285;2021-10;0.8781
180672270337706285;2021-10;0.8407
180672270337706285;2021-10;0.8758
180672270337706285;2021-10;0.8348
187117706370645370;2021-07;0.7015
187117706370645370;2021-07;0.7075
187117706370645370;2021-07;0.7139
187117706370645370;2021-07;0.7139
187117706370645370;2021-07;0.6878
187117706370645370;2021-08;0.7092
187117706370645370;2021-08;0.7072
187117706370645370;2021-08;0.7011
187117706370645370;2021-08;0.7072
187117706370645370;2021-09;0.7062
187117706370645370;2021-09;0.7062
187117706370645370;2021-09;0.7138
187117706370645370;2021-09;0.7038
187117706370645370;2021-09;0.7038
187117706370645370;2021-09;0.7038
187117706370645370;2021-09;0.7038
187117706370645370;2021-09;0.6996
187117706370645370;2021-10;0.7056
187117706370645370;2021-10;0.7056
187117706370645370;2021-10;0.7056
187117706370645370;2021-10;0.6955
187117706370645370;2021-10;0.7016
187117706370645370;2021-10;0.7016
187117706370645370;2021-11;0.709
187117706370645370;2021-11;0.7026
187117706370645370;2021-11;0.6965
187117706370645370;2021-11;0.6818
191536915328669008;2021-07;0.8506
191536915328669008;2021-07;0.8475
191536915328669008;2021-10;0.8366
209314261782935157;2021-10;0.8169
209477776078372134;2021-07;0.1873
209477776078372134;2021-07;0.1873
209477776078372134;2021-07;0.1873
209477776078372134;2021-07;0.1873
226405871752897670;2021-07;0.177
226405871752897670;2021-08;0.2009
226405871752897670;2021-08;0.2005
226405871752897670;2021-08;0.2009
226405871752897670;2021-08;0.2009
226405871752897670;2021-08;0.2009
226405871752897670;2021-08;0.2009
226405871752897670;2021-09;0.1787
226405871752897670;2021-09;0.1783
226405871752897670;2021-11;0.222
234898976850399181;2021-07;0.589
234898976850399181;2021-07;0.5844
234898976850399181;2021-07;0.5791
234898976850399181;2021-08;0.5639
234898976850399181;2021-09;0.5639
234898976850399181;2021-09;0.5644
234898976850399181;2021-10;0.7566
234898976850399181;2021-10;0.5515
234898976850399181;2021-10;0.5503
234898976850399181;2021-11;0.5503
234898976850399181;2021-11;0.5193
238894451665334246;2021-11;0.6435
255928150711119413;2021-09;0.778
257162352336759783;2021-07;0.1811
257162352336759783;2021-08;0.1801
257162352336759783;2021-08;0.1801
257162352336759783;2021-08;0.1801
257162352336759783;2021-08;0.1801
257162352336759783;2021-09;0.179
257162352336759783;2021-09;0.179
257162352336759783;2021-09;0.179
257162352336759783;2021-10;0.18
257162352336759783;2021-10;0.18
257162352336759783;2021-10;0.18
257162352336759783;2021-10;0.18
257162352336759783;2021-11;0.18
257162352336759783;2021-11;0.18
257162352336759783;2021-11;0.18
257162352336759783;2021-11;0.18
257162352336759783;2021-11;0.18
271068078606473697;2021-07;0.1879
271068078606473697;2021-10;0.1961
271068078606473697;2021-11;0.1865
274692171162531764;2021-07;0.5093
274692171162531764;2021-07;0.5093
274692171162531764;2021-07;0.5093
274692171162531764;2021-07;0.513
274692171162531764;2021-07;0.513
274692171162531764;2021-07;0.5123
274692171162531764;2021-07;0.513
274692171162531764;2021-07;0.513
274692171162531764;2021-08;0.5122
274692171162531764;2021-08;0.5122
274692171162531764;2021-08;0.5122
274692171162531764;2021-08;0.5122
274692171162531764;2021-08;0.5122
274692171162531764;2021-08;0.4997
274692171162531764;2021-08;0.4997
274692171162531764;2021-08;0.4997
274692171162531764;2021-09;0.5134
274692171162531764;2021-09;0.5141
274692171162531764;2021-09;0.5141
274692171162531764;2021-09;0.5141
274692171162531764;2021-09;0.5141
274692171162531764;2021-09;0.5222
274692171162531764;2021-09;0.5222
274692171162531764;2021-09;0.5222
274692171162531764;2021-09;0.5222
274692171162531764;2021-09;0.5222
274692171162531764;2021-10;0.534
274692171162531764;2021-10;0.534
274692171162531764;2021-10;0.5336
274692171162531764;2021-10;0.5336
274692171162531764;2021-10;0.5339
274692171162531764;2021-10;0.534
274692171162531764;2021-10;0.534
287529573188507001;2021-07;0.1527
287529573188507001;2021-09;0.1462
287529573188507001;2021-10;0.1468
295375823203017296;2021-07;0.1868
295375823203017296;2021-07;0.1872
295375823203017296;2021-07;0.1868
295375823203017296;2021-07;0.1872
295375823203017296;2021-07;0.1868
295375823203017296;2021-08;0.1904
295375823203017296;2021-09;0.1879
295375823203017296;2021-09;0.1875
295375823203017296;2021-10;0.1875
295375823203017296;2021-10;0.1875
295375823203017296;2021-11;0.1899
295375823203017296;2021-11;0.1849
312543480920432545;2021-07;0.4402
312543480920432545;2021-07;0.1258
312543480920432545;2021-07;0.1258
312543480920432545;2021-07;0.122
312543480920432545;2021-07;0.1218
312543480920432545;2021-07;0.1218
312543480920432545;2021-08;0.1219
312543480920432545;2021-08;0.1223
312543480920432545;2021-08;0.126
312543480920432545;2021-08;0.1256
312543480920432545;2021-08;0.1256
312543480920432545;2021-08;0.1256
312543480920432545;2021-08;0.1256
312543480920432545;2021-09;0.1212
312543480920432545;2021-09;0.1212
312543480920432545;2021-09;0.1212
312543480920432545;2021-09;0.1212
312543480920432545;2021-09;0.1212
312543480920432545;2021-09;0.1215
312543480920432545;2021-09;0.1212
312543480920432545;2021-09;0.1215
312543480920432545;2021-10;0.1268
312543480920432545;2021-10;0.1268
312543480920432545;2021-10;0.1268
312543480920432545;2021-10;0.1231
312543480920432545;2021-10;0.1231
312543480920432545;2021-10;0.1231
312543480920432545;2021-11;0.1228
312543480920432545;2021-11;0.4549
312543480920432545;2021-11;0.1228
312543480920432545;2021-11;0.1228
312543480920432545;2021-11;0.1228
312543480920432545;2021-11;0.1228
312543480920432545;2021-11;0.1214
312543480920432545;2021-11;0.1214
312543480920432545;2021-11;0.1218
314309872114206760;2021-07;0.5545
314309872114206760;2021-07;0.5545
314309872114206760;2021-08;0.5545
314309872114206760;2021-08;0.5545
314309872114206760;2021-08;0.5545
314309872114206760;2021-08;0.5545
314309872114206760;2021-08;0.5376
314309872114206760;2021-08;0.5376
314309872114206760;2021-08;0.5376
314309872114206760;2021-08;0.5376
314309872114206760;2021-09;0.523
314309872114206760;2021-09;0.523
314309872114206760;2021-09;0.523
314309872114206760;2021-09;0.5075
314309872114206760;2021-09;0.5075
314309872114206760;2021-09;0.5071
314309872114206760;2021-09;0.502
314309872114206760;2021-09;0.5002
314309872114206760;2021-09;0.5002
314309872114206760;2021-09;0.5002
314309872114206760;2021-09;0.5002
314309872114206760;2021-09;0.5002
314309872114206760;2021-09;0.5002
314309872114206760;2021-10;0.5339
324916756972236008;2021-07;0.4986
324916756972236008;2021-07;0.7349
324916756972236008;2021-07;0.5032
324916756972236008;2021-07;0.4988
324916756972236008;2021-07;0.5032
324916756972236008;2021-07;0.5032
324916756972236008;2021-07;0.4916
324916756972236008;2021-08;0.4902
324916756972236008;2021-08;0.4864
324916756972236008;2021-08;0.4902
324916756972236008;2021-08;0.5627
324916756972236008;2021-08;0.5004
324916756972236008;2021-08;0.4966
324916756972236008;2021-09;0.4976
324916756972236008;2021-09;0.4976
324916756972236008;2021-09;0.4982
324916756972236008;2021-09;0.498
324916756972236008;2021-09;0.4982
324916756972236008;2021-09;0.4976
324916756972236008;2021-09;0.5018
324916756972236008;2021-10;0.4936
324916756972236008;2021-10;0.4943
324916756972236008;2021-10;0.4943
324916756972236008;2021-10;0.4943
324916756972236008;2021-10;0.4943
324916756972236008;2021-11;0.4931
324916756972236008;2021-11;0.4887
324916756972236008;2021-11;0.489
324916756972236008;2021-11;0.489
324916756972236008;2021-11;0.489
326257359176916767;2021-07;0.1753
326257359176916767;2021-08;0.1779
326257359176916767;2021-09;0.1816
326257359176916767;2021-09;0.1816
326257359176916767;2021-09;0.1804
326257359176916767;2021-10;0.1786
340285351737204923;2021-07;0.5882
340285351737204923;2021-07;0.5852
340285351737204923;2021-07;0.5852
340285351737204923;2021-07;0.5852
340285351737204923;2021-08;0.5852
340285351737204923;2021-08;0.5726
340285351737204923;2021-08;0.5716
340285351737204923;2021-09;0.5645
340285351737204923;2021-09;0.5251
340285351737204923;2021-09;0.4939
340285351737204923;2021-09;0.4905
340285351737204923;2021-09;0.4854
340285351737204923;2021-09;0.4902
340285351737204923;2021-09;0.4862
340285351737204923;2021-09;0.4809
340285351737204923;2021-10;0.4842
340285351737204923;2021-10;0.4842
340285351737204923;2021-10;0.4823
340285351737204923;2021-10;0.4823
345033315379741874;2021-09;0.1997
345033315379741874;2021-10;0.1853
345447888460137901;2021-07;0.4871
345447888460137901;2021-08;0.4932
345447888460137901;2021-09;0.4769
410843023337872279;2021-07;0.3102
410843023337872279;2021-07;0.3106
410843023337872279;2021-07;0.3106
410843023337872279;2021-08;0.6025
410843023337872279;2021-09;0.3143
410843023337872279;2021-09;0.3113
410843023337872279;2021-09;0.3119
410843023337872279;2021-10;0.5371
410843023337872279;2021-10;0.3029
410843023337872279;2021-10;0.3033
410843023337872279;2021-10;0.3088
410843023337872279;2021-11;0.3095
410843023337872279;2021-11;0.3044
411246418132008456;2021-07;0.1835
417157680860985231;2021-07;0.1489
417157680860985231;2021-07;0.1558
417157680860985231;2021-08;0.1385
417157680860985231;2021-08;0.1313
417157680860985231;2021-08;0.1316
417157680860985231;2021-08;0.1237
417157680860985231;2021-08;0.124
417157680860985231;2021-09;0.128
417157680860985231;2021-09;0.128
417157680860985231;2021-09;0.1352
417157680860985231;2021-09;0.1284
417157680860985231;2021-09;0.128
417157680860985231;2021-09;0.5029
417157680860985231;2021-09;0.128
417157680860985231;2021-09;0.128
417157680860985231;2021-10;0.1251
417157680860985231;2021-10;0.1255
417157680860985231;2021-10;0.1238
417157680860985231;2021-10;0.4678
417157680860985231;2021-10;0.1238
417157680860985231;2021-10;0.1238
417157680860985231;2021-10;0.1238
417157680860985231;2021-10;0.1238
417157680860985231;2021-11;0.1223
417157680860985231;2021-11;0.1223
417157680860985231;2021-11;0.1223
417157680860985231;2021-11;0.1223
417157680860985231;2021-11;0.1223
459290606780222306;2021-07;0.1561
459290606780222306;2021-07;0.1561
459290606780222306;2021-07;0.1583
459290606780222306;2021-07;0.1561
459290606780222306;2021-07;0.1561
459290606780222306;2021-07;0.1561
459290606780222306;2021-07;0.1523
459290606780222306;2021-07;0.1526
459290606780222306;2021-07;0.1526
459290606780222306;2021-07;0.1526
459290606780222306;2021-07;0.1526
459290606780222306;2021-07;0.1526
459290606780222306;2021-07;0.1526
459290606780222306;2021-08;0.1526
459290606780222306;2021-08;0.1526
459290606780222306;2021-08;0.1526
459290606780222306;2021-08;0.1526
459290606780222306;2021-08;0.1526
459290606780222306;2021-08;0.1526
459290606780222306;2021-08;0.1526
459290606780222306;2021-08;0.1526
459290606780222306;2021-08;0.1526
459290606780222306;2021-08;0.1526
459290606780222306;2021-08;0.1526
459290606780222306;2021-08;0.1526
459290606780222306;2021-08;0.1526
459290606780222306;2021-08;0.1526
459290606780222306;2021-08;0.1526
459290606780222306;2021-09;0.1819
459290606780222306;2021-09;0.1819
459290606780222306;2021-09;0.1819
459290606780222306;2021-09;0.1819
459290606780222306;2021-09;0.1819
459290606780222306;2021-09;0.1819
459290606780222306;2021-09;0.1987
459290606780222306;2021-09;0.1987
459290606780222306;2021-09;0.1987
459290606780222306;2021-09;0.1987
459290606780222306;2021-09;0.1987
459290606780222306;2021-09;0.1987
459290606780222306;2021-09;0.1987
459290606780222306;2021-09;0.1987
459290606780222306;2021-09;0.1987
459290606780222306;2021-10;0.1401
459290606780222306;2021-10;0.1401
459290606780222306;2021-10;0.1404
459290606780222306;2021-10;0.1404
459290606780222306;2021-10;0.1401
459290606780222306;2021-10;0.1401
459290606780222306;2021-10;0.1401
459290606780222306;2021-10;0.1401
459290606780222306;2021-10;0.1401
459290606780222306;2021-10;0.1401
459290606780222306;2021-10;0.1404
459290606780222306;2021-10;0.1401
459290606780222306;2021-11;0.1401
459290606780222306;2021-11;0.1401
459290606780222306;2021-11;0.1401
459290606780222306;2021-11;0.1401
459290606780222306;2021-11;0.1404
459290606780222306;2021-11;0.139
459290606780222306;2021-11;0.1384
459290606780222306;2021-11;0.1384
460993244124061972;2021-11;0.4981
460993244124061972;2021-11;0.4922
465309249432033993;2021-07;0.1599
465309249432033993;2021-07;0.1599
465309249432033993;2021-07;0.1599
465309249432033993;2021-07;0.1599
465309249432033993;2021-07;0.1664
465309249432033993;2021-08;0.1664
465309249432033993;2021-08;0.1664
465309249432033993;2021-08;0.1588
465309249432033993;2021-08;0.1584
465309249432033993;2021-08;0.1588
465309249432033993;2021-08;0.1584
465309249432033993;2021-08;0.1584
465309249432033993;2021-09;0.4485
465309249432033993;2021-09;0.1656
465309249432033993;2021-09;0.1759
465309249432033993;2021-10;0.1693
465309249432033993;2021-10;0.1687
465309249432033993;2021-10;0.1687
465309249432033993;2021-10;0.1683
465309249432033993;2021-11;0.2368
465309249432033993;2021-11;0.2368
465309249432033993;2021-11;0.2326
465309249432033993;2021-11;0.2368
472772897496154354;2021-07;0.1213
472772897496154354;2021-08;0.1213
472772897496154354;2021-08;0.1213
472772897496154354;2021-08;0.1213
472772897496154354;2021-08;0.1161
472772897496154354;2021-08;0.1165
472772897496154354;2021-09;0.1178
472772897496154354;2021-09;0.1178
472772897496154354;2021-09;0.1171
472772897496154354;2021-09;0.1175
472772897496154354;2021-10;0.1163
472772897496154354;2021-10;0.1236
472772897496154354;2021-11;0.1241
493667100055938118;2021-09;0.5346
493667100055938118;2021-11;0.5357
499242942549937267;2021-07;0.7532
499242942549937267;2021-07;0.746
499242942549937267;2021-07;0.744
499242942549937267;2021-07;0.7465
499242942549937267;2021-07;0.7465
499242942549937267;2021-07;0.7512
499242942549937267;2021-07;0.7465
499242942549937267;2021-07;0.7389
499242942549937267;2021-07;0.7317
499242942549937267;2021-07;0.733
499242942549937267;2021-07;0.7327
499242942549937267;2021-07;0.7354
499242942549937267;2021-07;0.7327
499242942549937267;2021-07;0.7302
499242942549937267;2021-07;0.7327
499242942549937267;2021-07;0.7327
499242942549937267;2021-07;0.7302
499242942549937267;2021-08;0.7098
499242942549937267;2021-08;0.7047
499242942549937267;2021-08;0.7098
499242942549937267;2021-08;0.7071
503021894071666233;2021-07;0.2607
503021894071666233;2021-08;0.2523
503021894071666233;2021-08;0.2475
503021894071666233;2021-08;0.2426
503021894071666233;2021-10;0.2239
503021894071666233;2021-10;0.2069
503021894071666233;2021-10;0.2052
503021894071666233;2021-10;0.2105
503021894071666233;2021-11;0.2081
510795635145114083;2021-07;0.3628
510795635145114083;2021-07;0.3631
510795635145114083;2021-07;0.3628
510795635145114083;2021-07;0.3599
510795635145114083;2021-07;0.3595
510795635145114083;2021-07;0.3601
510795635145114083;2021-07;0.3599
510795635145114083;2021-08;0.3599
510795635145114083;2021-08;0.3601
510795635145114083;2021-08;0.3599
510795635145114083;2021-08;0.3599
510795635145114083;2021-09;0.3892
510795635145114083;2021-09;0.3892
510795635145114083;2021-09;0.3892
510795635145114083;2021-09;0.3892
510795635145114083;2021-09;0.3953
510795635145114083;2021-09;0.395
510795635145114083;2021-10;0.3707
510795635145114083;2021-10;0.3703
510795635145114083;2021-10;0.3703
510795635145114083;2021-10;0.3676
510795635145114083;2021-11;0.3703
510795635145114083;2021-11;0.3703
510795635145114083;2021-11;0.3703
510795635145114083;2021-11;0.3706
510795635145114083;2021-11;0.3737
510795635145114083;2021-11;0.3734
511305041047444825;2021-07;0.5872
511305041047444825;2021-07;0.5848
511305041047444825;2021-07;0.5848
511305041047444825;2021-08;0.5863
511305041047444825;2021-09;0.7915
511305041047444825;2021-09;0.5863
511305041047444825;2021-09;0.5863
511305041047444825;2021-09;0.5863
511305041047444825;2021-10;0.575
511305041047444825;2021-10;0.575
511305041047444825;2021-10;0.5757
511305041047444825;2021-10;0.5745
511305041047444825;2021-11;0.5955
521351744568531135;2021-08;0.1794
521351744568531135;2021-09;0.1737
521351744568531135;2021-10;0.1731
521351744568531135;2021-10;0.172
521351744568531135;2021-11;0.1697
521351744568531135;2021-11;0.1697
524026009392362402;2021-07;0.1768
524026009392362402;2021-07;0.1768
524026009392362402;2021-08;0.1786
524026009392362402;2021-08;0.1786
524026009392362402;2021-09;0.485
524026009392362402;2021-09;0.1778
524026009392362402;2021-10;0.1916
524026009392362402;2021-10;0.5379
531805620371082364;2021-07;0.6172
531805620371082364;2021-08;0.6322
531805620371082364;2021-08;0.6308
531805620371082364;2021-09;0.8034
531805620371082364;2021-09;0.6322
531805620371082364;2021-09;0.6201
531805620371082364;2021-10;0.616
531805620371082364;2021-10;0.6128
531805620371082364;2021-10;0.608
531805620371082364;2021-11;0.7972
621182491555347581;2021-07;0.5807
621182491555347581;2021-07;0.5798
621182491555347581;2021-07;0.5746
621182491555347581;2021-07;0.5753
621182491555347581;2021-07;0.5753
621182491555347581;2021-07;0.5744
621182491555347581;2021-07;0.5753
621182491555347581;2021-08;0.5681
621182491555347581;2021-08;0.5675
621182491555347581;2021-08;0.5587
621182491555347581;2021-08;0.5632
621182491555347581;2021-08;0.558
621182491555347581;2021-08;0.5573
621182491555347581;2021-09;0.5518
621182491555347581;2021-09;0.5525
621182491555347581;2021-09;0.5521
621182491555347581;2021-09;0.7291
621182491555347581;2021-10;0.5458
621182491555347581;2021-10;0.5435
621182491555347581;2021-10;0.5428
621182491555347581;2021-10;0.5428
621182491555347581;2021-10;0.5109
621182491555347581;2021-10;0.5109
621182491555347581;2021-10;0.4994
621182491555347581;2021-11;0.5303
621182491555347581;2021-11;0.5301
621182491555347581;2021-11;0.5235
622073912578471754;2021-07;0.7371
622073912578471754;2021-07;0.7364
622073912578471754;2021-09;0.734
622073912578471754;2021-09;0.734
622073912578471754;2021-10;0.731
622073912578471754;2021-10;0.7256
622073912578471754;2021-10;0.7145
644457054514416604;2021-10;0.3625
644457054514416604;2021-10;0.3494
644457054514416604;2021-10;0.3385
652740132671309295;2021-07;0.3578
652740132671309295;2021-07;0.5081
652740132671309295;2021-07;0.3578
652740132671309295;2021-07;0.3583
652740132671309295;2021-07;0.3583
652740132671309295;2021-08;0.5135
652740132671309295;2021-09;0.3682
652740132671309295;2021-09;0.4911
652740132671309295;2021-10;0.3703
652740132671309295;2021-10;0.367
652740132671309295;2021-11;0.3632
652740132671309295;2021-11;0.3632
660382477567765256;2021-07;0.4244
660382477567765256;2021-07;0.4212
660382477567765256;2021-07;0.4244
660382477567765256;2021-08;0.4837
660382477567765256;2021-08;0.4942
660382477567765256;2021-08;0.4959
660382477567765256;2021-09;0.4592
660382477567765256;2021-09;0.4592
660382477567765256;2021-09;0.456
660382477567765256;2021-09;0.4589
660382477567765256;2021-09;0.4538
660382477567765256;2021-09;0.4544
660382477567765256;2021-09;0.4544
660382477567765256;2021-10;0.4145
660382477567765256;2021-10;0.4133
660382477567765256;2021-10;0.4173
660382477567765256;2021-10;0.4144
660382477567765256;2021-11;0.43
660382477567765256;2021-11;0.4282
662944582644865942;2021-07;0.4255
662944582644865942;2021-07;0.4289
662944582644865942;2021-08;0.4436
662944582644865942;2021-08;0.4496
662944582644865942;2021-08;0.45
662944582644865942;2021-08;0.4437
662944582644865942;2021-09;0.449
662944582644865942;2021-09;0.4454
662944582644865942;2021-09;0.4448
662944582644865942;2021-09;0.4448
662944582644865942;2021-09;0.449
662944582644865942;2021-09;0.4462
662944582644865942;2021-10;0.4517
662944582644865942;2021-10;0.4582
662944582644865942;2021-10;0.4586
662944582644865942;2021-10;0.4586
662944582644865942;2021-10;0.4394
662944582644865942;2021-11;0.4163
662944582644865942;2021-11;0.4156
662944582644865942;2021-11;0.4167
662944582644865942;2021-11;0.417
662944582644865942;2021-11;0.417
665505091521986356;2021-08;0.188
665505091521986356;2021-09;0.1745
665505091521986356;2021-09;0.1745
665505091521986356;2021-10;0.1727
665505091521986356;2021-10;0.1727
665505091521986356;2021-10;0.1727
665505091521986356;2021-11;0.1779
665505091521986356;2021-11;0.1779
665505091521986356;2021-11;0.1725
665854826624598350;2021-07;0.2122
665854826624598350;2021-07;0.1819
665854826624598350;2021-07;0.1874
665854826624598350;2021-08;0.2141
665854826624598350;2021-08;0.198
665854826624598350;2021-08;0.1838
665854826624598350;2021-08;0.1893
665854826624598350;2021-08;0.1893
665854826624598350;2021-08;0.1893
665854826624598350;2021-08;0.1893
665854826624598350;2021-08;0.1893
665854826624598350;2021-08;0.1893
665854826624598350;2021-09;0.2318
665854826624598350;2021-09;0.1898
665854826624598350;2021-09;0.2553
665854826624598350;2021-10;0.1898
665854826624598350;2021-10;0.1898
670573866376512619;2021-07;0.3807
670573866376512619;2021-07;0.3783
670573866376512619;2021-07;0.377
670573866376512619;2021-07;0.3711
670573866376512619;2021-10;0.3828
670573866376512619;2021-10;0.3828
682352428813668634;2021-07;0.4817
682352428813668634;2021-07;0.4858
682352428813668634;2021-07;0.4858
682352428813668634;2021-07;0.4817
682352428813668634;2021-07;0.4858
682352428813668634;2021-07;0.4858
682352428813668634;2021-07;0.4773
682352428813668634;2021-07;0.4773
682352428813668634;2021-07;0.4773
682352428813668634;2021-08;0.4576
682352428813668634;2021-08;0.4576
682352428813668634;2021-08;0.4576
682352428813668634;2021-08;0.4641
682352428813668634;2021-08;0.4641
682352428813668634;2021-08;0.4692
682352428813668634;2021-08;0.4692
682352428813668634;2021-08;0.4692
682352428813668634;2021-09;0.4798
682352428813668634;2021-09;0.4798
682352428813668634;2021-09;0.4798
682352428813668634;2021-09;0.4798
682352428813668634;2021-09;0.4798
682352428813668634;2021-09;0.4798
682352428813668634;2021-09;0.4798
682352428813668634;2021-09;0.4798
682352428813668634;2021-09;0.4798
682352428813668634;2021-09;0.4794
682352428813668634;2021-10;0.4889
682352428813668634;2021-10;0.4889
682352428813668634;2021-10;0.4889
682352428813668634;2021-10;0.4881
682352428813668634;2021-10;0.4881
682352428813668634;2021-10;0.4877
682352428813668634;2021-10;0.4881
682352428813668634;2021-10;0.4881
682352428813668634;2021-11;0.4685
682352428813668634;2021-11;0.4685
682352428813668634;2021-11;0.4685
682352428813668634;2021-11;0.4685
682352428813668634;2021-11;0.4685
682352428813668634;2021-11;0.4685
682352428813668634;2021-11;0.4681
682352428813668634;2021-11;0.4692
682352428813668634;2021-11;0.4689
683445437387317282;2021-07;0.1793
683445437387317282;2021-07;0.1858
683445437387317282;2021-07;0.1854
683445437387317282;2021-07;0.1912
683445437387317282;2021-07;0.1908
683445437387317282;2021-07;0.1912
683445437387317282;2021-08;0.1821
683445437387317282;2021-08;0.1821
683445437387317282;2021-08;0.1821
683445437387317282;2021-08;0.1821
683445437387317282;2021-09;0.1807
683445437387317282;2021-09;0.1807
683445437387317282;2021-09;0.1807
683445437387317282;2021-10;0.1803
683445437387317282;2021-10;0.1803
683445437387317282;2021-10;0.1803
683445437387317282;2021-10;0.1807
683445437387317282;2021-10;0.1803
683445437387317282;2021-10;0.1807
683445437387317282;2021-11;0.478
692350198401528327;2021-11;0.1608
696014079855281037;2021-07;0.5458
696014079855281037;2021-08;0.5333
696014079855281037;2021-08;0.5267
696014079855281037;2021-09;0.5484
696014079855281037;2021-09;0.5484
696014079855281037;2021-09;0.5446
696014079855281037;2021-09;0.538
696014079855281037;2021-09;0.5396
696014079855281037;2021-09;0.5431
696014079855281037;2021-09;0.5449
696014079855281037;2021-10;0.5308
696014079855281037;2021-10;0.5346
696014079855281037;2021-10;0.5298
696014079855281037;2021-10;0.5312
696014079855281037;2021-10;0.5346
696014079855281037;2021-11;0.6957
696014079855281037;2021-11;0.506
696014079855281037;2021-11;0.5045
705648002974742140;2021-07;0.4412
705648002974742140;2021-08;0.4412
705648002974742140;2021-11;0.4425
710593997981520423;2021-08;0.1706
710593997981520423;2021-09;0.1701
710593997981520423;2021-10;0.1625
710593997981520423;2021-10;0.1624
710593997981520423;2021-11;0.1658
717981637594591016;2021-07;0.1725
717981637594591016;2021-07;0.4387
717981637594591016;2021-07;0.1725
717981637594591016;2021-07;0.1725
717981637594591016;2021-07;0.1725
717981637594591016;2021-08;0.1748
717981637594591016;2021-08;0.1745
717981637594591016;2021-08;0.1745
717981637594591016;2021-09;0.1725
717981637594591016;2021-10;0.1799
717981637594591016;2021-10;0.2426
717981637594591016;2021-10;0.1745
717981637594591016;2021-10;0.1745
717981637594591016;2021-10;0.1745
761746217261797478;2021-07;0.1762
761746217261797478;2021-07;0.1762
761746217261797478;2021-07;0.1766
761746217261797478;2021-07;0.1762
761746217261797478;2021-07;0.1762
761746217261797478;2021-08;0.1871
761746217261797478;2021-08;0.4998
761746217261797478;2021-08;0.1874
761746217261797478;2021-08;0.1871
761746217261797478;2021-09;0.1871
761746217261797478;2021-09;0.1871
761746217261797478;2021-09;0.1871
761746217261797478;2021-09;0.1874
761746217261797478;2021-09;0.1871
761746217261797478;2021-10;0.1786
761746217261797478;2021-10;0.1786
761746217261797478;2021-10;0.184
761746217261797478;2021-10;0.184
761746217261797478;2021-11;0.184
761746217261797478;2021-11;0.184
780065359501679358;2021-11;0.3074
792560389712312178;2021-07;0.2716
792560389712312178;2021-07;0.2716
792560389712312178;2021-07;0.2727
792560389712312178;2021-07;0.2718
792560389712312178;2021-08;0.5034
792560389712312178;2021-08;0.2592
792560389712312178;2021-08;0.2585
792560389712312178;2021-08;0.2585
792560389712312178;2021-08;0.2592
792560389712312178;2021-09;0.2585
792560389712312178;2021-09;0.2577
792560389712312178;2021-09;0.2584
792560389712312178;2021-09;0.2577
792560389712312178;2021-09;0.2577
792560389712312178;2021-09;0.2584
792560389712312178;2021-10;0.2592
792560389712312178;2021-10;0.2599
792560389712312178;2021-11;0.2577
792560389712312178;2021-11;0.2591
792560389712312178;2021-11;0.2741
798425422240919854;2021-07;0.1926
798425422240919854;2021-07;0.1926
798425422240919854;2021-07;0.1926
798425422240919854;2021-08;0.1928
798425422240919854;2021-08;0.1928
798425422240919854;2021-08;0.1928
798425422240919854;2021-09;0.1949
798425422240919854;2021-09;0.1949
798425422240919854;2021-09;0.1949
798425422240919854;2021-09;0.1938
798425422240919854;2021-10;0.1928
798425422240919854;2021-10;0.1928
798425422240919854;2021-11;0.1926
819552547620904652;2021-07;0.5496
819552547620904652;2021-07;0.5287
819552547620904652;2021-07;0.5022
819552547620904652;2021-07;0.5002
819552547620904652;2021-08;0.4862
819552547620904652;2021-08;0.4841
819552547620904652;2021-08;0.4623
819552547620904652;2021-08;0.4623
819552547620904652;2021-08;0.4592
819552547620904652;2021-09;0.6874
819552547620904652;2021-09;0.4508
819552547620904652;2021-10;0.4354
819552547620904652;2021-10;0.365
819552547620904652;2021-10;0.3598
819552547620904652;2021-10;0.3525
819552547620904652;2021-10;0.3456
819552547620904652;2021-10;0.3236
819552547620904652;2021-10;0.3236
819552547620904652;2021-10;0.3177
819552547620904652;2021-11;0.3239
824632039241482307;2021-10;0.2813
835441927760881602;2021-07;0.711
835441927760881602;2021-07;0.7044
835441927760881602;2021-07;0.7044
835441927760881602;2021-07;0.7044
835441927760881602;2021-07;0.7044
835441927760881602;2021-08;0.7044
835441927760881602;2021-08;0.7044
835441927760881602;2021-08;0.7044
835441927760881602;2021-08;0.7044
835441927760881602;2021-09;0.7031
835441927760881602;2021-09;0.7031
835441927760881602;2021-09;0.7031
835441927760881602;2021-09;0.7033
835441927760881602;2021-09;0.7033
835441927760881602;2021-10;0.7053
835441927760881602;2021-10;0.7053
835441927760881602;2021-10;0.7059
835441927760881602;2021-10;0.7059
835441927760881602;2021-10;0.7059
835441927760881602;2021-11;0.7153
837142477962609471;2021-07;0.1392
837142477962609471;2021-07;0.1392
837142477962609471;2021-08;0.1391
837142477962609471;2021-08;0.1402
837142477962609471;2021-08;0.1402
837142477962609471;2021-09;0.1392
837142477962609471;2021-09;0.1416
837142477962609471;2021-09;0.1416
837142477962609471;2021-09;0.1416
837142477962609471;2021-09;0.1416
837142477962609471;2021-09;0.1416
837142477962609471;2021-09;0.1416
837142477962609471;2021-09;0.1416
837142477962609471;2021-10;0.1416
837142477962609471;2021-10;0.1416
837142477962609471;2021-10;0.1405
837142477962609471;2021-10;0.1405
837142477962609471;2021-11;0.1468
837142477962609471;2021-11;0.1468
837142477962609471;2021-11;0.1468
843896882208504179;2021-08;0.8406
843896882208504179;2021-10;0.8338
851897122328714307;2021-07;0.1573
851897122328714307;2021-07;0.1569
851897122328714307;2021-07;0.1573
851897122328714307;2021-08;0.1569
851897122328714307;2021-08;0.1569
851897122328714307;2021-10;0.1633
864510931144626280;2021-07;0.2623
864510931144626280;2021-08;0.438
864510931144626280;2021-08;0.2872
864510931144626280;2021-08;0.2841
864510931144626280;2021-09;0.262
864510931144626280;2021-09;0.262
864510931144626280;2021-09;0.262
864510931144626280;2021-09;0.262
864510931144626280;2021-09;0.262
864510931144626280;2021-10;0.2608
864510931144626280;2021-11;0.2827
866011924076225884;2021-10;0.1993
873223039957991123;2021-08;0.2569
873223039957991123;2021-08;0.1797
873223039957991123;2021-09;0.1902
873223039957991123;2021-10;0.2589
903093877129717133;2021-07;0.2069
903093877129717133;2021-07;0.2069
903093877129717133;2021-07;0.2144
903093877129717133;2021-07;0.2144
903093877129717133;2021-07;0.2144
903093877129717133;2021-08;0.4313
903093877129717133;2021-08;0.2066
903093877129717133;2021-08;0.2069
903093877129717133;2021-08;0.2069
903093877129717133;2021-08;0.2069
903093877129717133;2021-09;0.2099
903093877129717133;2021-09;0.2099
903093877129717133;2021-09;0.2099
903093877129717133;2021-09;0.2099
903093877129717133;2021-09;0.2173
903093877129717133;2021-09;0.2173
903093877129717133;2021-09;0.2173
903093877129717133;2021-09;0.2173
903093877129717133;2021-09;0.2173
903093877129717133;2021-10;0.2182
903093877129717133;2021-10;0.2182
903093877129717133;2021-10;0.2182
903093877129717133;2021-10;0.2182
903093877129717133;2021-10;0.2179
903093877129717133;2021-10;0.2182
903093877129717133;2021-10;0.2182
903093877129717133;2021-10;0.2182
903093877129717133;2021-11;0.2199
903093877129717133;2021-11;0.2124
903093877129717133;2021-11;0.2124
903093877129717133;2021-11;0.212
903093877129717133;2021-11;0.2124
904857901361577913;2021-09;0.2778
904857901361577913;2021-11;0.2452
904857901361577913;2021-11;0.2466
922040072471333951;2021-10;0.387
924957821424248698;2021-07;0.1852
924957821424248698;2021-07;0.1852
924957821424248698;2021-07;0.1852
924957821424248698;2021-07;0.1852
924957821424248698;2021-07;0.1855
924957821424248698;2021-07;0.1852
924957821424248698;2021-07;0.1852
924957821424248698;2021-08;0.1842
924957821424248698;2021-08;0.1842
924957821424248698;2021-08;0.1845
924957821424248698;2021-08;0.1842
924957821424248698;2021-08;0.1842
924957821424248698;2021-08;0.1842
924957821424248698;2021-09;0.1845
924957821424248698;2021-09;0.1792
924957821424248698;2021-10;0.1798
924957821424248698;2021-10;0.1798
924957821424248698;2021-10;0.1798
924957821424248698;2021-11;0.1937
924957821424248698;2021-11;0.1937
924957821424248698;2021-11;0.1954
940214356651040716;2021-07;0.6009
940214356651040716;2021-07;0.6034
940214356651040716;2021-07;0.6034
940214356651040716;2021-08;0.6142
940214356651040716;2021-09;0.6017
940214356651040716;2021-09;0.6017
940214356651040716;2021-09;0.5944
940214356651040716;2021-10;0.6604
940214356651040716;2021-11;0.5973
940214356651040716;2021-11;0.5973
957773253650890560;2021-11;0.5775
963687627963462983;2021-07;0.1118
963687627963462983;2021-07;0.462
963687627963462983;2021-07;0.1118
963687627963462983;2021-07;0.1107
963687627963462983;2021-08;0.1107
963687627963462983;2021-08;0.1107
963687627963462983;2021-08;0.1118
963687627963462983;2021-09;0.1117
963687627963462983;2021-09;0.1117
963687627963462983;2021-09;0.1117
963687627963462983;2021-09;0.1117
963687627963462983;2021-10;0.1118
963687627963462983;2021-10;0.1118
963687627963462983;2021-10;0.1118
963687627963462983;2021-10;0.1155
963687627963462983;2021-10;0.1155
963687627963462983;2021-11;0.1165
963687627963462983;2021-11;0.117
968199235777440720;2021-07;0.1905
968199235777440720;2021-07;0.1905
968199235777440720;2021-07;0.1905
968199235777440720;2021-07;0.1905
968199235777440720;2021-07;0.1905
968199235777440720;2021-07;0.1905
968199235777440720;2021-07;0.1905
968199235777440720;2021-07;0.1905
968199235777440720;2021-07;0.189
968199235777440720;2021-07;0.189
968199235777440720;2021-07;0.189
968199235777440720;2021-07;0.189
968199235777440720;2021-07;0.189
968199235777440720;2021-08;0.1938
968199235777440720;2021-08;0.1938
968199235777440720;2021-08;0.1938
968199235777440720;2021-08;0.4977
968199235777440720;2021-08;0.1938
968199235777440720;2021-08;0.1938
968199235777440720;2021-08;0.1938
968199235777440720;2021-08;0.1915
968199235777440720;2021-08;0.1915
968199235777440720;2021-08;0.1915
968199235777440720;2021-08;0.1915
968199235777440720;2021-08;0.1915
968199235777440720;2021-09;0.1867
968199235777440720;2021-09;0.1867
968199235777440720;2021-09;0.1867
968199235777440720;2021-09;0.1905
968199235777440720;2021-09;0.1905
968199235777440720;2021-09;0.1905
968199235777440720;2021-09;0.1905
968199235777440720;2021-09;0.1928
968199235777440720;2021-09;0.1928
968199235777440720;2021-09;0.1928
968199235777440720;2021-09;0.1928
968199235777440720;2021-09;0.1928
968199235777440720;2021-09;0.1928
968199235777440720;2021-09;0.1985
968199235777440720;2021-10;0.1928
968199235777440720;2021-10;0.1928
968199235777440720;2021-10;0.1928
968199235777440720;2021-10;0.1928
968199235777440720;2021-10;0.1928
968199235777440720;2021-10;0.1928
968199235777440720;2021-11;0.2055
968199235777440720;2021-11;0.2055
968199235777440720;2021-11;0.2131
968199235777440720;2021-11;0.2055
968199235777440720;2021-11;0.2055
968400235888951633;2021-07;0.1608
968400235888951633;2021-07;0.1608
968400235888951633;2021-08;0.1587
968400235888951633;2021-08;0.1587
968400235888951633;2021-09;0.1565
968400235888951633;2021-09;0.1611
968400235888951633;2021-09;0.1607
968400235888951633;2021-10;0.1636
968400235888951633;2021-10;0.1632
968400235888951633;2021-10;0.1632
968400235888951633;2021-10;0.1632
968400235888951633;2021-10;0.1636
968400235888951633;2021-10;0.1601
968400235888951633;2021-11;0.1633
984915269987074754;2021-07;0.1795
984915269987074754;2021-08;0.2153
984915269987074754;2021-08;0.2157
984915269987074754;2021-08;0.2157
984915269987074754;2021-09;0.1794
984915269987074754;2021-09;0.179
984915269987074754;2021-09;0.4578
984915269987074754;2021-09;0.1794
984915269987074754;2021-09;0.179
984915269987074754;2021-09;0.1818
984915269987074754;2021-09;0.1814
984915269987074754;2021-09;0.1814
984915269987074754;2021-10;0.1816
984915269987074754;2021-10;0.1813
984915269987074754;2021-10;0.1813
984915269987074754;2021-10;0.1813
984915269987074754;2021-10;0.1816
984915269987074754;2021-10;0.1813
984915269987074754;2021-10;0.1816
984915269987074754;2021-10;0.1816
984915269987074754;2021-11;0.4781
984915269987074754;2021-11;0.1877
984915269987074754;2021-11;0.1877
988707525807573448;2021-08;0.1481
988707525807573448;2021-08;0.1406
988707525807573448;2021-09;0.1423
988707525807573448;2021-10;0.1414
988707525807573448;2021-10;0.1414
988707525807573448;2021-10;0.1414
993334998462320108;2021-11;0.5346
1000372849175668062;2021-08;0.1738
1000372849175668062;2021-08;0.1738
1000372849175668062;2021-08;0.5133
1000372849175668062;2021-08;0.1749
1000372849175668062;2021-09;0.173
1000372849175668062;2021-10;0.173
1000372849175668062;2021-10;0.173
1000372849175668062;2021-11;0.173
1002362614649347438;2021-07;0.2959
1002362614649347438;2021-07;0.2969
1002362614649347438;2021-07;0.291
1002362614649347438;2021-08;0.291
1002362614649347438;2021-08;0.291
1002362614649347438;2021-09;0.3286
1002362614649347438;2021-09;0.3286
1002362614649347438;2021-10;0.2896
1002362614649347438;2021-10;0.2896
1002362614649347438;2021-10;0.2896
1002362614649347438;2021-11;0.2896
1002362614649347438;2021-11;0.5814
1002362614649347438;2021-11;0.2838
1003144834589372198;2021-07;0.1701
1003144834589372198;2021-07;0.1701
1003144834589372198;2021-07;0.166
1003144834589372198;2021-07;0.1746
1003144834589372198;2021-07;0.1747
1003144834589372198;2021-08;0.1746
1003144834589372198;2021-08;0.1746
1003144834589372198;2021-08;0.1746
1003144834589372198;2021-08;0.1746
1003144834589372198;2021-08;0.1746
1003144834589372198;2021-08;0.1746
1003144834589372198;2021-08;0.1749
1003144834589372198;2021-08;0.1746
1003144834589372198;2021-09;0.1749
1003144834589372198;2021-09;0.1746
1003144834589372198;2021-09;0.1746
1003144834589372198;2021-09;0.1746
1003144834589372198;2021-09;0.1801
1003144834589372198;2021-09;0.1798
1003144834589372198;2021-10;0.1808
1003144834589372198;2021-10;0.1808
1003144834589372198;2021-10;0.1808
1003144834589372198;2021-10;0.177
1003144834589372198;2021-10;0.177
1003144834589372198;2021-10;0.1704
1003144834589372198;2021-10;0.1708
1003144834589372198;2021-10;0.1751
1003144834589372198;2021-10;0.1755
1003144834589372198;2021-10;0.1751
1003144834589372198;2021-10;0.1751
1003144834589372198;2021-11;0.1755
1003144834589372198;2021-11;0.1751
1003144834589372198;2021-11;0.1751
1003144834589372198;2021-11;0.1755
1003144834589372198;2021-11;0.1751
1003144834589372198;2021-11;0.1751
1003144834589372198;2021-11;0.1751
1003144834589372198;2021-11;0.1751
1003144834589372198;2021-11;0.1762
1028630885537616736;2021-08;0.2101
1028630885537616736;2021-10;0.2174
1028630885537616736;2021-10;0.21
1028630885537616736;2021-11;0.1857
1033361676287635885;2021-07;0.4832
1033361676287635885;2021-07;0.4832
1033361676287635885;2021-07;0.4832
1033361676287635885;2021-07;0.4849
1033361676287635885;2021-07;0.4849
1033361676287635885;2021-07;0.4651
1033361676287635885;2021-08;0.4669
1033361676287635885;2021-08;0.4669
1033361676287635885;2021-08;0.4669
1033361676287635885;2021-09;0.4651
1033361676287635885;2021-09;0.4633
1033361676287635885;2021-09;0.4633
1033361676287635885;2021-09;0.4633
1033361676287635885;2021-10;0.426
1033361676287635885;2021-10;0.426
1033361676287635885;2021-10;0.4255
1036256411320325774;2021-07;0.5002
1036256411320325774;2021-07;0.4982
1036256411320325774;2021-07;0.5014
1036256411320325774;2021-08;0.4961
1036256411320325774;2021-08;0.4961
1036256411320325774;2021-08;0.4961
1036256411320325774;2021-08;0.49
1036256411320325774;2021-08;0.4968
1036256411320325774;2021-08;0.49
1036256411320325774;2021-08;0.49
1036256411320325774;2021-09;0.5386
1036256411320325774;2021-09;0.5386
1036256411320325774;2021-09;0.5399
1036256411320325774;2021-09;0.5386
1036256411320325774;2021-09;0.5399
1036256411320325774;2021-10;0.4965
1036256411320325774;2021-10;0.4897
1036256411320325774;2021-10;0.4903
1036256411320325774;2021-10;0.4903
1036256411320325774;2021-10;0.4971
1036256411320325774;2021-11;0.493
1036256411320325774;2021-11;0.493
1036256411320325774;2021-11;0.4937
1036256411320325774;2021-11;0.4937
1036256411320325774;2021-11;0.493
1040994770557588198;2021-09;0.5185
1044568737046072781;2021-07;0.63
1044568737046072781;2021-09;0.6243
1044568737046072781;2021-09;0.6236
1044568737046072781;2021-09;0.624
1044568737046072781;2021-09;0.624
1044568737046072781;2021-09;0.6246
1044568737046072781;2021-10;0.613
1044568737046072781;2021-10;0.6137
1044568737046072781;2021-10;0.613
1044568737046072781;2021-10;0.5961
1044568737046072781;2021-11;0.6135
1044568737046072781;2021-11;0.5968
1044946691507317745;2021-08;0.205
1044946691507317745;2021-08;0.1931
1044946691507317745;2021-08;0.1917
1044946691507317745;2021-09;0.1914
1044946691507317745;2021-09;0.1914
1044946691507317745;2021-09;0.1917
1044946691507317745;2021-11;0.1877
1044946691507317745;2021-11;0.1877
1052398277967427422;2021-08;0.5413
1052398277967427422;2021-09;0.1763
1052398277967427422;2021-10;0.1766
1052398277967427422;2021-10;0.5104
1052398277967427422;2021-10;0.1802
1052398277967427422;2021-11;0.1803
1052398277967427422;2021-11;0.1803
1052398277967427422;2021-11;0.1767
1059336566956767188;2021-07;0.1719
1059336566956767188;2021-07;0.1715
1059336566956767188;2021-09;0.172
1069093308328204542;2021-07;0.2469
1069093308328204542;2021-08;0.2371
1069093308328204542;2021-10;0.2354
1069093308328204542;2021-10;0.2354
1069093308328204542;2021-10;0.2354
1069093308328204542;2021-10;0.235
1078687383992817574;2021-07;0.6256
1078687383992817574;2021-08;0.6261
1078687383992817574;2021-08;0.6261
1078687383992817574;2021-08;0.6261
1078687383992817574;2021-08;0.6261
1078687383992817574;2021-08;0.6261
1078687383992817574;2021-08;0.6267
1078687383992817574;2021-08;0.6225
1078687383992817574;2021-08;0.6233
1078687383992817574;2021-08;0.6225
1078687383992817574;2021-08;0.6231
1078687383992817574;2021-09;0.6225
1078687383992817574;2021-09;0.6225
1078687383992817574;2021-09;0.6231
1078687383992817574;2021-09;0.6225
1078687383992817574;2021-09;0.6141
1078687383992817574;2021-09;0.6141
1078687383992817574;2021-10;0.6065
1078687383992817574;2021-10;0.6065
1078687383992817574;2021-10;0.6065
1078687383992817574;2021-10;0.5999
1078687383992817574;2021-10;0.5961
1078687383992817574;2021-10;0.6065
1078687383992817574;2021-10;0.6065
1078687383992817574;2021-10;0.61
1088268935649917461;2021-07;0.2812
1088268935649917461;2021-07;0.2812
1088268935649917461;2021-07;0.2809
1088268935649917461;2021-08;0.631
1088268935649917461;2021-08;0.2798
1088268935649917461;2021-08;0.2781
1088268935649917461;2021-08;0.2781
1088268935649917461;2021-10;0.3106
1088521227159442264;2021-07;0.474
1088521227159442264;2021-07;0.4736
1088521227159442264;2021-07;0.474
1088521227159442264;2021-07;0.474
1088521227159442264;2021-07;0.474
1088521227159442264;2021-07;0.474
1088521227159442264;2021-08;0.4456
1088521227159442264;2021-08;0.4461
1088521227159442264;2021-09;0.4422
1088521227159442264;2021-09;0.4417
1088521227159442264;2021-09;0.4422
1088521227159442264;2021-09;0.4422
1088521227159442264;2021-09;0.4422
1088521227159442264;2021-09;0.4417
1088521227159442264;2021-09;0.4528
1088521227159442264;2021-09;0.4528
1088521227159442264;2021-09;0.4528
1088521227159442264;2021-10;0.4467
1088521227159442264;2021-10;0.4467
1088521227159442264;2021-10;0.4407
1088521227159442264;2021-10;0.4412
1088521227159442264;2021-10;0.4407
1088521227159442264;2021-10;0.4407
1088521227159442264;2021-11;0.4468
1088521227159442264;2021-11;0.4447
1088521227159442264;2021-11;0.6959
1088521227159442264;2021-11;0.4439
1093053069479288753;2021-08;0.5047
1093053069479288753;2021-11;0.4987
1097345589386012260;2021-07;0.1588
1097345589386012260;2021-07;0.1585
1097345589386012260;2021-07;0.1585
1097345589386012260;2021-08;0.1583
1097345589386012260;2021-08;0.1587
1097345589386012260;2021-09;0.1572
1097345589386012260;2021-10;0.1595
1097345589386012260;2021-10;0.1606
1097345589386012260;2021-10;0.1606
1097345589386012260;2021-11;0.1612
1097345589386012260;2021-11;0.1615
1097345589386012260;2021-11;0.1602
1104269683367198574;2021-07;0.2074
1104269683367198574;2021-07;0.2074
1104269683367198574;2021-08;0.2233
1104269683367198574;2021-09;0.2264
1104269683367198574;2021-10;0.2264
1104269683367198574;2021-10;0.4442
1104269683367198574;2021-10;0.221
1104269683367198574;2021-11;0.4553
1104269683367198574;2021-11;0.2229
1106971614386004604;2021-07;0.7226
1106971614386004604;2021-08;0.8434
1106971614386004604;2021-08;0.7085
1106971614386004604;2021-09;0.7015
1106971614386004604;2021-11;0.7046
1106971614386004604;2021-11;0.6996
1115703227712697214;2021-07;0.5847
1115703227712697214;2021-07;0.5847
1115703227712697214;2021-08;0.5853
1115703227712697214;2021-08;0.5839
1115703227712697214;2021-08;0.5839
1115703227712697214;2021-09;0.5846
1115703227712697214;2021-09;0.58
1115703227712697214;2021-09;0.5813
1115703227712697214;2021-10;0.5839
1115703227712697214;2021-10;0.5846
1115703227712697214;2021-10;0.5839
1115703227712697214;2021-10;0.583
1115703227712697214;2021-10;0.5826
1115703227712697214;2021-10;0.58
1115703227712697214;2021-11;0.5848
1115703227712697214;2021-11;0.5848
1117184216453911295;2021-07;0.4296
1117184216453911295;2021-07;0.4185
1117184216453911295;2021-07;0.4185
1117184216453911295;2021-07;0.4185
1117184216453911295;2021-07;0.4188
1117184216453911295;2021-08;0.6776
1117184216453911295;2021-08;0.6899
1117184216453911295;2021-08;0.4113
1117184216453911295;2021-08;0.4116
1117184216453911295;2021-09;0.6776
1117184216453911295;2021-09;0.4122
1117184216453911295;2021-10;0.6778
1117184216453911295;2021-10;0.689
1117184216453911295;2021-11;0.4048
1117184216453911295;2021-11;0.4072
1117184216453911295;2021-11;0.405
1118514612547157551;2021-07;0.7874
1118514612547157551;2021-07;0.7689
1118514612547157551;2021-07;0.7891
1118514612547157551;2021-07;0.7881
1118514612547157551;2021-07;0.7881
1118514612547157551;2021-08;0.7887
1118514612547157551;2021-08;0.7887
1118514612547157551;2021-08;0.7873
1118514612547157551;2021-08;0.7602
1118514612547157551;2021-09;0.7807
1118514612547157551;2021-09;0.7807
1118514612547157551;2021-09;0.7774
1118514612547157551;2021-09;0.7582
1118514612547157551;2021-09;0.7774
1118514612547157551;2021-09;0.7813
1118514612547157551;2021-09;0.7774
1118514612547157551;2021-10;0.8423
1118514612547157551;2021-10;0.7774
1118514612547157551;2021-10;0.7846
1119752495905732753;2021-10;0.4896
1129657311668961746;2021-07;0.2866
1129657311668961746;2021-07;0.2823
1129657311668961746;2021-08;0.2786
1129657311668961746;2021-08;0.2786
1129657311668961746;2021-08;0.2797
1129657311668961746;2021-09;0.2789
1129657311668961746;2021-09;0.2789
1129657311668961746;2021-10;0.3097
1129657311668961746;2021-11;0.3097
1141681690629134039;2021-07;0.178
1141681690629134039;2021-08;0.1823
1156053485989336481;2021-07;0.598
1156053485989336481;2021-07;0.598
1156053485989336481;2021-07;0.7665
1156053485989336481;2021-07;0.598
1156053485989336481;2021-07;0.598
1156053485989336481;2021-07;0.598
1156053485989336481;2021-07;0.5951
1156053485989336481;2021-07;0.5943
1156053485989336481;2021-07;0.5943
1156053485989336481;2021-07;0.5943
1156053485989336481;2021-08;0.5943
1156053485989336481;2021-08;0.5964
1156053485989336481;2021-08;0.5964
1156053485989336481;2021-08;0.5964
1156053485989336481;2021-08;0.5964
1156053485989336481;2021-08;0.5973
1156053485989336481;2021-08;0.5973
1156053485989336481;2021-08;0.5973
1156053485989336481;2021-08;0.5973
1156053485989336481;2021-08;0.5973
1156053485989336481;2021-08;0.5973
1156053485989336481;2021-08;0.5973
1156053485989336481;2021-08;0.5973
1156053485989336481;2021-08;0.5973
1156053485989336481;2021-08;0.5973
1156053485989336481;2021-08;0.5973
1156053485989336481;2021-08;0.5958
1156053485989336481;2021-08;0.5959
1156053485989336481;2021-08;0.5936
1156053485989336481;2021-08;0.5936
1156053485989336481;2021-08;0.5936
1156053485989336481;2021-08;0.5844
1156053485989336481;2021-08;0.5844
1156053485989336481;2021-08;0.5844
1156053485989336481;2021-08;0.5844
1156053485989336481;2021-08;0.5844
1156053485989336481;2021-08;0.5734
1156053485989336481;2021-08;0.5657
1156053485989336481;2021-08;0.5657
1156053485989336481;2021-08;0.5657
1156053485989336481;2021-08;0.5657
1156053485989336481;2021-08;0.5657
1156053485989336481;2021-08;0.5657
1156053485989336481;2021-08;0.5657
1156053485989336481;2021-08;0.5664
1156053485989336481;2021-08;0.5673
1156053485989336481;2021-08;0.5673
1156053485989336481;2021-08;0.5673
1156053485989336481;2021-08;0.5673
1156053485989336481;2021-08;0.5666
1156053485989336481;2021-08;0.5673
1156053485989336481;2021-08;0.5673
1156053485989336481;2021-08;0.5673
1156053485989336481;2021-08;0.5673
1156053485989336481;2021-08;0.5673
1156053485989336481;2021-08;0.5716
1156053485989336481;2021-08;0.5716
1156053485989336481;2021-08;0.5716
1156053485989336481;2021-08;0.5683
1156053485989336481;2021-08;0.561
1156053485989336481;2021-09;0.5584
1156053485989336481;2021-09;0.5584
1156053485989336481;2021-09;0.5584
1156053485989336481;2021-09;0.5584
1156053485989336481;2021-09;0.5584
1156053485989336481;2021-09;0.5584
1156053485989336481;2021-09;0.5584
1156053485989336481;2021-09;0.5584
1156053485989336481;2021-09;0.5584
1156053485989336481;2021-09;0.7386
1156053485989336481;2021-09;0.5584
1156053485989336481;2021-09;0.5584
1156053485989336481;2021-09;0.5584
1156053485989336481;2021-09;0.7386
1156053485989336481;2021-09;0.7386
1156053485989336481;2021-09;0.5584
1156053485989336481;2021-09;0.5584
1156053485989336481;2021-09;0.731
1156053485989336481;2021-09;0.5584
1156053485989336481;2021-09;0.5584
1156053485989336481;2021-09;0.5584
1156053485989336481;2021-09;0.5584
1156053485989336481;2021-09;0.5555
1156053485989336481;2021-09;0.5555
1156053485989336481;2021-09;0.5555
1156053485989336481;2021-09;0.5555
1156053485989336481;2021-09;0.5561
1156053485989336481;2021-09;0.5555
1156053485989336481;2021-09;0.5555
1156053485989336481;2021-09;0.5555
1156053485989336481;2021-09;0.5564
1156053485989336481;2021-09;0.5564
1156053485989336481;2021-09;0.5564
1156053485989336481;2021-09;0.5564
1156053485989336481;2021-09;0.5564
1156053485989336481;2021-09;0.5564
1156053485989336481;2021-09;0.5564
1156053485989336481;2021-09;0.5564
1156053485989336481;2021-09;0.557
1156053485989336481;2021-09;0.559
1156053485989336481;2021-09;0.559
1156053485989336481;2021-09;0.559
1156053485989336481;2021-09;0.5525
1156053485989336481;2021-09;0.5525
1156053485989336481;2021-09;0.5473
1156053485989336481;2021-09;0.5473
1156053485989336481;2021-09;0.5473
1156053485989336481;2021-09;0.5434
1156053485989336481;2021-09;0.5434
1156053485989336481;2021-09;0.5434
1156053485989336481;2021-09;0.5434
1156053485989336481;2021-09;0.5434
1156053485989336481;2021-09;0.5434
1156053485989336481;2021-09;0.5434
1156053485989336481;2021-09;0.544
1156053485989336481;2021-09;0.5434
1156053485989336481;2021-09;0.5317
1156053485989336481;2021-09;0.5184
1156053485989336481;2021-09;0.5184
1156053485989336481;2021-09;0.5025
1156053485989336481;2021-09;0.5018
1156053485989336481;2021-09;0.5025
1156053485989336481;2021-09;0.4972
1156053485989336481;2021-09;0.4996
1156053485989336481;2021-09;0.4996
1156053485989336481;2021-09;0.4996
1156053485989336481;2021-09;0.4996
1156053485989336481;2021-09;0.4996
1156053485989336481;2021-09;0.4996
1156053485989336481;2021-10;0.4996
1156053485989336481;2021-10;0.4989
1156053485989336481;2021-10;0.4949
1156053485989336481;2021-10;0.4949
1156053485989336481;2021-10;0.4949
1156053485989336481;2021-10;0.4949
1156053485989336481;2021-10;0.4949
1156053485989336481;2021-10;0.4949
1156053485989336481;2021-10;0.4949
1156053485989336481;2021-10;0.6992
1156053485989336481;2021-10;0.691
1156053485989336481;2021-10;0.4949
1156053485989336481;2021-10;0.4931
1156053485989336481;2021-10;0.4924
1156053485989336481;2021-10;0.4931
1156053485989336481;2021-10;0.4931
1156053485989336481;2021-10;0.4924
1156053485989336481;2021-10;0.4931
1156053485989336481;2021-10;0.4931
1156053485989336481;2021-10;0.4931
1156053485989336481;2021-10;0.4931
1156053485989336481;2021-10;0.4924
1156053485989336481;2021-10;0.4931
1156053485989336481;2021-10;0.4931
1156053485989336481;2021-10;0.4931
1156053485989336481;2021-10;0.4931
1156053485989336481;2021-10;0.4931
1156053485989336481;2021-10;0.4931
1156053485989336481;2021-10;0.4931
1156053485989336481;2021-10;0.4927
1156053485989336481;2021-10;0.4927
1156053485989336481;2021-10;0.4927
1156053485989336481;2021-10;0.4927
1156053485989336481;2021-10;0.4927
1156053485989336481;2021-10;0.4933
1156053485989336481;2021-10;0.4927
1156053485989336481;2021-10;0.492
1156053485989336481;2021-10;0.4927
1156053485989336481;2021-10;0.4847
1156053485989336481;2021-10;0.4824
1156053485989336481;2021-10;0.4824
1156053485989336481;2021-10;0.4824
1156053485989336481;2021-10;0.4824
1156053485989336481;2021-10;0.5051
1156053485989336481;2021-10;0.4824
1156053485989336481;2021-10;0.4817
1156053485989336481;2021-10;0.4824
1156053485989336481;2021-10;0.4824
1156053485989336481;2021-10;0.4824
1156053485989336481;2021-10;0.4824
1156053485989336481;2021-10;0.4817
1156053485989336481;2021-11;0.5021
1156053485989336481;2021-11;0.5021
1156053485989336481;2021-11;0.5012
1156053485989336481;2021-11;0.5021
1156053485989336481;2021-11;0.5021
1156053485989336481;2021-11;0.5059
1156053485989336481;2021-11;0.5059
1156053485989336481;2021-11;0.5021
1156053485989336481;2021-11;0.5021
1156053485989336481;2021-11;0.5021
1156053485989336481;2021-11;0.5021
1156053485989336481;2021-11;0.5021
1156053485989336481;2021-11;0.5021
1156053485989336481;2021-11;0.5012
1156053485989336481;2021-11;0.7102
1156053485989336481;2021-11;0.5021
1156053485989336481;2021-11;0.5059
1156053485989336481;2021-11;0.5021
1156053485989336481;2021-11;0.5021
1156053485989336481;2021-11;0.5059
1156053485989336481;2021-11;0.5021
1156053485989336481;2021-11;0.5059
1156053485989336481;2021-11;0.5055
1156053485989336481;2021-11;0.5055
1156053485989336481;2021-11;0.5049
1156053485989336481;2021-11;0.506
1156053485989336481;2021-11;0.5029
1156053485989336481;2021-11;0.506
1156053485989336481;2021-11;0.5023
1156053485989336481;2021-11;0.4891
1156053485989336481;2021-11;0.4855
1156053485989336481;2021-11;0.4896
1156053485989336481;2021-11;0.4855
1166653268490470189;2021-08;0.2533
1166653268490470189;2021-08;0.2376
1182975716201409626;2021-07;0.1557
1182975716201409626;2021-07;0.4965
1182975716201409626;2021-07;0.1557
1182975716201409626;2021-07;0.1557
1182975716201409626;2021-07;0.1557
1182975716201409626;2021-07;0.1546
1182975716201409626;2021-07;0.1546
1182975716201409626;2021-08;0.1537
1182975716201409626;2021-08;0.1534
1182975716201409626;2021-08;0.1537
1182975716201409626;2021-08;0.1537
1182975716201409626;2021-08;0.1537
1182975716201409626;2021-09;0.1536
1182975716201409626;2021-09;0.1536
1182975716201409626;2021-09;0.1536
1182975716201409626;2021-09;0.1536
1182975716201409626;2021-09;0.1536
1182975716201409626;2021-10;0.155
1182975716201409626;2021-10;0.155
1182975716201409626;2021-10;0.155
1182975716201409626;2021-10;0.155
1182975716201409626;2021-10;0.155
1182975716201409626;2021-10;0.5173
1182975716201409626;2021-10;0.1574
1182975716201409626;2021-11;0.1917
1182975716201409626;2021-11;0.1917
1182975716201409626;2021-11;0.1917
1182975716201409626;2021-11;0.1917
1182975716201409626;2021-11;0.1917
1192810733461560329;2021-07;0.1161
1192810733461560329;2021-09;0.1183
1192810733461560329;2021-09;0.1183
1192810733461560329;2021-09;0.1183
1192810733461560329;2021-09;0.1183
1192810733461560329;2021-09;0.1183
1192810733461560329;2021-09;0.1183
1192810733461560329;2021-09;0.111
1192810733461560329;2021-09;0.111
1192810733461560329;2021-10;0.1124
1192810733461560329;2021-10;0.1459
1192810733461560329;2021-10;0.1124
1192810733461560329;2021-10;0.112
1192810733461560329;2021-10;0.1291
1192810733461560329;2021-11;0.1133
1192810733461560329;2021-11;0.1133
1192810733461560329;2021-11;0.1133
1192810733461560329;2021-11;0.1133
1192891347324061812;2021-07;0.2934
1192891347324061812;2021-07;0.2923
1192891347324061812;2021-07;0.2923
1192891347324061812;2021-07;0.2923
1192891347324061812;2021-07;0.2923
1192891347324061812;2021-07;0.2923
1192891347324061812;2021-07;0.2919
1192891347324061812;2021-07;0.2923
1192891347324061812;2021-08;0.3492
1192891347324061812;2021-08;0.3492
1192891347324061812;2021-08;0.3507
1192891347324061812;2021-08;0.3507
1192891347324061812;2021-08;0.3507
1192891347324061812;2021-09;0.292
1192891347324061812;2021-09;0.292
1192891347324061812;2021-09;0.292
1192891347324061812;2021-09;0.292
1192891347324061812;2021-09;0.292
1192891347324061812;2021-09;0.292
1192891347324061812;2021-09;0.292
1192891347324061812;2021-09;0.2883
1192891347324061812;2021-09;0.2883
1192891347324061812;2021-09;0.2883
1192891347324061812;2021-10;0.2923
1192891347324061812;2021-10;0.2923
1192891347324061812;2021-10;0.296
1192891347324061812;2021-10;0.296
1192891347324061812;2021-10;0.296
1192891347324061812;2021-10;0.296
1192891347324061812;2021-10;0.296
1192891347324061812;2021-10;0.296
1192891347324061812;2021-11;0.3507
1192891347324061812;2021-11;0.3507
1192891347324061812;2021-11;0.3507
1192891347324061812;2021-11;0.3507
1192891347324061812;2021-11;0.3507
1192891347324061812;2021-11;0.3507
1192891347324061812;2021-11;0.3507
1192891347324061812;2021-11;0.3492
1192891347324061812;2021-11;0.3492
1192891347324061812;2021-11;0.3492
1192891347324061812;2021-11;0.3495
1207306324957395736;2021-08;0.7122
1210783884008131648;2021-07;0.1755
1210783884008131648;2021-07;0.1755
1210783884008131648;2021-07;0.1755
1210783884008131648;2021-07;0.1755
1210783884008131648;2021-07;0.1755
1210783884008131648;2021-07;0.1755
1210783884008131648;2021-09;0.1755
1210783884008131648;2021-10;0.1775
1210783884008131648;2021-11;0.1775
1210783884008131648;2021-11;0.1775
1210783884008131648;2021-11;0.1786
1219954496802643881;2021-10;0.5146
1234611356650812259;2021-07;0.2938
1234611356650812259;2021-09;0.263
1234611356650812259;2021-09;0.2637
1234611356650812259;2021-10;0.2508
1235244772550233980;2021-07;0.1825
1235244772550233980;2021-07;0.1838
1235244772550233980;2021-07;0.1842
1235244772550233980;2021-07;0.1954
1235244772550233980;2021-08;0.1961
1235244772550233980;2021-08;0.1936
1235244772550233980;2021-08;0.1824
1235244772550233980;2021-08;0.1824
1235244772550233980;2021-09;0.1811
1235244772550233980;2021-09;0.1811
1235244772550233980;2021-10;0.1819
1235244772550233980;2021-10;0.186
1235244772550233980;2021-10;0.186
1235244772550233980;2021-10;0.186
1235244772550233980;2021-11;0.1872
1235244772550233980;2021-11;0.1858
1235244772550233980;2021-11;0.1814
1235244772550233980;2021-11;0.1814
1239032704486561936;2021-11;0.5346
1239032704486561936;2021-11;0.5208
1246864346193559124;2021-11;0.4634
1253437108265925705;2021-07;0.1567
1253437108265925705;2021-07;0.1567
1253437108265925705;2021-07;0.1567
1253437108265925705;2021-07;0.1522
1253437108265925705;2021-07;0.1519
1253437108265925705;2021-07;0.1522
1253437108265925705;2021-08;0.4867
1253437108265925705;2021-08;0.1543
1253437108265925705;2021-09;0.1519
1253437108265925705;2021-09;0.1519
1253437108265925705;2021-09;0.1519
1253437108265925705;2021-09;0.1519
1253437108265925705;2021-09;0.1519
1253437108265925705;2021-10;0.1613
1253437108265925705;2021-10;0.1613
1253437108265925705;2021-10;0.1613
1253437108265925705;2021-10;0.1616
1253437108265925705;2021-11;0.1613
1253437108265925705;2021-11;0.1613
1269153452773908541;2021-07;0.1453
1269153452773908541;2021-08;0.1308
1269153452773908541;2021-10;0.1321
1269153452773908541;2021-11;0.1283
1269153452773908541;2021-11;0.1272
1272921915900711149;2021-07;0.1548
1272921915900711149;2021-07;0.1548
1272921915900711149;2021-08;0.1547
1272921915900711149;2021-08;0.1547
1272921915900711149;2021-08;0.1547
1272921915900711149;2021-09;0.1547
1272921915900711149;2021-09;0.1547
1272921915900711149;2021-09;0.1547
1272921915900711149;2021-10;0.1596
1272921915900711149;2021-10;0.1596
1273229638516517354;2021-07;0.3214
1273229638516517354;2021-08;0.3205
1273229638516517354;2021-08;0.3121
1273229638516517354;2021-09;0.3124
1273229638516517354;2021-10;0.3123
1276604410881911401;2021-07;0.5183
1276604410881911401;2021-07;0.5183
1276604410881911401;2021-07;0.5056
1276604410881911401;2021-07;0.5056
1276604410881911401;2021-07;0.5056
1276604410881911401;2021-07;0.5183
1276604410881911401;2021-07;0.5056
1276604410881911401;2021-07;0.5183
1276604410881911401;2021-07;0.5056
1276604410881911401;2021-07;0.5038
1276604410881911401;2021-07;0.5183
1276604410881911401;2021-07;0.5056
1276604410881911401;2021-07;0.5183
1276604410881911401;2021-07;0.5183
1276604410881911401;2021-07;0.5183
1276604410881911401;2021-08;0.4946
1276604410881911401;2021-08;0.4839
1276604410881911401;2021-08;0.4946
1276604410881911401;2021-08;0.4839
1276604410881911401;2021-08;0.4839
1276604410881911401;2021-08;0.4946
1276604410881911401;2021-08;0.4946
1276604410881911401;2021-08;0.4839
1276604410881911401;2021-08;0.4946
1276604410881911401;2021-08;0.4847
1276604410881911401;2021-08;0.4954
1276604410881911401;2021-08;0.4847
1276604410881911401;2021-08;0.4847
1276604410881911401;2021-08;0.4954
1276604410881911401;2021-08;0.4847
1276604410881911401;2021-08;0.4765
1276604410881911401;2021-08;0.4766
1276604410881911401;2021-08;0.4766
1276604410881911401;2021-08;0.4839
1276604410881911401;2021-08;0.4839
1276604410881911401;2021-08;0.4766
1276604410881911401;2021-09;0.5293
1276604410881911401;2021-09;0.5293
1276604410881911401;2021-09;0.5166
1276604410881911401;2021-09;0.5166
1276604410881911401;2021-09;0.5293
1276604410881911401;2021-09;0.5166
1276604410881911401;2021-09;0.5293
1276604410881911401;2021-09;0.5042
1276604410881911401;2021-09;0.5069
1276604410881911401;2021-09;0.4941
1276604410881911401;2021-09;0.5069
1276604410881911401;2021-09;0.4941
1276604410881911401;2021-09;0.4941
1276604410881911401;2021-10;0.4797
1276604410881911401;2021-10;0.4662
1276604410881911401;2021-10;0.4789
1276604410881911401;2021-10;0.4662
1276604410881911401;2021-10;0.5064
1276604410881911401;2021-10;0.5107
1276604410881911401;2021-10;0.5064
1276604410881911401;2021-10;0.5064
1276604410881911401;2021-10;0.5107
1276604410881911401;2021-11;0.4897
1276604410881911401;2021-11;0.4909
1276604410881911401;2021-11;0.4855
1285245417998627607;2021-08;0.6173
1285245417998627607;2021-10;0.6002
1292049196559782171;2021-07;0.463
1292049196559782171;2021-07;0.4545
1292049196559782171;2021-08;0.4545
1292049196559782171;2021-08;0.4545
1292049196559782171;2021-08;0.4545
1292049196559782171;2021-08;0.4545
1292049196559782171;2021-08;0.4608
1292049196559782171;2021-08;0.4523
1292049196559782171;2021-08;0.4523
1292049196559782171;2021-09;0.4523
1292049196559782171;2021-09;0.4373
1292049196559782171;2021-09;0.4414
1292049196559782171;2021-09;0.4373
1292049196559782171;2021-10;0.44
1292049196559782171;2021-10;0.44
1292049196559782171;2021-10;0.4482
1292049196559782171;2021-10;0.4482
1292049196559782171;2021-10;0.4482
1292049196559782171;2021-10;0.4441
1292049196559782171;2021-10;0.4527
1292049196559782171;2021-10;0.4482
1292049196559782171;2021-11;0.4421
1292049196559782171;2021-11;0.4484
1292049196559782171;2021-11;0.4484
1292049196559782171;2021-11;0.4484
1292049196559782171;2021-11;0.4484
1292049196559782171;2021-11;0.4615
1299146298565441811;2021-07;0.4474
1299146298565441811;2021-07;0.4448
1299146298565441811;2021-07;0.4466
1299146298565441811;2021-08;0.4617
1299146298565441811;2021-08;0.4624
1299146298565441811;2021-09;0.4427
1299146298565441811;2021-10;0.6945
1299146298565441811;2021-10;0.4513
1299146298565441811;2021-11;0.4418
1299146298565441811;2021-11;0.4275
1308019675417057675;2021-07;0.2694
1308019675417057675;2021-07;0.2694
1308019675417057675;2021-07;0.2712
1308019675417057675;2021-07;0.2712
1308019675417057675;2021-08;0.2632
1308019675417057675;2021-08;0.2614
1308019675417057675;2021-08;0.2614
1308019675417057675;2021-09;0.5131
1308019675417057675;2021-09;0.2682
1308019675417057675;2021-09;0.2682
1308019675417057675;2021-09;0.2682
1308019675417057675;2021-10;0.2606
1308019675417057675;2021-10;0.262
1308019675417057675;2021-10;0.2606
1308019675417057675;2021-10;0.2577
1308019675417057675;2021-10;0.2577
1308019675417057675;2021-10;0.2577
1308019675417057675;2021-11;0.2791
1308019675417057675;2021-11;0.2791
1310335287370721834;2021-10;0.631
1311488706225587300;2021-10;0.311
1329553496073467331;2021-07;0.164
1329553496073467331;2021-07;0.164
1329553496073467331;2021-08;0.163
1329553496073467331;2021-09;0.159
1329553496073467331;2021-10;0.1628
1329553496073467331;2021-10;0.1624
1334091158016312155;2021-08;0.2535
1334091158016312155;2021-09;0.2483
1334091158016312155;2021-10;0.2493
1343530446996409207;2021-07;0.1845
1343530446996409207;2021-07;0.1842
1343530446996409207;2021-07;0.1845
1343530446996409207;2021-08;0.1845
1343530446996409207;2021-08;0.1842
1343530446996409207;2021-08;0.1799
1343530446996409207;2021-08;0.1799
1343530446996409207;2021-08;0.1799
1343530446996409207;2021-09;0.1799
1343530446996409207;2021-09;0.1792
1343530446996409207;2021-09;0.1788
1343530446996409207;2021-09;0.1792
1343530446996409207;2021-10;0.1788
1343530446996409207;2021-10;0.1792
1343530446996409207;2021-11;0.1934
1343530446996409207;2021-11;0.1934
1357573192598249600;2021-07;0.4079
1357573192598249600;2021-07;0.4079
1357573192598249600;2021-07;0.4071
1357573192598249600;2021-07;0.4071
1357573192598249600;2021-08;0.4058
1357573192598249600;2021-08;0.4051
1357573192598249600;2021-08;0.4058
1357573192598249600;2021-08;0.4058
1357573192598249600;2021-08;0.4058
1357573192598249600;2021-08;0.4066
1357573192598249600;2021-08;0.4066
1357573192598249600;2021-09;0.4215
1357573192598249600;2021-09;0.4215
1357573192598249600;2021-09;0.4239
1366416810235233769;2021-07;0.1671
1366416810235233769;2021-07;0.1671
1366416810235233769;2021-07;0.1671
1366416810235233769;2021-07;0.4449
1366416810235233769;2021-07;0.1671
1366416810235233769;2021-07;0.1671
1366416810235233769;2021-07;0.1662
1366416810235233769;2021-07;0.1662
1366416810235233769;2021-08;0.1671
1366416810235233769;2021-09;0.1649
1366416810235233769;2021-09;0.1649
1366416810235233769;2021-10;0.1726
1366416810235233769;2021-10;0.1841
1366416810235233769;2021-10;0.1841
1366416810235233769;2021-10;0.1841
1366416810235233769;2021-11;0.4408
1366416810235233769;2021-11;0.1772
1366416810235233769;2021-11;0.1772
1368430815953333691;2021-07;0.6556
1368430815953333691;2021-07;0.6522
1368430815953333691;2021-08;0.6482
1368430815953333691;2021-09;0.6366
1368430815953333691;2021-10;0.6273
1368430815953333691;2021-10;0.6273
1396078312562623766;2021-08;0.745
1396078312562623766;2021-09;0.7202
1396078312562623766;2021-11;0.7294
1414132620714431952;2021-08;0.6954
1414132620714431952;2021-09;0.6954
1414132620714431952;2021-09;0.6937
1415340753324392369;2021-09;0.2176
1420529738304793615;2021-07;0.2646
1420529738304793615;2021-09;0.2507
1420529738304793615;2021-10;0.2393
1420529738304793615;2021-10;0.2254
1420529738304793615;2021-11;0.2068
1423952977138155129;2021-07;0.1779
1423952977138155129;2021-07;0.1768
1423952977138155129;2021-08;0.1768
1423952977138155129;2021-08;0.1768
1423952977138155129;2021-09;0.1787
1423952977138155129;2021-09;0.1787
1423952977138155129;2021-10;0.179
1430896989654626045;2021-07;0.4413
1430896989654626045;2021-07;0.4413
1430896989654626045;2021-07;0.4413
1430896989654626045;2021-08;0.4435
1430896989654626045;2021-08;0.4435
1430896989654626045;2021-08;0.4524
1430896989654626045;2021-08;0.4524
1430896989654626045;2021-09;0.4585
1430896989654626045;2021-11;0.4062
1430896989654626045;2021-11;0.4468
1430896989654626045;2021-11;0.6876
1430896989654626045;2021-11;0.4468
1430896989654626045;2021-11;0.4468
1430896989654626045;2021-11;0.4468
1430896989654626045;2021-11;0.4468
1454789421854453615;2021-07;0.5077
1454789421854453615;2021-07;0.5176
1454789421854453615;2021-07;0.5094
1454789421854453615;2021-07;0.5119
1454789421854453615;2021-07;0.5074
1454789421854453615;2021-07;0.5074
1454789421854453615;2021-07;0.5054
1454789421854453615;2021-07;0.505
1454789421854453615;2021-07;0.5054
1454789421854453615;2021-07;0.4852
1454789421854453615;2021-08;0.4852
1454789421854453615;2021-08;0.4852
1454789421854453615;2021-08;0.4852
1454789421854453615;2021-08;0.4852
1454789421854453615;2021-08;0.4848
1454789421854453615;2021-08;0.4848
1454789421854453615;2021-08;0.4846
1454789421854453615;2021-09;0.7296
1454789421854453615;2021-09;0.4846
1454789421854453615;2021-09;0.4852
1454789421854453615;2021-09;0.4846
1454789421854453615;2021-09;0.4833
1454789421854453615;2021-09;0.4844
1454789421854453615;2021-09;0.4844
1454789421854453615;2021-09;0.473
1454789421854453615;2021-09;0.473
1454789421854453615;2021-09;0.4685
1454789421854453615;2021-09;0.4685
1454789421854453615;2021-09;0.4685
1454789421854453615;2021-09;0.4685
1454789421854453615;2021-10;0.4725
1454789421854453615;2021-10;0.4715
1454789421854453615;2021-10;0.4761
1454789421854453615;2021-10;0.476
1454789421854453615;2021-10;0.476
1454789421854453615;2021-11;0.4713
1454789421854453615;2021-11;0.472
1454789421854453615;2021-11;0.7265
1454789421854453615;2021-11;0.4699
1454789421854453615;2021-11;0.4729
1454789421854453615;2021-11;0.4691
1462395707491634845;2021-09;0.7346
1462395707491634845;2021-11;0.7286
1462395707491634845;2021-11;0.7286
1467843186411742274;2021-07;0.7592
1467843186411742274;2021-08;0.5185
1467843186411742274;2021-08;0.5125
1467843186411742274;2021-09;0.4956
1467843186411742274;2021-10;0.4956
1467843186411742274;2021-10;0.4542
1467843186411742274;2021-10;0.4542
1467843186411742274;2021-11;0.4508
1467843186411742274;2021-11;0.4497
1477629972594346481;2021-07;0.3332
1477629972594346481;2021-07;0.6142
1477629972594346481;2021-07;0.3332
1477629972594346481;2021-07;0.3337
1477629972594346481;2021-08;0.3637
1477629972594346481;2021-08;0.6422
1477629972594346481;2021-08;0.3637
1477629972594346481;2021-08;0.3592
1477629972594346481;2021-08;0.3637
1477629972594346481;2021-09;0.334
1477629972594346481;2021-09;0.3314
1477629972594346481;2021-09;0.3314
1477629972594346481;2021-10;0.3314
1477629972594346481;2021-10;0.3271
1477629972594346481;2021-11;0.3271
1477629972594346481;2021-11;0.3271
1477629972594346481;2021-11;0.3275
1477629972594346481;2021-11;0.3272
1507697130807703164;2021-07;0.1937
1507697130807703164;2021-07;0.2038
1507697130807703164;2021-08;0.2065
1507697130807703164;2021-08;0.2065
1507697130807703164;2021-09;0.1926
1507697130807703164;2021-09;0.1926
1507697130807703164;2021-09;0.1926
1507697130807703164;2021-09;0.1937
1507697130807703164;2021-11;0.1939
1507697130807703164;2021-11;0.1939
1507697130807703164;2021-11;0.1928
1507697130807703164;2021-11;0.1928
1533755281771668509;2021-08;0.1603
1533755281771668509;2021-09;0.1614
1533755281771668509;2021-09;0.1614
1533755281771668509;2021-10;0.1632
1533755281771668509;2021-11;0.162
1533755281771668509;2021-11;0.1577
1536087798470875922;2021-07;0.6165
1536087798470875922;2021-07;0.6113
1536087798470875922;2021-07;0.6133
1536087798470875922;2021-07;0.6133
1536087798470875922;2021-07;0.6133
1536087798470875922;2021-07;0.6092
1536087798470875922;2021-07;0.6057
1536087798470875922;2021-08;0.6007
1536087798470875922;2021-08;0.6048
1536087798470875922;2021-08;0.6028
1536087798470875922;2021-08;0.6007
1536087798470875922;2021-08;0.6007
1536087798470875922;2021-08;0.6028
1536087798470875922;2021-08;0.6007
1536087798470875922;2021-08;0.6053
1536087798470875922;2021-09;0.5942
1536087798470875922;2021-09;0.5922
1536087798470875922;2021-09;0.58
1536087798470875922;2021-09;0.58
1536087798470875922;2021-09;0.58
1536087798470875922;2021-10;0.5988
1536087798470875922;2021-10;0.5947
1536087798470875922;2021-10;0.5947
1536087798470875922;2021-10;0.5988
1536087798470875922;2021-11;0.5827
1543875954928694094;2021-07;0.2581
1543875954928694094;2021-07;0.2581
1543875954928694094;2021-08;0.2561
1543875954928694094;2021-08;0.2561
1543875954928694094;2021-08;0.2565
1543875954928694094;2021-09;0.2565
1543875954928694094;2021-09;0.2565
1543875954928694094;2021-09;0.2565
1543875954928694094;2021-09;0.2561
1543875954928694094;2021-10;0.3299
1543875954928694094;2021-10;0.3299
1543875954928694094;2021-10;0.3314
1543875954928694094;2021-11;0.2553
1551531256789550891;2021-07;0.1801
1551531256789550891;2021-07;0.1801
1551531256789550891;2021-07;0.1801
1551531256789550891;2021-08;0.1844
1551531256789550891;2021-09;0.1901
1551531256789550891;2021-09;0.1853
1551531256789550891;2021-09;0.1853
1551531256789550891;2021-09;0.1853
1551531256789550891;2021-09;0.1853
1551531256789550891;2021-10;0.1801
1551531256789550891;2021-10;0.1794
1551531256789550891;2021-10;0.179
1551531256789550891;2021-11;0.179
1551531256789550891;2021-11;0.179
1553628056929342565;2021-07;0.4214
1553628056929342565;2021-07;0.4233
1553628056929342565;2021-07;0.4233
1553628056929342565;2021-07;0.4288
1553628056929342565;2021-08;0.5975
1553628056929342565;2021-08;0.4328
1553628056929342565;2021-08;0.4328
1553628056929342565;2021-08;0.4317
1553628056929342565;2021-08;0.4317
1553628056929342565;2021-09;0.4238
1553628056929342565;2021-09;0.4238
1574054842704135993;2021-08;0.2307
1579681122696922043;2021-07;0.3302
1579681122696922043;2021-08;0.3043
1579681122696922043;2021-08;0.3043
1579681122696922043;2021-10;0.2974
1592581784061157609;2021-11;0.2198
1611146298923153842;2021-07;0.1701
1611146298923153842;2021-07;0.1705
1611146298923153842;2021-07;0.1701
1611146298923153842;2021-08;0.1661
1611146298923153842;2021-08;0.1661
1611146298923153842;2021-09;0.2882
1611146298923153842;2021-09;0.1644
1611146298923153842;2021-09;0.1613
1611146298923153842;2021-09;0.1613
1611146298923153842;2021-10;0.1613
1611146298923153842;2021-10;0.1613
1611146298923153842;2021-11;0.1614
1613152204777372951;2021-07;0.3806
1613152204777372951;2021-07;0.3795
1613152204777372951;2021-08;0.3795
1613152204777372951;2021-08;0.3749
1613152204777372951;2021-09;0.3732
1613152204777372951;2021-11;0.372
1616952665234409442;2021-07;0.4835
1616952665234409442;2021-07;0.4632
1616952665234409442;2021-07;0.4633
1616952665234409442;2021-07;0.4633
1616952665234409442;2021-07;0.4632
1616952665234409442;2021-08;0.6892
1616952665234409442;2021-08;0.4232
1616952665234409442;2021-08;0.4232
1616952665234409442;2021-08;0.4218
1616952665234409442;2021-08;0.5599
1616952665234409442;2021-08;0.4217
1616952665234409442;2021-09;0.4232
1616952665234409442;2021-09;0.4231
1616952665234409442;2021-10;0.4171
1616952665234409442;2021-10;0.4937
1616952665234409442;2021-10;0.4164
1616952665234409442;2021-10;0.669
1616952665234409442;2021-10;0.6752
1616952665234409442;2021-10;0.6718
1616952665234409442;2021-10;0.4094
1616952665234409442;2021-10;0.4097
1616952665234409442;2021-10;0.4094
1616952665234409442;2021-10;0.4097
1616952665234409442;2021-10;0.4047
1616952665234409442;2021-10;0.3968
1616952665234409442;2021-10;0.3983
1616952665234409442;2021-10;0.3987
1616952665234409442;2021-10;0.3982
1616952665234409442;2021-10;0.3968
1616952665234409442;2021-10;0.3959
1616952665234409442;2021-10;0.3955
1616952665234409442;2021-10;0.3958
1616952665234409442;2021-11;0.5372
1616952665234409442;2021-11;0.4007
1616952665234409442;2021-11;0.4013
1617695035450525647;2021-07;0.1166
1617695035450525647;2021-07;0.1166
1617695035450525647;2021-07;0.1166
1617695035450525647;2021-07;0.1166
1617695035450525647;2021-07;0.1166
1617695035450525647;2021-07;0.1236
1617695035450525647;2021-07;0.1236
1617695035450525647;2021-07;0.1234
1617695035450525647;2021-07;0.1234
1617695035450525647;2021-07;0.1234
1617695035450525647;2021-07;0.1234
1617695035450525647;2021-07;0.1234
1617695035450525647;2021-07;0.1234
1617695035450525647;2021-07;0.1234
1617695035450525647;2021-07;0.1234
1617695035450525647;2021-08;0.1233
1617695035450525647;2021-08;0.1236
1617695035450525647;2021-08;0.1233
1617695035450525647;2021-08;0.1233
1617695035450525647;2021-08;0.1233
1617695035450525647;2021-08;0.1233
1617695035450525647;2021-08;0.1233
1617695035450525647;2021-08;0.1233
1617695035450525647;2021-08;0.1233
1617695035450525647;2021-08;0.1236
1617695035450525647;2021-08;0.1174
1617695035450525647;2021-09;0.1184
1617695035450525647;2021-09;0.183
1617695035450525647;2021-09;0.1184
1617695035450525647;2021-09;0.183
1617695035450525647;2021-09;0.1184
1617695035450525647;2021-09;0.1184
1617695035450525647;2021-09;0.1184
1617695035450525647;2021-10;0.1214
1617695035450525647;2021-10;0.1701
1617695035450525647;2021-10;0.1214
1617695035450525647;2021-10;0.1214
1617695035450525647;2021-10;0.1219
1617695035450525647;2021-10;0.1219
1617695035450525647;2021-10;0.1217
1617695035450525647;2021-10;0.1217
1617695035450525647;2021-10;0.1946
1617695035450525647;2021-10;0.1217
1617695035450525647;2021-11;0.1175
1617695035450525647;2021-11;0.1175
1617695035450525647;2021-11;0.1175
1617695035450525647;2021-11;0.1937
1617695035450525647;2021-11;0.1201
1637960623843047520;2021-07;0.6342
1637960623843047520;2021-07;0.631
1637960623843047520;2021-07;0.7818
1637960623843047520;2021-07;0.633
1637960623843047520;2021-07;0.6433
1637960623843047520;2021-07;0.7853
1637960623843047520;2021-07;0.6433
1637960623843047520;2021-07;0.6433
1637960623843047520;2021-07;0.6433
1637960623843047520;2021-07;0.6363
1637960623843047520;2021-08;0.6414
1637960623843047520;2021-08;0.6294
1637960623843047520;2021-08;0.6314
1637960623843047520;2021-08;0.6295
1637960623843047520;2021-08;0.7712
1637960623843047520;2021-09;0.7555
1637960623843047520;2021-09;0.602
1637960623843047520;2021-09;0.6007
1637960623843047520;2021-09;0.6078
1637960623843047520;2021-10;0.6115
1637960623843047520;2021-10;0.6095
1637960623843047520;2021-10;0.6012
1658487213084590146;2021-08;0.5527
1661240395903230676;2021-07;0.6187
1661240395903230676;2021-07;0.6187
1661240395903230676;2021-07;0.6194
1661240395903230676;2021-07;0.6187
1661240395903230676;2021-07;0.6173
1661240395903230676;2021-07;0.6173
1661240395903230676;2021-07;0.6173
1661240395903230676;2021-07;0.6162
1661240395903230676;2021-08;0.6417
1661240395903230676;2021-09;0.6175
1661240395903230676;2021-09;0.6175
1661240395903230676;2021-10;0.6133
1661240395903230676;2021-10;0.6133
1661240395903230676;2021-10;0.6139
1661240395903230676;2021-11;0.6152
1661240395903230676;2021-11;0.6152
1661240395903230676;2021-11;0.6152
1661240395903230676;2021-11;0.6152
1661240395903230676;2021-11;0.6152
1667173444642500307;2021-10;0.2155
1667173444642500307;2021-10;0.2011
1667173444642500307;2021-11;0.2
1668564607105585557;2021-09;0.5734
1674864668198542837;2021-07;0.6153
1674864668198542837;2021-07;0.6137
1678680306005074426;2021-07;0.1904
1678680306005074426;2021-07;0.1904
1678680306005074426;2021-07;0.1904
1678680306005074426;2021-07;0.189
1678680306005074426;2021-10;0.1838
1678680306005074426;2021-10;0.1838
1678680306005074426;2021-11;0.1877
1678680306005074426;2021-11;0.1877
1678680306005074426;2021-11;0.1847
1683619849073499603;2021-07;0.2216
1683619849073499603;2021-07;0.2216
1683619849073499603;2021-07;0.2202
1683619849073499603;2021-08;0.2322
1683619849073499603;2021-08;0.2336
1683619849073499603;2021-08;0.2322
1683619849073499603;2021-08;0.2336
1683619849073499603;2021-08;0.2322
1683619849073499603;2021-09;0.2234
1683619849073499603;2021-09;0.2234
1683619849073499603;2021-09;0.2234
1683619849073499603;2021-09;0.2234
1683619849073499603;2021-10;0.2225
1683619849073499603;2021-10;0.2225
1683619849073499603;2021-10;0.2225
1683619849073499603;2021-10;0.2211
1683619849073499603;2021-11;0.2332
1683619849073499603;2021-11;0.4875
1683619849073499603;2021-11;0.2318
1683619849073499603;2021-11;0.2318
1683619849073499603;2021-11;0.2381
1687017009357941608;2021-08;0.4731
1687017009357941608;2021-08;0.4893
1692423451726508456;2021-07;0.1786
1696462947583294958;2021-07;0.1969
1696462947583294958;2021-07;0.1969
1696462947583294958;2021-07;0.1969
1696462947583294958;2021-08;0.1953
1696462947583294958;2021-08;0.1953
1696462947583294958;2021-09;0.4534
1696462947583294958;2021-09;0.1999
1696462947583294958;2021-10;0.1975
1696462947583294958;2021-11;0.1946
1696462947583294958;2021-11;0.1946
1698828605814171242;2021-07;0.1762
1698828605814171242;2021-07;0.1762
1698828605814171242;2021-08;0.1762
1698828605814171242;2021-08;0.1762
1698828605814171242;2021-09;0.1772
1698828605814171242;2021-09;0.1772
1698828605814171242;2021-09;0.1772
1698828605814171242;2021-10;0.1775
1698828605814171242;2021-10;0.1742
1698828605814171242;2021-10;0.1742
1708019696828098378;2021-08;0.857
1708019696828098378;2021-08;0.857
1708019696828098378;2021-09;0.7868
1708019696828098378;2021-09;0.7871
1708019696828098378;2021-09;0.7866
1708019696828098378;2021-09;0.7866
1708019696828098378;2021-09;0.7866
1708019696828098378;2021-10;0.8997
1708019696828098378;2021-10;0.8259
1708019696828098378;2021-10;0.8253
1708019696828098378;2021-10;0.8253
1708019696828098378;2021-10;0.8241
1708019696828098378;2021-11;0.7824
1711114950158155307;2021-07;0.1792
1712483726555581515;2021-11;0.2028
1717812527056208209;2021-07;0.7495
1717812527056208209;2021-07;0.7462
1717812527056208209;2021-07;0.7462
1717812527056208209;2021-09;0.7472
1717812527056208209;2021-09;0.7472
1717812527056208209;2021-10;0.7435
1717812527056208209;2021-10;0.7456
1717812527056208209;2021-11;0.7456
1735718258017802778;2021-10;0.4638
1735718258017802778;2021-10;0.4623
1738460583932152602;2021-08;0.8639
1738460583932152602;2021-11;0.8366
1741049493106216406;2021-07;0.7171
1741049493106216406;2021-08;0.6862
1741049493106216406;2021-09;0.4062
1741049493106216406;2021-09;0.3968
1741049493106216406;2021-11;0.3555
1741049493106216406;2021-11;0.3559
1741049493106216406;2021-11;0.3576
1748142500108801439;2021-10;0.181
1757249986361236700;2021-08;0.1837
1767360303789815418;2021-07;0.1696
1767360303789815418;2021-11;0.21
1778014915038250584;2021-07;0.733
1778014915038250584;2021-07;0.7417
1778014915038250584;2021-07;0.7424
1778014915038250584;2021-08;0.7024
1778014915038250584;2021-08;0.6901
1778014915038250584;2021-09;0.7442
1778014915038250584;2021-10;0.7009
1788369195969129749;2021-07;0.1964
1788369195969129749;2021-07;0.1916
1788369195969129749;2021-08;0.1745
1788369195969129749;2021-09;0.1734
1788369195969129749;2021-09;0.1734
1788369195969129749;2021-09;0.1731
1788369195969129749;2021-09;0.1734
1788369195969129749;2021-10;0.1928
1788369195969129749;2021-10;0.1928
1788369195969129749;2021-11;0.175
1827463638348028912;2021-08;0.2222
1827463638348028912;2021-08;0.2191
1864367736036633256;2021-07;0.1925
1864367736036633256;2021-07;0.1925
1874361799315286610;2021-10;0.1388
1874361799315286610;2021-11;0.1387
1874361799315286610;2021-11;0.1439
1874387298050692165;2021-07;0.1566
1874387298050692165;2021-07;0.1569
1874387298050692165;2021-09;0.1607
1874387298050692165;2021-10;0.1614
1891145854263312840;2021-07;0.6842
1891145854263312840;2021-07;0.6835
1891145854263312840;2021-07;0.3881
1891145854263312840;2021-08;0.6411
1891145854263312840;2021-08;0.6332
1891145854263312840;2021-10;0.634
1891145854263312840;2021-11;0.3803
1945147145527703963;2021-07;0.2001
1945147145527703963;2021-07;0.2001
1945147145527703963;2021-08;0.2027
1945147145527703963;2021-08;0.2027
1945147145527703963;2021-08;0.2027
1945147145527703963;2021-09;0.2028
1951407691087813358;2021-07;0.1854
1951407691087813358;2021-07;0.1841
1951407691087813358;2021-07;0.1854
1951407691087813358;2021-08;0.1712
1951407691087813358;2021-08;0.1699
1951407691087813358;2021-08;0.1712
1951407691087813358;2021-09;0.1721
1951407691087813358;2021-09;0.1721
1951407691087813358;2021-09;0.1707
1951407691087813358;2021-10;0.4449
1951407691087813358;2021-10;0.1721
1951407691087813358;2021-11;0.1712
1951407691087813358;2021-11;0.1712
1951407691087813358;2021-11;0.1834
1953058402621337677;2021-07;0.2139
1953058402621337677;2021-07;0.2031
1953058402621337677;2021-07;0.2031
1953058402621337677;2021-07;0.2139
1953058402621337677;2021-07;0.2179
1953058402621337677;2021-07;0.2179
1953058402621337677;2021-07;0.207
1953058402621337677;2021-07;0.2121
1953058402621337677;2021-07;0.2655
1953058402621337677;2021-08;0.305
1953058402621337677;2021-08;0.2983
1953058402621337677;2021-08;0.3075
1953058402621337677;2021-08;0.2243
1953058402621337677;2021-08;0.2115
1953058402621337677;2021-08;0.2071
1953058402621337677;2021-09;0.1919
1953058402621337677;2021-10;0.2061
1953058402621337677;2021-10;0.2717
1953058402621337677;2021-10;0.2717
1953058402621337677;2021-10;0.1913
1956406515279457110;2021-08;0.217
1956406515279457110;2021-08;0.2071
1956406515279457110;2021-08;0.2057
1956406515279457110;2021-08;0.2031
1956406515279457110;2021-08;0.1917
1956406515279457110;2021-08;0.1818
1956406515279457110;2021-08;0.1801
1956406515279457110;2021-09;0.1788
1956406515279457110;2021-09;0.1788
1956406515279457110;2021-09;0.1788
1956406515279457110;2021-09;0.1788
1956406515279457110;2021-09;0.2549
1956406515279457110;2021-10;0.179
1956406515279457110;2021-10;0.179
1956406515279457110;2021-11;0.2576
1956406515279457110;2021-11;0.1814
1958660709350677213;2021-07;0.5558
1958660709350677213;2021-07;0.7062
1958660709350677213;2021-07;0.555
1958660709350677213;2021-08;0.5609
1958660709350677213;2021-08;0.5558
1958660709350677213;2021-08;0.5468
1958660709350677213;2021-09;0.5468
1958660709350677213;2021-09;0.5468
1958660709350677213;2021-09;0.5495
1958660709350677213;2021-09;0.7037
1958660709350677213;2021-09;0.7144
1958660709350677213;2021-10;0.7103
1958660709350677213;2021-10;0.6996
1958660709350677213;2021-10;0.5355
1958660709350677213;2021-11;0.5389
1963239178085807816;2021-10;0.159
1963239178085807816;2021-11;0.1536
1977574645216036803;2021-07;0.8912
1977574645216036803;2021-07;0.7962
1977574645216036803;2021-08;0.8
1977574645216036803;2021-08;0.8884
1977574645216036803;2021-08;0.7972
1977574645216036803;2021-09;0.7938
1977574645216036803;2021-10;0.7905
1977574645216036803;2021-11;0.8206
1977574645216036803;2021-11;0.8201
1977574645216036803;2021-11;0.8201
1997130697107291654;2021-08;0.5802
1997130697107291654;2021-08;0.5802
1997130697107291654;2021-10;0.5854
1997130697107291654;2021-10;0.5809
1997130697107291654;2021-11;0.5731
1998941557906036376;2021-07;0.3015
1998941557906036376;2021-07;0.302
1998941557906036376;2021-08;0.3028
1998941557906036376;2021-08;0.303
1998941557906036376;2021-09;0.3034
1998941557906036376;2021-09;0.3023
1998941557906036376;2021-10;0.2974
1998941557906036376;2021-10;0.2981
1998941557906036376;2021-10;0.2981
1998941557906036376;2021-10;0.2987
1998941557906036376;2021-11;0.2956
1998941557906036376;2021-11;0.2981
2003221759676247813;2021-07;0.1207
2003221759676247813;2021-08;0.1206
2003221759676247813;2021-08;0.1191
2003221759676247813;2021-10;0.1191
2003221759676247813;2021-11;0.1191
2003221759676247813;2021-11;0.1191
2006188298374001315;2021-07;0.1658
2006188298374001315;2021-07;0.1624
2006188298374001315;2021-07;0.162
2006188298374001315;2021-07;0.162
2006188298374001315;2021-08;0.1618
2006188298374001315;2021-09;0.1628
2006188298374001315;2021-09;0.1628
2006188298374001315;2021-09;0.1652
2006188298374001315;2021-09;0.1652
2006188298374001315;2021-10;0.1793
2006188298374001315;2021-10;0.1808
2006188298374001315;2021-10;0.1811
2006188298374001315;2021-11;0.1697
2012477868296377155;2021-07;0.1931
2012477868296377155;2021-07;0.1927
2012477868296377155;2021-07;0.1927
2012477868296377155;2021-07;0.1848
2012477868296377155;2021-07;0.1927
2012477868296377155;2021-08;0.193
2012477868296377155;2021-08;0.193
2012477868296377155;2021-08;0.193
2012477868296377155;2021-08;0.193
2012477868296377155;2021-08;0.2026
2012477868296377155;2021-08;0.1862
2012477868296377155;2021-09;0.2198
2012477868296377155;2021-10;0.2183
2012477868296377155;2021-10;0.2183
2012477868296377155;2021-10;0.2183
2012477868296377155;2021-10;0.247
2022367282554149730;2021-07;0.16
2022367282554149730;2021-07;0.16
2022367282554149730;2021-07;0.1667
2022367282554149730;2021-07;0.1667
2022367282554149730;2021-07;0.1667
2022367282554149730;2021-07;0.1667
2022367282554149730;2021-07;0.1667
2022367282554149730;2021-08;0.1534
2022367282554149730;2021-08;0.1534
2022367282554149730;2021-08;0.1534
2022367282554149730;2021-08;0.1534
2022367282554149730;2021-08;0.4416
2022367282554149730;2021-08;0.153
2022367282554149730;2021-08;0.1519
2022367282554149730;2021-08;0.1519
2022367282554149730;2021-08;0.1519
2022367282554149730;2021-08;0.1519
2022367282554149730;2021-08;0.1519
2022367282554149730;2021-09;0.1518
2022367282554149730;2021-09;0.1518
2022367282554149730;2021-09;0.1481
2022367282554149730;2021-09;0.1481
2022367282554149730;2021-09;0.1481
2022367282554149730;2021-09;0.1481
2022367282554149730;2021-09;0.1481
2022367282554149730;2021-10;0.15
2022367282554149730;2021-10;0.15
2022367282554149730;2021-10;0.15
2022367282554149730;2021-10;0.1496
2022367282554149730;2021-10;0.15
2022367282554149730;2021-10;0.15
2022367282554149730;2021-10;0.1537
2022367282554149730;2021-10;0.1537
2022367282554149730;2021-10;0.1537
2022367282554149730;2021-10;0.1533
2022367282554149730;2021-10;0.1533
2022367282554149730;2021-11;0.1518
2022367282554149730;2021-11;0.1514
2022367282554149730;2021-11;0.1514
2022367282554149730;2021-11;0.1518
2022367282554149730;2021-11;0.1518
2022367282554149730;2021-11;0.1514
2022367282554149730;2021-11;0.1518
2025898153078562640;2021-08;0.1814
2025898153078562640;2021-08;0.181
2025898153078562640;2021-10;0.1883
2025898153078562640;2021-11;0.181
2032592272238235730;2021-07;0.4982
2032592272238235730;2021-08;0.4982
2032592272238235730;2021-08;0.4943
2032592272238235730;2021-08;0.4904
2032592272238235730;2021-08;0.4939
2032592272238235730;2021-09;0.4968
2032592272238235730;2021-10;0.5739
2032592272238235730;2021-10;0.5718
2032592272238235730;2021-11;0.7643
2032592272238235730;2021-11;0.5372
2032592272238235730;2021-11;0.5356
2032592272238235730;2021-11;0.5242
2033394215069562776;2021-07;0.52
2033394215069562776;2021-07;0.5171
2033394215069562776;2021-07;0.5171
2033394215069562776;2021-07;0.5171
2033394215069562776;2021-07;0.5257
2033394215069562776;2021-07;0.5257
2033394215069562776;2021-07;0.5257
2033394215069562776;2021-07;0.5257
2033394215069562776;2021-08;0.5336
2033394215069562776;2021-08;0.5336
2033394215069562776;2021-09;0.5353
2033394215069562776;2021-09;0.5353
2033394215069562776;2021-09;0.5436
2033394215069562776;2021-10;0.5257
2033394215069562776;2021-10;0.5194
2033394215069562776;2021-10;0.5115
2033394215069562776;2021-10;0.5059
2033394215069562776;2021-10;0.524
2033394215069562776;2021-11;0.5059
2033394215069562776;2021-11;0.5059
2033394215069562776;2021-11;0.5059
2033394215069562776;2021-11;0.505
2033394215069562776;2021-11;0.5043
2083323809219952960;2021-07;0.2011
2083323809219952960;2021-07;0.2098
2083323809219952960;2021-07;0.2098
2083323809219952960;2021-07;0.2098
2083323809219952960;2021-07;0.1957
2083323809219952960;2021-07;0.2011
2083323809219952960;2021-07;0.1957
2083323809219952960;2021-07;0.2011
2083323809219952960;2021-07;0.2098
2083323809219952960;2021-07;0.2098
2083323809219952960;2021-07;0.1957
2083323809219952960;2021-07;0.2098
2083323809219952960;2021-07;0.2098
2083323809219952960;2021-07;0.1957
2083323809219952960;2021-07;0.1957
2083323809219952960;2021-08;0.2037
2083323809219952960;2021-08;0.2178
2083323809219952960;2021-08;0.2178
2083323809219952960;2021-08;0.2037
2083323809219952960;2021-08;0.2037
2083323809219952960;2021-08;0.2128
2083323809219952960;2021-08;0.2074
2083323809219952960;2021-08;0.2074
2083323809219952960;2021-08;0.2074
2083323809219952960;2021-08;0.2128
2083323809219952960;2021-08;0.2074
2083323809219952960;2021-09;0.2149
2083323809219952960;2021-09;0.2149
2083323809219952960;2021-09;0.2149
2083323809219952960;2021-09;0.2315
2083323809219952960;2021-09;0.2315
2083323809219952960;2021-09;0.2571
2083323809219952960;2021-09;0.2149
2083323809219952960;2021-09;0.2149
2083323809219952960;2021-09;0.2149
2083323809219952960;2021-09;0.2571
2083323809219952960;2021-09;0.2571
2083323809219952960;2021-09;0.2571
2083323809219952960;2021-09;0.2571
2083323809219952960;2021-09;0.2149
2083323809219952960;2021-09;0.2149
2083323809219952960;2021-09;0.2149
2083323809219952960;2021-10;0.2037
2083323809219952960;2021-10;0.2091
2083323809219952960;2021-10;0.2037
2083323809219952960;2021-10;0.2037
2083323809219952960;2021-10;0.2091
2083323809219952960;2021-10;0.2037
2083323809219952960;2021-10;0.2037
2083323809219952960;2021-10;0.2091
2083323809219952960;2021-10;0.2037
2083323809219952960;2021-10;0.2091
2083323809219952960;2021-10;0.2037
2083323809219952960;2021-10;0.2091
2083323809219952960;2021-10;0.2091
2083323809219952960;2021-11;0.1957
2083323809219952960;2021-11;0.1957
2083323809219952960;2021-11;0.1957
2083323809219952960;2021-11;0.1957
2088532321693492263;2021-07;0.5641
2088532321693492263;2021-07;0.5628
2088532321693492263;2021-08;0.7584
2088532321693492263;2021-08;0.5604
2088532321693492263;2021-08;0.5173
2088532321693492263;2021-08;0.5038
2088532321693492263;2021-09;0.7653
2088532321693492263;2021-09;0.5572
2088532321693492263;2021-10;0.496
2088532321693492263;2021-11;0.4896
2092588065958607289;2021-07;0.2079
2092588065958607289;2021-07;0.2095
2092588065958607289;2021-07;0.2095
2092588065958607289;2021-07;0.2079
2092588065958607289;2021-07;0.2095
2092588065958607289;2021-07;0.2147
2092588065958607289;2021-07;0.2088
2092588065958607289;2021-07;0.2072
2092588065958607289;2021-07;0.2088
2092588065958607289;2021-07;0.2088
2092588065958607289;2021-07;0.2088
2092588065958607289;2021-08;0.2181
2092588065958607289;2021-08;0.2181
2092588065958607289;2021-08;0.2181
2092588065958607289;2021-08;0.5379
2092588065958607289;2021-08;0.2181
2092588065958607289;2021-08;0.2181
2092588065958607289;2021-08;0.2181
2092588065958607289;2021-08;0.2181
2092588065958607289;2021-08;0.2181
2092588065958607289;2021-08;0.2181
2092588065958607289;2021-08;0.2181
2092588065958607289;2021-08;0.2181
2092588065958607289;2021-08;0.2181
2092588065958607289;2021-08;0.2181
2092588065958607289;2021-08;0.2181
2092588065958607289;2021-08;0.2181
2092588065958607289;2021-09;0.2055
2092588065958607289;2021-09;0.2041
2092588065958607289;2021-09;0.2041
2092588065958607289;2021-09;0.2055
2092588065958607289;2021-09;0.2055
2092588065958607289;2021-09;0.2055
2092588065958607289;2021-09;0.2055
2092588065958607289;2021-09;0.2055
2092588065958607289;2021-09;0.2055
2092588065958607289;2021-10;0.1994
2092588065958607289;2021-10;0.1994
2092588065958607289;2021-10;0.1994
2092588065958607289;2021-10;0.1994
2092588065958607289;2021-10;0.1994
2092588065958607289;2021-10;0.1994
2092588065958607289;2021-10;0.1994
2092588065958607289;2021-11;0.2106
2092588065958607289;2021-11;0.2106
2092588065958607289;2021-11;0.2106
2092588065958607289;2021-11;0.2121
2092588065958607289;2021-11;0.2121
2092588065958607289;2021-11;0.2121
2092588065958607289;2021-11;0.2121
2092588065958607289;2021-11;0.2121
2092588065958607289;2021-11;0.2121
2092588065958607289;2021-11;0.2121
2106875407768047316;2021-07;0.1613
2106875407768047316;2021-07;0.1616
2106875407768047316;2021-07;0.1616
2106875407768047316;2021-07;0.1616
2106875407768047316;2021-07;0.1599
2106875407768047316;2021-09;0.1886
2106875407768047316;2021-09;0.2031
2106875407768047316;2021-10;0.4951
2106875407768047316;2021-10;0.1668
2106875407768047316;2021-10;0.1654
2106875407768047316;2021-11;0.4891
2106875407768047316;2021-11;0.1671
2119292203323657032;2021-07;0.2074
2119292203323657032;2021-07;0.2074
2119292203323657032;2021-07;0.1983
2119292203323657032;2021-08;0.2043
2119292203323657032;2021-09;0.196
2119292203323657032;2021-09;0.1964
2119292203323657032;2021-09;0.1972
2119292203323657032;2021-09;0.1968
2119292203323657032;2021-09;0.1968
2119292203323657032;2021-10;0.2039
2119292203323657032;2021-10;0.2039
2119292203323657032;2021-10;0.2039
2119292203323657032;2021-10;0.2088
2123312420728961012;2021-09;0.2798
2123312420728961012;2021-10;0.2656
2123312420728961012;2021-10;0.2521
2123312420728961012;2021-10;0.243
2123312420728961012;2021-10;0.2277
2123312420728961012;2021-11;0.2061
2128970218770090704;2021-07;0.4688
2128970218770090704;2021-07;0.2011
2128970218770090704;2021-07;0.2011
2128970218770090704;2021-07;0.2011
2128970218770090704;2021-07;0.2011
2128970218770090704;2021-07;0.2011
2128970218770090704;2021-08;0.2009
2128970218770090704;2021-08;0.2049
2128970218770090704;2021-08;0.2009
2128970218770090704;2021-08;0.2023
2128970218770090704;2021-08;0.2015
2128970218770090704;2021-09;0.2012
2128970218770090704;2021-09;0.2012
2128970218770090704;2021-09;0.2012
2128970218770090704;2021-09;0.2012
2128970218770090704;2021-09;0.2012
2128970218770090704;2021-09;0.199
2128970218770090704;2021-09;0.199
2128970218770090704;2021-09;0.199
2128970218770090704;2021-09;0.199
2128970218770090704;2021-09;0.199
2128970218770090704;2021-09;0.199
2128970218770090704;2021-10;0.2022
2128970218770090704;2021-10;0.2009
2128970218770090704;2021-10;0.2009
2128970218770090704;2021-10;0.2009
2128970218770090704;2021-10;0.2009
2128970218770090704;2021-10;0.2009
2128970218770090704;2021-10;0.2009
2128970218770090704;2021-11;0.1983
2179772649873197365;2021-07;0.7021
2179772649873197365;2021-07;0.7502
2179772649873197365;2021-10;0.7094
2191990606593345695;2021-07;0.1742
2191990606593345695;2021-07;0.1725
2191990606593345695;2021-07;0.1728
2191990606593345695;2021-07;0.1663
2191990606593345695;2021-07;0.1663
2191990606593345695;2021-08;0.1663
2191990606593345695;2021-08;0.1663
2191990606593345695;2021-08;0.1663
2191990606593345695;2021-08;0.1663
2191990606593345695;2021-10;0.1708
2191990606593345695;2021-10;0.1708
2191990606593345695;2021-10;0.1708
2191990606593345695;2021-11;0.1743
2191990606593345695;2021-11;0.1689
2201150681962815877;2021-07;0.4587
2201150681962815877;2021-07;0.4529
2201150681962815877;2021-07;0.4528
2201150681962815877;2021-08;0.433
2201150681962815877;2021-08;0.4294
2201150681962815877;2021-09;0.4285
2201150681962815877;2021-09;0.4281
2201150681962815877;2021-09;0.429
2201150681962815877;2021-09;0.4293
2201150681962815877;2021-10;0.4607
2201150681962815877;2021-10;0.4571
2201150681962815877;2021-10;0.4604
2201150681962815877;2021-11;0.7565
2201150681962815877;2021-11;0.4245
2201150681962815877;2021-11;0.4199
2208316821038817776;2021-08;0.7324
2208316821038817776;2021-10;0.7236
2209806355660046187;2021-07;0.3813
2209806355660046187;2021-07;0.3676
2209806355660046187;2021-08;0.3515
2209806355660046187;2021-08;0.329
2209806355660046187;2021-10;0.3233
2209806355660046187;2021-10;0.3174
2209806355660046187;2021-10;0.305
2209806355660046187;2021-11;0.3056
2214132103234633622;2021-07;0.2328
2214132103234633622;2021-07;0.2328
2214132103234633622;2021-07;0.2328
2214132103234633622;2021-07;0.2328
2214132103234633622;2021-07;0.2328
2214132103234633622;2021-07;0.2328
2214132103234633622;2021-07;0.2328
2214132103234633622;2021-08;0.2328
2214132103234633622;2021-08;0.2328
2214132103234633622;2021-08;0.2328
2214132103234633622;2021-08;0.2328
2214132103234633622;2021-08;0.2328
2214132103234633622;2021-08;0.2328
2214132103234633622;2021-09;0.2338
2214132103234633622;2021-09;0.2338
2214132103234633622;2021-09;0.2338
2214132103234633622;2021-09;0.2338
2214132103234633622;2021-09;0.2338
2214132103234633622;2021-09;0.2375
2214132103234633622;2021-09;0.2375
2214132103234633622;2021-09;0.2375
2214132103234633622;2021-10;0.2926
2214132103234633622;2021-10;0.2926
2214132103234633622;2021-10;0.2926
2214132103234633622;2021-10;0.2926
2214132103234633622;2021-10;0.2926
2214132103234633622;2021-10;0.3039
2214132103234633622;2021-10;0.2926
2214132103234633622;2021-10;0.2926
2214132103234633622;2021-10;0.2926
2214132103234633622;2021-10;0.2926
2214132103234633622;2021-11;0.2926
2214132103234633622;2021-11;0.2926
2214132103234633622;2021-11;0.2926
2214132103234633622;2021-11;0.2926
2233850024349336054;2021-09;0.1732
2233850024349336054;2021-09;0.1732
2250817603281429928;2021-07;0.1342
2250817603281429928;2021-08;0.1342
2250817603281429928;2021-08;0.1342
2250817603281429928;2021-08;0.1342
2250817603281429928;2021-08;0.1342
2250817603281429928;2021-09;0.1342
2250817603281429928;2021-09;0.1342
2250817603281429928;2021-10;0.1332
2250817603281429928;2021-10;0.1332
2250817603281429928;2021-10;0.1332
2250817603281429928;2021-10;0.1332
2250817603281429928;2021-10;0.1438
2278650548373578523;2021-09;0.5294
2278650548373578523;2021-09;0.5168
2278650548373578523;2021-10;0.5075
2278650548373578523;2021-11;0.4892
2290083177086946553;2021-07;0.2446
2290083177086946553;2021-07;0.2446
2290083177086946553;2021-07;0.2443
2290083177086946553;2021-08;0.2472
2290083177086946553;2021-08;0.2468
2290083177086946553;2021-08;0.2472
2290083177086946553;2021-08;0.2456
2290083177086946553;2021-08;0.2452
2290083177086946553;2021-09;0.2415
2290083177086946553;2021-09;0.2383
2290083177086946553;2021-10;0.2484
2290083177086946553;2021-10;0.2466
2290083177086946553;2021-10;0.2483
2290083177086946553;2021-10;0.2453
2290083177086946553;2021-10;0.2453
2290083177086946553;2021-11;0.2457
2290083177086946553;2021-11;0.2435
2290083177086946553;2021-11;0.2449
2290083177086946553;2021-11;0.2444
2302464746243069589;2021-07;0.1823
2302464746243069589;2021-07;0.4524
2302464746243069589;2021-07;0.178
2302464746243069589;2021-08;0.1779
2302464746243069589;2021-08;0.1779
2302464746243069589;2021-08;0.1768
2302464746243069589;2021-08;0.1768
2302464746243069589;2021-09;0.1729
2302464746243069589;2021-09;0.1729
2302464746243069589;2021-10;0.1744
2302464746243069589;2021-10;0.1755
2302464746243069589;2021-10;0.1755
2302464746243069589;2021-11;0.1779
2307201111381758912;2021-07;0.2279
2307201111381758912;2021-08;0.1763
2307201111381758912;2021-09;0.1738
2307201111381758912;2021-11;0.1792
2307201111381758912;2021-11;0.1738
2308217045093677129;2021-07;0.1934
2308217045093677129;2021-08;0.1994
2308217045093677129;2021-09;0.189
2308217045093677129;2021-10;0.1875
2308217045093677129;2021-11;0.1865
2310272650667756227;2021-08;0.5844
2310272650667756227;2021-10;0.5597
2322847438374159400;2021-07;0.1784
2322847438374159400;2021-07;0.1784
2322847438374159400;2021-08;0.1773
2322847438374159400;2021-09;0.1788
2322847438374159400;2021-10;0.172
2333404192508932057;2021-07;0.218
2333404192508932057;2021-07;0.2193
2333404192508932057;2021-07;0.2165
2333404192508932057;2021-07;0.195
2333404192508932057;2021-07;0.195
2333404192508932057;2021-08;0.1722
2333404192508932057;2021-08;0.1722
2333404192508932057;2021-08;0.1722
2333404192508932057;2021-09;0.1692
2333404192508932057;2021-09;0.1692
2333404192508932057;2021-09;0.1692
2333404192508932057;2021-09;0.1692
2333404192508932057;2021-09;0.1692
2333404192508932057;2021-09;0.1665
2333404192508932057;2021-09;0.1665
2333404192508932057;2021-09;0.1665
2333404192508932057;2021-09;0.1665
2333404192508932057;2021-10;0.1686
2333404192508932057;2021-10;0.5265
2333404192508932057;2021-10;0.1686
2333404192508932057;2021-10;0.1686
2333404192508932057;2021-10;0.1686
2333404192508932057;2021-10;0.1686
2333404192508932057;2021-10;0.1686
2333404192508932057;2021-10;0.1663
2333404192508932057;2021-10;0.1663
2333404192508932057;2021-10;0.1663
2333404192508932057;2021-10;0.1663
2333404192508932057;2021-10;0.1663
2333404192508932057;2021-11;0.1671
2335982750277990437;2021-07;0.5826
2335982750277990437;2021-07;0.5745
2335982750277990437;2021-07;0.5745
2335982750277990437;2021-07;0.5554
2335982750277990437;2021-08;0.5363
2335982750277990437;2021-08;0.5236
2335982750277990437;2021-09;0.555
2346482557594782345;2021-07;0.418
2346482557594782345;2021-07;0.419
2346482557594782345;2021-08;0.419
2346482557594782345;2021-08;0.4216
2346482557594782345;2021-09;0.4164
2346482557594782345;2021-09;0.414
2346482557594782345;2021-09;0.414
2346482557594782345;2021-09;0.414
2346482557594782345;2021-09;0.4132
2346482557594782345;2021-09;0.4132
2346482557594782345;2021-09;0.411
2346482557594782345;2021-09;0.411
2346482557594782345;2021-09;0.411
2346482557594782345;2021-09;0.411
2346482557594782345;2021-10;0.4086
2346482557594782345;2021-10;0.4086
2346482557594782345;2021-10;0.4086
2346482557594782345;2021-10;0.4086
2346482557594782345;2021-10;0.4086
2346482557594782345;2021-10;0.4086
2346482557594782345;2021-10;0.4086
2346482557594782345;2021-10;0.4086
2346482557594782345;2021-10;0.4086
2346482557594782345;2021-10;0.4086
2346482557594782345;2021-11;0.411
2346482557594782345;2021-11;0.4033
2346482557594782345;2021-11;0.4033
2347028805684088098;2021-07;0.1383
2347028805684088098;2021-07;0.1388
2347028805684088098;2021-07;0.1435
2347028805684088098;2021-07;0.1435
2347028805684088098;2021-08;0.1434
2347028805684088098;2021-08;0.1417
2347028805684088098;2021-08;0.1437
2347028805684088098;2021-08;0.1417
2347028805684088098;2021-08;0.1434
2347028805684088098;2021-08;0.1621
2347028805684088098;2021-08;0.1605
2347028805684088098;2021-09;0.4743
2347028805684088098;2021-09;0.1499
2347028805684088098;2021-09;0.1573
2347028805684088098;2021-09;0.1499
2347028805684088098;2021-09;0.1501
2347028805684088098;2021-09;0.1499
2347028805684088098;2021-09;0.1505
2347028805684088098;2021-09;0.1366
2347028805684088098;2021-09;0.1441
2347028805684088098;2021-10;0.1374
2347028805684088098;2021-10;0.1374
2347028805684088098;2021-10;0.1374
2347028805684088098;2021-11;0.4428
2347028805684088098;2021-11;0.1311
2347028805684088098;2021-11;0.1489
2347028805684088098;2021-11;0.1417
2369364892942408355;2021-11;0.1134
2371917341091102894;2021-07;0.6602
2371917341091102894;2021-07;0.6511
2371917341091102894;2021-07;0.6526
2371917341091102894;2021-07;0.6526
2371917341091102894;2021-08;0.6537
2371917341091102894;2021-09;0.7728
2371917341091102894;2021-09;0.7761
2371917341091102894;2021-10;0.6411
2371917341091102894;2021-10;0.6312
2371917341091102894;2021-10;0.625
2377020220794016532;2021-07;0.3267
2377020220794016532;2021-07;0.3204
2377020220794016532;2021-07;0.3192
2377020220794016532;2021-08;0.2004
2380458252615213706;2021-07;0.1745
2380458252615213706;2021-07;0.1788
2380458252615213706;2021-08;0.1788
2380458252615213706;2021-09;0.2648
2380458252615213706;2021-09;0.2648
2380458252615213706;2021-09;0.2648
2380458252615213706;2021-09;0.2712
2380458252615213706;2021-10;0.1944
2380458252615213706;2021-10;0.1961
2382123267535341265;2021-07;0.4213
2382123267535341265;2021-07;0.4213
2382123267535341265;2021-07;0.5117
2382123267535341265;2021-07;0.2502
2382123267535341265;2021-07;0.2502
2382123267535341265;2021-07;0.4213
2382123267535341265;2021-08;0.1783
2382123267535341265;2021-08;0.1779
2382123267535341265;2021-08;0.1783
2382123267535341265;2021-08;0.1783
2382123267535341265;2021-08;0.1736
2382123267535341265;2021-08;0.174
2382123267535341265;2021-08;0.174
2382123267535341265;2021-09;0.174
2382123267535341265;2021-09;0.1725
2382123267535341265;2021-09;0.1725
2382123267535341265;2021-10;0.1727
2382123267535341265;2021-10;0.1727
2386535178006664233;2021-08;0.7592
2397171153213063761;2021-07;0.388
2397171153213063761;2021-07;0.388
2397171153213063761;2021-07;0.3907
2397171153213063761;2021-07;0.3729
2397171153213063761;2021-07;0.388
2397171153213063761;2021-07;0.397
2397171153213063761;2021-07;0.397
2397171153213063761;2021-07;0.397
2397171153213063761;2021-08;0.4092
2397171153213063761;2021-08;0.4007
2397171153213063761;2021-08;0.4092
2397171153213063761;2021-08;0.4007
2397171153213063761;2021-08;0.4044
2397171153213063761;2021-08;0.4044
2397171153213063761;2021-08;0.4044
2397171153213063761;2021-08;0.4044
2397171153213063761;2021-08;0.4044
2397171153213063761;2021-08;0.4044
2397171153213063761;2021-08;0.4044
2397171153213063761;2021-08;0.4044
2397171153213063761;2021-09;0.4233
2397171153213063761;2021-09;0.422
2397171153213063761;2021-09;0.6375
2397171153213063761;2021-09;0.4233
2397171153213063761;2021-09;0.4233
2397171153213063761;2021-09;0.4173
2397171153213063761;2021-09;0.422
2397171153213063761;2021-09;0.422
2397171153213063761;2021-09;0.4233
2397171153213063761;2021-09;0.4233
2397171153213063761;2021-09;0.4233
2397171153213063761;2021-09;0.422
2397171153213063761;2021-09;0.4233
2397171153213063761;2021-10;0.4063
2397171153213063761;2021-10;0.3978
2397171153213063761;2021-10;0.4063
2397171153213063761;2021-10;0.3912
2397171153213063761;2021-10;0.3978
2397171153213063761;2021-10;0.3912
2397171153213063761;2021-10;0.3978
2397171153213063761;2021-10;0.4063
2397171153213063761;2021-10;0.3927
2397171153213063761;2021-10;0.3927
2397171153213063761;2021-10;0.4063
2397171153213063761;2021-10;0.4063
2397171153213063761;2021-11;0.3922
2397171153213063761;2021-11;0.3922
2397171153213063761;2021-11;0.3922
2397171153213063761;2021-11;0.3786
2397171153213063761;2021-11;0.3922
2397171153213063761;2021-11;0.3837
2397171153213063761;2021-11;0.3747
2397171153213063761;2021-11;0.3832
2397171153213063761;2021-11;0.3696
2397171153213063761;2021-11;0.3747
2407532237672094312;2021-07;0.3546
2407532237672094312;2021-07;0.3546
2407532237672094312;2021-07;0.35
2407532237672094312;2021-08;0.7054
2407532237672094312;2021-08;0.3524
2407532237672094312;2021-08;0.3524
2407532237672094312;2021-08;0.3466
2407532237672094312;2021-09;0.3339
2407532237672094312;2021-09;0.3339
2407532237672094312;2021-09;0.3339
2407532237672094312;2021-09;0.3282
2407532237672094312;2021-10;0.3363
2407532237672094312;2021-10;0.3363
2407532237672094312;2021-10;0.7006
2407532237672094312;2021-10;0.3363
2407532237672094312;2021-10;0.3363
2407532237672094312;2021-11;0.3356
2407532237672094312;2021-11;0.3305
2407532237672094312;2021-11;0.3301
2407532237672094312;2021-11;0.3301
2408009918678280470;2021-07;0.3622
2408009918678280470;2021-07;0.3625
2408009918678280470;2021-07;0.3625
2408009918678280470;2021-07;0.3622
2408009918678280470;2021-07;0.3625
2408009918678280470;2021-07;0.3628
2408009918678280470;2021-07;0.3628
2408009918678280470;2021-07;0.3625
2408009918678280470;2021-07;0.3625
2408009918678280470;2021-07;0.3625
2408009918678280470;2021-07;0.3625
2408009918678280470;2021-07;0.3622
2408009918678280470;2021-08;0.3625
2408009918678280470;2021-08;0.3625
2408009918678280470;2021-08;0.3625
2408009918678280470;2021-08;0.3625
2408009918678280470;2021-08;0.3625
2408009918678280470;2021-08;0.3625
2408009918678280470;2021-08;0.3622
2408009918678280470;2021-08;0.3662
2408009918678280470;2021-08;0.3662
2408009918678280470;2021-09;0.39
2408009918678280470;2021-09;0.5268
2408009918678280470;2021-09;0.3903
2408009918678280470;2021-09;0.39
2408009918678280470;2021-09;0.39
2408009918678280470;2021-09;0.3903
2408009918678280470;2021-09;0.3903
2408009918678280470;2021-09;0.3903
2408009918678280470;2021-09;0.3903
2408009918678280470;2021-09;0.3903
2408009918678280470;2021-09;0.39
2408009918678280470;2021-09;0.3903
2408009918678280470;2021-09;0.3903
2408009918678280470;2021-09;0.39
2408009918678280470;2021-09;0.3903
2408009918678280470;2021-10;0.3662
2408009918678280470;2021-10;0.3662
2408009918678280470;2021-10;0.3659
2408009918678280470;2021-10;0.3662
2408009918678280470;2021-10;0.3662
2408009918678280470;2021-10;0.3662
2408009918678280470;2021-10;0.3662
2408009918678280470;2021-10;0.3662
2408009918678280470;2021-10;0.358
2408009918678280470;2021-10;0.3583
2408009918678280470;2021-10;0.3583
2408009918678280470;2021-10;0.3583
2408009918678280470;2021-10;0.3583
2408009918678280470;2021-10;0.3583
2408009918678280470;2021-11;0.3595
2408009918678280470;2021-11;0.3599
2408009918678280470;2021-11;0.3599
2408009918678280470;2021-11;0.3599
2408009918678280470;2021-11;0.3587
2408009918678280470;2021-11;0.3591
2408009918678280470;2021-11;0.3587
2423599281313969582;2021-09;0.2161
2432667449154431819;2021-08;0.5577
2432667449154431819;2021-09;0.5457
2432667449154431819;2021-10;0.5283
2439954154030259398;2021-07;0.2344
2439954154030259398;2021-10;0.2208
2439954154030259398;2021-10;0.2085
2439954154030259398;2021-10;0.1873
2439954154030259398;2021-11;0.201
2439954154030259398;2021-11;0.1981
2444743522510084109;2021-07;0.1789
2444743522510084109;2021-09;0.2933
2451708306555441014;2021-07;0.2097
2451708306555441014;2021-07;0.1967
2451708306555441014;2021-07;0.1967
2451708306555441014;2021-07;0.1967
2451708306555441014;2021-08;0.2052
2451708306555441014;2021-08;0.2052
2451708306555441014;2021-08;0.2052
2451708306555441014;2021-09;0.1974
2451708306555441014;2021-09;0.1974
2451708306555441014;2021-09;0.1974
2451708306555441014;2021-09;0.1974
2451708306555441014;2021-09;0.1974
2451708306555441014;2021-09;0.1974
2451708306555441014;2021-09;0.1974
2451708306555441014;2021-09;0.1974
2451708306555441014;2021-10;0.1975
2451708306555441014;2021-10;0.1975
2451708306555441014;2021-11;0.2052
2455576782104041698;2021-07;0.3589
2455576782104041698;2021-07;0.6475
2455576782104041698;2021-07;0.3593
2455576782104041698;2021-07;0.3597
2455576782104041698;2021-08;0.3943
2455576782104041698;2021-08;0.395
2455576782104041698;2021-08;0.3943
2455576782104041698;2021-09;0.3711
2455576782104041698;2021-09;0.3717
2455576782104041698;2021-10;0.3597
2455576782104041698;2021-10;0.3597
2455576782104041698;2021-11;0.6518
2466177460692220853;2021-07;0.2017
2466177460692220853;2021-08;0.2021
2466177460692220853;2021-08;0.2017
2467590416042313927;2021-07;0.187
2467590416042313927;2021-08;0.185
2467590416042313927;2021-10;0.1927
2467590416042313927;2021-10;0.1834
2467590416042313927;2021-11;0.1868
2493305884832539159;2021-07;0.6313
2493305884832539159;2021-07;0.6299
2493305884832539159;2021-08;0.6306
2493305884832539159;2021-09;0.6476
2493305884832539159;2021-09;0.6306
2493305884832539159;2021-10;0.6306
2493305884832539159;2021-10;0.6313
2493688222671282470;2021-07;0.1327
2493688222671282470;2021-07;0.1323
2493688222671282470;2021-07;0.1327
2493688222671282470;2021-07;0.129
2493688222671282470;2021-08;0.13
2493688222671282470;2021-08;0.1289
2493688222671282470;2021-08;0.1289
2493688222671282470;2021-09;0.1292
2493688222671282470;2021-09;0.1292
2493688222671282470;2021-09;0.1303
2493688222671282470;2021-09;0.1299
2493688222671282470;2021-10;0.1303
2493688222671282470;2021-11;0.1412
2493688222671282470;2021-11;0.1428
2499050168966442376;2021-08;0.7498
2499050168966442376;2021-08;0.7236
2499050168966442376;2021-09;0.7871
2508429106201166689;2021-08;0.1841
2508429106201166689;2021-08;0.1838
2508429106201166689;2021-09;0.1748
2508429106201166689;2021-09;0.1745
2508429106201166689;2021-09;0.177
2508429106201166689;2021-09;0.1766
2508429106201166689;2021-10;0.178
2508429106201166689;2021-10;0.1776
2508429106201166689;2021-10;0.178
2508429106201166689;2021-10;0.178
2508429106201166689;2021-11;0.1767
2508429106201166689;2021-11;0.1803
2522900990060384939;2021-11;0.2423
2522900990060384939;2021-11;0.2317
2522900990060384939;2021-11;0.224
2530707686830644666;2021-07;0.2281
2530707686830644666;2021-07;0.2277
2530707686830644666;2021-07;0.2277
2530707686830644666;2021-07;0.2281
2530707686830644666;2021-07;0.2281
2530707686830644666;2021-07;0.2277
2530707686830644666;2021-08;0.2277
2530707686830644666;2021-08;0.2281
2530707686830644666;2021-09;0.2241
2530707686830644666;2021-09;0.2241
2530707686830644666;2021-09;0.2245
2530707686830644666;2021-10;0.225
2530707686830644666;2021-11;0.2241
2532435113844289043;2021-07;0.2116
2532435113844289043;2021-07;0.2116
2532435113844289043;2021-07;0.2116
2532435113844289043;2021-07;0.2116
2532435113844289043;2021-07;0.2116
2532435113844289043;2021-07;0.2116
2532435113844289043;2021-07;0.2129
2532435113844289043;2021-07;0.2129
2532435113844289043;2021-07;0.2129
2532435113844289043;2021-07;0.2129
2532435113844289043;2021-07;0.2129
2532435113844289043;2021-07;0.2129
2532435113844289043;2021-07;0.2129
2532435113844289043;2021-07;0.2129
2532435113844289043;2021-07;0.2129
2532435113844289043;2021-07;0.2129
2532435113844289043;2021-08;0.2195
2532435113844289043;2021-08;0.2195
2532435113844289043;2021-08;0.2195
2532435113844289043;2021-08;0.2195
2532435113844289043;2021-08;0.2203
2532435113844289043;2021-08;0.2203
2532435113844289043;2021-08;0.2203
2532435113844289043;2021-08;0.2203
2532435113844289043;2021-08;0.2203
2532435113844289043;2021-08;0.2203
2532435113844289043;2021-08;0.2203
2532435113844289043;2021-09;0.2079
2532435113844289043;2021-09;0.2079
2532435113844289043;2021-09;0.2079
2532435113844289043;2021-09;0.2079
2532435113844289043;2021-09;0.2079
2532435113844289043;2021-09;0.2079
2532435113844289043;2021-09;0.2079
2532435113844289043;2021-09;0.2818
2532435113844289043;2021-09;0.2079
2532435113844289043;2021-09;0.2079
2532435113844289043;2021-09;0.2079
2532435113844289043;2021-09;0.2079
2532435113844289043;2021-09;0.2079
2532435113844289043;2021-09;0.2079
2532435113844289043;2021-09;0.2075
2532435113844289043;2021-09;0.2079
2532435113844289043;2021-09;0.2079
2532435113844289043;2021-09;0.2075
2532435113844289043;2021-09;0.2079
2532435113844289043;2021-09;0.2079
2532435113844289043;2021-10;0.205
2532435113844289043;2021-10;0.205
2532435113844289043;2021-10;0.205
2532435113844289043;2021-10;0.205
2532435113844289043;2021-10;0.205
2532435113844289043;2021-10;0.205
2532435113844289043;2021-10;0.205
2532435113844289043;2021-10;0.2092
2532435113844289043;2021-10;0.2092
2532435113844289043;2021-10;0.2092
2532435113844289043;2021-11;0.2092
2532435113844289043;2021-11;0.2092
2532435113844289043;2021-11;0.2083
2535803443850893368;2021-07;0.6823
2535803443850893368;2021-07;0.6824
2535803443850893368;2021-08;0.6818
2535803443850893368;2021-08;0.6823
2535803443850893368;2021-09;0.8191
2535803443850893368;2021-10;0.6824
2535803443850893368;2021-10;0.6824
2535803443850893368;2021-10;0.6824
2535803443850893368;2021-10;0.6823
2535803443850893368;2021-11;0.6823
2549266739079962864;2021-09;0.8704
2550506309527280168;2021-10;0.2076
2550506309527280168;2021-10;0.2083
2550506309527280168;2021-10;0.2045
2554972344348383830;2021-07;0.1532
2554972344348383830;2021-07;0.1532
2554972344348383830;2021-07;0.1547
2554972344348383830;2021-10;0.1546
2554972344348383830;2021-11;0.155
2554972344348383830;2021-11;0.1547
2573553293518763494;2021-08;0.1896
2573553293518763494;2021-08;0.1819
2573553293518763494;2021-09;0.1843
2573553293518763494;2021-09;0.1894
2573553293518763494;2021-09;0.1843
2573553293518763494;2021-09;0.1894
2573553293518763494;2021-09;0.1894
2573553293518763494;2021-09;0.1894
2573553293518763494;2021-09;0.1894
2573553293518763494;2021-09;0.1843
2573553293518763494;2021-09;0.1843
2573553293518763494;2021-10;0.1819
2573553293518763494;2021-10;0.1819
2573553293518763494;2021-10;0.1819
2573553293518763494;2021-11;0.1862
2573553293518763494;2021-11;0.1859
2573553293518763494;2021-11;0.191
2573553293518763494;2021-11;0.1859
2598475569074240783;2021-07;0.2644
2598475569074240783;2021-08;0.2579
2598475569074240783;2021-10;0.2572
2598475569074240783;2021-10;0.2559
2598475569074240783;2021-10;0.2559
2598475569074240783;2021-11;0.2512
2598475569074240783;2021-11;0.2512
2619109825960703851;2021-08;0.4744
2619109825960703851;2021-08;0.4763
2619109825960703851;2021-08;0.4749
2619109825960703851;2021-09;0.4788
2619109825960703851;2021-09;0.4788
2619109825960703851;2021-09;0.479
2619109825960703851;2021-09;0.4777
2619109825960703851;2021-10;0.4722
2619109825960703851;2021-10;0.4722
2619109825960703851;2021-10;0.4703
2619109825960703851;2021-11;0.4675
2619109825960703851;2021-11;0.4675
2619109825960703851;2021-11;0.4675
2619109825960703851;2021-11;0.4608
2634859679238614382;2021-07;0.3534
2634859679238614382;2021-07;0.3589
2634859679238614382;2021-07;0.3589
2634859679238614382;2021-07;0.3534
2634859679238614382;2021-07;0.3486
2634859679238614382;2021-07;0.3486
2634859679238614382;2021-07;0.3444
2634859679238614382;2021-07;0.3444
2634859679238614382;2021-07;0.3444
2634859679238614382;2021-08;0.483
2634859679238614382;2021-08;0.3564
2634859679238614382;2021-08;0.351
2634859679238614382;2021-08;0.351
2634859679238614382;2021-08;0.351
2634859679238614382;2021-08;0.367
2634859679238614382;2021-09;0.3549
2634859679238614382;2021-09;0.3549
2634859679238614382;2021-09;0.3549
2634859679238614382;2021-09;0.3549
2634859679238614382;2021-09;0.3549
2634859679238614382;2021-09;0.3444
2634859679238614382;2021-09;0.3434
2634859679238614382;2021-09;0.353
2634859679238614382;2021-09;0.353
2634859679238614382;2021-09;0.3434
2634859679238614382;2021-10;0.3475
2634859679238614382;2021-10;0.353
2634859679238614382;2021-10;0.3581
2634859679238614382;2021-10;0.3635
2634859679238614382;2021-10;0.3581
2634859679238614382;2021-10;0.3635
2634859679238614382;2021-11;0.3635
2634859679238614382;2021-11;0.3635
2634859679238614382;2021-11;0.3483
2634859679238614382;2021-11;0.3538
2634859679238614382;2021-11;0.3583
2645324649046215594;2021-07;0.4243
2645324649046215594;2021-07;0.425
2645324649046215594;2021-07;0.4243
2645324649046215594;2021-07;0.4372
2645324649046215594;2021-07;0.4331
2645324649046215594;2021-07;0.4331
2645324649046215594;2021-07;0.4346
2645324649046215594;2021-08;0.4351
2645324649046215594;2021-08;0.4351
2645324649046215594;2021-08;0.4356
2645324649046215594;2021-08;0.4349
2645324649046215594;2021-08;0.4356
2645324649046215594;2021-08;0.4356
2645324649046215594;2021-09;0.4309
2645324649046215594;2021-09;0.4351
2645324649046215594;2021-09;0.4265
2645324649046215594;2021-09;0.4265
2645324649046215594;2021-10;0.4224
2645324649046215594;2021-10;0.4338
2645324649046215594;2021-10;0.429
2645324649046215594;2021-10;0.4297
2645324649046215594;2021-10;0.4338
2645324649046215594;2021-11;0.4387
2645324649046215594;2021-11;0.4429
2645324649046215594;2021-11;0.4387
2645324649046215594;2021-11;0.4387
2645324649046215594;2021-11;0.4387
2658946240987854807;2021-07;0.166
2658946240987854807;2021-07;0.166
2658946240987854807;2021-07;0.166
2658946240987854807;2021-07;0.1716
2658946240987854807;2021-07;0.1716
2658946240987854807;2021-07;0.1716
2658946240987854807;2021-07;0.1716
2658946240987854807;2021-08;0.1697
2658946240987854807;2021-08;0.1679
2658946240987854807;2021-08;0.1679
2658946240987854807;2021-09;0.19
2658946240987854807;2021-09;0.1965
2658946240987854807;2021-09;0.1961
2658946240987854807;2021-10;0.5148
2658946240987854807;2021-10;0.1773
2658946240987854807;2021-11;0.1743
2658946240987854807;2021-11;0.1743
2658946240987854807;2021-11;0.1743
2658946240987854807;2021-11;0.1743
2658946240987854807;2021-11;0.1775
2658946240987854807;2021-11;0.1775
2673576168790933175;2021-08;0.2093
2677901391425651891;2021-07;0.1819
2677901391425651891;2021-10;0.1819
2677901391425651891;2021-10;0.1819
2677901391425651891;2021-11;0.1819
2678966409665050034;2021-07;0.1801
2678966409665050034;2021-07;0.1801
2678966409665050034;2021-07;0.1801
2678966409665050034;2021-07;0.1801
2678966409665050034;2021-08;0.1725
2678966409665050034;2021-09;0.1729
2678966409665050034;2021-09;0.1725
2678966409665050034;2021-09;0.1729
2678966409665050034;2021-09;0.1729
2678966409665050034;2021-09;0.174
2678966409665050034;2021-10;0.491
2678966409665050034;2021-10;0.4883
2678966409665050034;2021-10;0.1756
2678966409665050034;2021-10;0.1756
2678966409665050034;2021-11;0.1745
2678966409665050034;2021-11;0.1745
2678966409665050034;2021-11;0.1745
2687720147676132707;2021-08;0.2347
2687720147676132707;2021-08;0.2344
2687720147676132707;2021-08;0.2347
2687720147676132707;2021-08;0.2344
2687720147676132707;2021-09;0.2495
2687720147676132707;2021-09;0.2495
2687720147676132707;2021-10;0.2366
2687720147676132707;2021-10;0.2334
2687720147676132707;2021-11;0.2344
2687720147676132707;2021-11;0.2347
2687720147676132707;2021-11;0.2344
2694466161223698243;2021-07;0.8057
2694466161223698243;2021-07;0.7947
2694466161223698243;2021-07;0.8012
2726314736140152277;2021-07;0.887
2726314736140152277;2021-07;0.887
2726314736140152277;2021-10;0.8895
2726314736140152277;2021-10;0.8885
2735662700719640627;2021-07;0.6616
2735662700719640627;2021-07;0.6537
2735662700719640627;2021-08;0.6544
2735662700719640627;2021-09;0.6852
2735662700719640627;2021-10;0.6536
2735662700719640627;2021-11;0.6525
2735662700719640627;2021-11;0.6525
2759416556905651870;2021-10;0.5201
2759416556905651870;2021-10;0.5014
2759416556905651870;2021-11;0.5064
2762573180349093009;2021-09;0.1658
2763141362035716801;2021-07;0.4335
2763141362035716801;2021-07;0.4306
2763141362035716801;2021-07;0.4167
2763141362035716801;2021-08;0.4243
2763141362035716801;2021-09;0.4197
2763141362035716801;2021-09;0.4189
2763141362035716801;2021-09;0.42
2763141362035716801;2021-09;0.42
2763141362035716801;2021-10;0.418
2763141362035716801;2021-10;0.4197
2763141362035716801;2021-10;0.4197
2763141362035716801;2021-11;0.4319
2768068015169423097;2021-07;0.3773
2768068015169423097;2021-07;0.3773
2768068015169423097;2021-08;0.3053
2768068015169423097;2021-08;0.3049
2768068015169423097;2021-08;0.3049
2768068015169423097;2021-10;0.305
2768068015169423097;2021-10;0.305
2768068015169423097;2021-10;0.305
2771214050521171719;2021-07;0.3013
2771214050521171719;2021-07;0.3013
2771214050521171719;2021-07;0.3006
2771214050521171719;2021-07;0.3013
2771214050521171719;2021-07;0.3013
2771214050521171719;2021-07;0.3006
2771214050521171719;2021-07;0.3013
2771214050521171719;2021-08;0.3541
2771214050521171719;2021-08;0.3509
2771214050521171719;2021-08;0.3501
2771214050521171719;2021-08;0.3501
2771214050521171719;2021-09;0.3007
2771214050521171719;2021-09;0.3007
2771214050521171719;2021-09;0.5278
2771214050521171719;2021-09;0.3007
2771214050521171719;2021-09;0.5278
2771214050521171719;2021-10;0.3065
2771214050521171719;2021-10;0.2986
2771214050521171719;2021-11;0.3009
2771214050521171719;2021-11;0.3009
2771214050521171719;2021-11;0.3003
2771214050521171719;2021-11;0.302
2771214050521171719;2021-11;0.302
2772135008486239291;2021-07;0.186
2772135008486239291;2021-07;0.1843
2772135008486239291;2021-08;0.5755
2772135008486239291;2021-09;0.5289
2772135008486239291;2021-09;0.1828
2772135008486239291;2021-10;0.1815
2772135008486239291;2021-10;0.1828
2772135008486239291;2021-10;0.1815
2772135008486239291;2021-10;0.1825
2772135008486239291;2021-10;0.1825
2773493808492482979;2021-08;0.1264
2773493808492482979;2021-08;0.1339
2773493808492482979;2021-09;0.1214
2773493808492482979;2021-09;0.1177
2773493808492482979;2021-10;0.1173
2773493808492482979;2021-10;0.1173
2778852475840838977;2021-07;0.5159
2778852475840838977;2021-08;0.4694
2778852475840838977;2021-08;0.4694
2780030912070252968;2021-08;0.6306
2780030912070252968;2021-08;0.7566
2780030912070252968;2021-09;0.5713
2780030912070252968;2021-10;0.5513
2780030912070252968;2021-10;0.525
2780030912070252968;2021-11;0.5246
2785178201607654410;2021-08;0.7037
2785178201607654410;2021-10;0.6578
2805743565496207618;2021-08;0.335
2805743565496207618;2021-09;0.336
2805743565496207618;2021-09;0.3367
2805743565496207618;2021-10;0.3342
2808145376905474927;2021-07;0.8968
2808145376905474927;2021-07;0.8194
2808145376905474927;2021-07;0.8179
2808145376905474927;2021-07;0.8179
2808145376905474927;2021-07;0.8194
2808145376905474927;2021-08;0.8199
2808145376905474927;2021-08;0.8171
2808145376905474927;2021-08;0.8063
2808145376905474927;2021-09;0.8171
2808145376905474927;2021-09;0.8185
2808145376905474927;2021-09;0.8214
2808145376905474927;2021-09;0.8206
2808145376905474927;2021-10;0.7856
2808145376905474927;2021-10;0.8149
2808145376905474927;2021-10;0.8007
2808145376905474927;2021-11;0.7917
2808145376905474927;2021-11;0.7942
2814790209436551216;2021-07;0.3559
2814790209436551216;2021-08;0.2503
2814790209436551216;2021-08;0.2503
2814790209436551216;2021-09;0.2303
2814790209436551216;2021-09;0.211
2814790209436551216;2021-09;0.2047
2814790209436551216;2021-09;0.2051
2814790209436551216;2021-10;0.2033
2819054834565698513;2021-07;0.5974
2819054834565698513;2021-07;0.6095
2819054834565698513;2021-07;0.5933
2819054834565698513;2021-07;0.5933
2819054834565698513;2021-08;0.6455
2819054834565698513;2021-08;0.6654
2819054834565698513;2021-08;0.6297
2819054834565698513;2021-09;0.5832
2819054834565698513;2021-09;0.5832
2819054834565698513;2021-09;0.5426
2819054834565698513;2021-09;0.5426
2819054834565698513;2021-10;0.5657
2819054834565698513;2021-10;0.5375
2819054834565698513;2021-10;0.5315
2819054834565698513;2021-10;0.5641
2819054834565698513;2021-11;0.5692
2819054834565698513;2021-11;0.5366
2819054834565698513;2021-11;0.5681
2870813069335519467;2021-08;0.1777
2870813069335519467;2021-08;0.178
2870813069335519467;2021-09;0.1867
2870813069335519467;2021-09;0.1867
2870813069335519467;2021-10;0.1733
2900002014851776114;2021-07;0.8716
2900002014851776114;2021-07;0.8146
2900002014851776114;2021-09;0.8232
2900002014851776114;2021-09;0.753
2900002014851776114;2021-10;0.7422
2900002014851776114;2021-10;0.7422
2900002014851776114;2021-10;0.7467
2900002014851776114;2021-11;0.7375
2900002014851776114;2021-11;0.7387
2903869860445366876;2021-07;0.2987
2903869860445366876;2021-08;0.2864
2903869860445366876;2021-08;0.2864
2903869860445366876;2021-08;0.2869
2903869860445366876;2021-08;0.2873
2903869860445366876;2021-08;0.2869
2903869860445366876;2021-08;0.2827
2903869860445366876;2021-08;0.2769
2903869860445366876;2021-09;0.2755
2903869860445366876;2021-09;0.2737
2903869860445366876;2021-10;0.2743
2903869860445366876;2021-10;0.2691
2903869860445366876;2021-10;0.2654
2903869860445366876;2021-11;0.2654
2903869860445366876;2021-11;0.2654
2929243640075785940;2021-07;0.1702
2929243640075785940;2021-07;0.1702
2929243640075785940;2021-07;0.1716
2929243640075785940;2021-07;0.1702
2929243640075785940;2021-07;0.1702
2929243640075785940;2021-07;0.1702
2929243640075785940;2021-07;0.1702
2929243640075785940;2021-07;0.1702
2929243640075785940;2021-07;0.1702
2929243640075785940;2021-08;0.1678
2929243640075785940;2021-08;0.1671
2929243640075785940;2021-08;0.1652
2929243640075785940;2021-09;0.1691
2929243640075785940;2021-09;0.1704
2929243640075785940;2021-09;0.1708
2929243640075785940;2021-09;0.1691
2929243640075785940;2021-09;0.1691
2929243640075785940;2021-10;0.1674
2929243640075785940;2021-10;0.1674
2929243640075785940;2021-10;0.1647
2929243640075785940;2021-10;0.1647
2929243640075785940;2021-10;0.1647
2929243640075785940;2021-10;0.1661
2929243640075785940;2021-11;0.1614
2929243640075785940;2021-11;0.1617
2943087245123311166;2021-07;0.3855
2943087245123311166;2021-07;0.6526
2943087245123311166;2021-07;0.3844
2943087245123311166;2021-07;0.3684
2943087245123311166;2021-07;0.3638
2943087245123311166;2021-07;0.3679
2943087245123311166;2021-08;0.3648
2943087245123311166;2021-08;0.3648
2943087245123311166;2021-08;0.3679
2943087245123311166;2021-08;0.3616
2943087245123311166;2021-08;0.3623
2943087245123311166;2021-09;0.3853
2943087245123311166;2021-09;0.3836
2943087245123311166;2021-09;0.3845
2943087245123311166;2021-09;0.3845
2943087245123311166;2021-09;0.3877
2943087245123311166;2021-10;0.3675
2943087245123311166;2021-10;0.3678
2943087245123311166;2021-11;0.3704
2943087245123311166;2021-11;0.371
2943087245123311166;2021-11;0.3738
2943087245123311166;2021-11;0.3738
2951563549197799278;2021-07;0.3357
2951563549197799278;2021-07;0.3357
2951563549197799278;2021-07;0.3357
2951563549197799278;2021-07;0.3371
2951563549197799278;2021-07;0.3381
2951563549197799278;2021-07;0.3357
2951563549197799278;2021-08;0.5626
2951563549197799278;2021-08;0.336
2951563549197799278;2021-09;0.3509
2951563549197799278;2021-09;0.3522
2951563549197799278;2021-10;0.364
2951563549197799278;2021-10;0.3623
2951563549197799278;2021-10;0.364
2951563549197799278;2021-10;0.3754
2951563549197799278;2021-11;0.3328
2951563549197799278;2021-11;0.3199
2973474340148068982;2021-10;0.7606
2983174282784691273;2021-07;0.1782
2983174282784691273;2021-07;0.4992
2983174282784691273;2021-07;0.1782
2983174282784691273;2021-07;0.1782
2983174282784691273;2021-08;0.1722
2983174282784691273;2021-08;0.1721
2983174282784691273;2021-08;0.1777
2983174282784691273;2021-08;0.1777
2983174282784691273;2021-08;0.1777
2983174282784691273;2021-08;0.1777
2983174282784691273;2021-09;0.1797
2983174282784691273;2021-09;0.1797
2983174282784691273;2021-09;0.1797
2983174282784691273;2021-09;0.1741
2983174282784691273;2021-09;0.1741
2983174282784691273;2021-10;0.1721
2983174282784691273;2021-10;0.1721
2983174282784691273;2021-10;0.1721
2983174282784691273;2021-10;0.1721
2983174282784691273;2021-10;0.1721
2983174282784691273;2021-10;0.1721
2983174282784691273;2021-10;0.1721
2983174282784691273;2021-10;0.1721
2983174282784691273;2021-10;0.1721
2983174282784691273;2021-10;0.1721
2983174282784691273;2021-10;0.1721
2983174282784691273;2021-10;0.1721
2983174282784691273;2021-11;0.4874
2988042199057874759;2021-07;0.1898
2988042199057874759;2021-07;0.189
2988042199057874759;2021-07;0.1887
2988042199057874759;2021-07;0.1887
2988042199057874759;2021-07;0.189
2988042199057874759;2021-08;0.186
2988042199057874759;2021-08;0.4807
2988042199057874759;2021-08;0.1864
2988042199057874759;2021-09;0.1882
2988042199057874759;2021-09;0.1855
2988042199057874759;2021-09;0.1855
2988042199057874759;2021-10;0.1849
2988042199057874759;2021-10;0.1845
2988042199057874759;2021-11;0.1854
2988042199057874759;2021-11;0.185
2988042199057874759;2021-11;0.1854
3022528659032597047;2021-07;0.4293
3022528659032597047;2021-07;0.4293
3022528659032597047;2021-07;0.4328
3022528659032597047;2021-07;0.4328
3022528659032597047;2021-08;0.7169
3022528659032597047;2021-08;0.435
3022528659032597047;2021-08;0.4357
3022528659032597047;2021-09;0.4404
3022528659032597047;2021-09;0.438
3022528659032597047;2021-09;0.4392
3022528659032597047;2021-10;0.4359
3022528659032597047;2021-10;0.7115
3022528659032597047;2021-10;0.4359
3022528659032597047;2021-10;0.4335
3022528659032597047;2021-10;0.4335
3022528659032597047;2021-10;0.4359
3022528659032597047;2021-11;0.4345
3022528659032597047;2021-11;0.4334
3025708129948185495;2021-07;0.1619
3025708129948185495;2021-09;0.1622
3025708129948185495;2021-10;0.1625
3025708129948185495;2021-11;0.1644
3025708129948185495;2021-11;0.1644
3027683745465216663;2021-07;0.1721
3027683745465216663;2021-07;0.4432
3027683745465216663;2021-07;0.1721
3027683745465216663;2021-08;0.1699
3027683745465216663;2021-10;0.175
3027683745465216663;2021-10;0.1737
3027683745465216663;2021-11;0.1712
3027683745465216663;2021-11;0.173
3036967290595689189;2021-07;0.1866
3036967290595689189;2021-08;0.1876
3036967290595689189;2021-08;0.1876
3036967290595689189;2021-08;0.1876
3036967290595689189;2021-09;0.1876
3036967290595689189;2021-09;0.1876
3036967290595689189;2021-10;0.1877
3036967290595689189;2021-10;0.1978
3036967290595689189;2021-11;0.1976
3045840317107313913;2021-07;0.1866
3045840317107313913;2021-08;0.1877
3045840317107313913;2021-08;0.1877
3045840317107313913;2021-08;0.1877
3045840317107313913;2021-09;0.1936
3045840317107313913;2021-09;0.4931
3045840317107313913;2021-09;0.1936
3045840317107313913;2021-09;0.1936
3045840317107313913;2021-10;0.194
3045840317107313913;2021-10;0.1936
3045840317107313913;2021-10;0.1936
3045840317107313913;2021-10;0.1936
3045840317107313913;2021-10;0.1929
3045840317107313913;2021-10;0.1926
3045840317107313913;2021-10;0.1926
3045840317107313913;2021-11;0.1978
3045840317107313913;2021-11;0.1964
3045840317107313913;2021-11;0.1964
3045840317107313913;2021-11;0.1964
3093415403379897112;2021-07;0.1736
3093415403379897112;2021-07;0.1725
3093415403379897112;2021-08;0.174
3093415403379897112;2021-08;0.1736
3093415403379897112;2021-08;0.174
3093415403379897112;2021-09;0.1736
3093415403379897112;2021-09;0.1779
3093415403379897112;2021-09;0.1783
3093415403379897112;2021-10;0.1799
3093415403379897112;2021-10;0.1799
3093415403379897112;2021-10;0.1745
3093415403379897112;2021-10;0.1745
3093415403379897112;2021-11;0.188
3093415403379897112;2021-11;0.188
3095408468798675621;2021-07;0.172
3095408468798675621;2021-07;0.172
3095408468798675621;2021-07;0.172
3095408468798675621;2021-08;0.1999
3095408468798675621;2021-08;0.2014
3095408468798675621;2021-09;0.1931
3095408468798675621;2021-09;0.1934
3095408468798675621;2021-09;0.1919
3095408468798675621;2021-09;0.1919
3095408468798675621;2021-09;0.1919
3095408468798675621;2021-09;0.1919
3095408468798675621;2021-10;0.1709
3095408468798675621;2021-10;0.1712
3095408468798675621;2021-11;0.172
3095408468798675621;2021-11;0.1717
3095408468798675621;2021-11;0.1717
3095686599956852697;2021-07;0.2574
3095686599956852697;2021-07;0.2574
3095686599956852697;2021-07;0.2574
3095686599956852697;2021-07;0.2494
3095686599956852697;2021-07;0.2432
3095686599956852697;2021-07;0.2438
3095686599956852697;2021-08;0.2476
3095686599956852697;2021-08;0.2373
3095686599956852697;2021-08;0.2373
3095686599956852697;2021-08;0.2369
3095686599956852697;2021-08;0.2369
3095686599956852697;2021-09;0.2365
3095686599956852697;2021-09;0.2368
3095686599956852697;2021-09;0.2368
3095686599956852697;2021-09;0.2365
3095686599956852697;2021-09;0.2368
3095686599956852697;2021-09;0.2368
3095686599956852697;2021-10;0.2373
3095686599956852697;2021-10;0.2373
3095686599956852697;2021-10;0.2373
3095686599956852697;2021-10;0.2373
3095686599956852697;2021-10;0.2373
3095686599956852697;2021-11;0.2399
3095686599956852697;2021-11;0.242
3095686599956852697;2021-11;0.242
3109771318936962520;2021-11;0.2172
3118152790263512426;2021-07;0.3763
3118152790263512426;2021-07;0.3823
3118152790263512426;2021-07;0.3911
3118152790263512426;2021-07;0.3914
3118152790263512426;2021-07;0.3911
3118152790263512426;2021-07;0.3914
3118152790263512426;2021-08;0.3971
3118152790263512426;2021-08;0.3909
3118152790263512426;2021-08;0.3949
3118152790263512426;2021-08;0.3949
3118152790263512426;2021-08;0.3883
3118152790263512426;2021-08;0.3883
3118152790263512426;2021-09;0.3806
3118152790263512426;2021-09;0.3869
3118152790263512426;2021-09;0.385
3118152790263512426;2021-09;0.385
3118152790263512426;2021-10;0.3983
3118152790263512426;2021-10;0.3941
3118152790263512426;2021-10;0.4005
3118152790263512426;2021-10;0.4001
3118152790263512426;2021-10;0.3941
3118152790263512426;2021-11;0.4224
3118152790263512426;2021-11;0.4271
3118152790263512426;2021-11;0.4271
3118152790263512426;2021-11;0.4267
3118152790263512426;2021-11;0.4323
3118683330911759410;2021-07;0.7398
3118683330911759410;2021-07;0.7398
3118683330911759410;2021-08;0.7317
3118683330911759410;2021-09;0.7686
3118683330911759410;2021-10;0.7209
3118683330911759410;2021-10;0.7347
3136129226228632675;2021-10;0.2158
3137879241768961145;2021-07;0.1601
3137879241768961145;2021-07;0.1604
3137879241768961145;2021-07;0.1565
3137879241768961145;2021-07;0.1569
3137879241768961145;2021-07;0.1569
3137879241768961145;2021-08;0.1572
3137879241768961145;2021-08;0.1576
3137879241768961145;2021-08;0.1576
3137879241768961145;2021-09;0.1572
3137879241768961145;2021-09;0.1572
3137879241768961145;2021-09;0.1576
3137879241768961145;2021-09;0.1572
3137879241768961145;2021-10;0.1585
3137879241768961145;2021-10;0.1583
3137879241768961145;2021-10;0.1583
3137879241768961145;2021-10;0.1586
3137879241768961145;2021-11;0.1562
3137879241768961145;2021-11;0.1549
3137879241768961145;2021-11;0.1626
3140918607946425426;2021-07;0.165
3140918607946425426;2021-07;0.165
3140918607946425426;2021-07;0.1654
3140918607946425426;2021-08;0.1654
3140918607946425426;2021-08;0.165
3140918607946425426;2021-08;0.165
3140918607946425426;2021-08;0.1654
3140918607946425426;2021-08;0.1643
3140918607946425426;2021-08;0.1643
3140918607946425426;2021-09;0.165
3140918607946425426;2021-09;0.1653
3140918607946425426;2021-09;0.1653
3140918607946425426;2021-09;0.1653
3140918607946425426;2021-09;0.1653
3140918607946425426;2021-09;0.165
3148228961195376491;2021-08;0.2048
3156580765759568020;2021-10;0.213
3156580765759568020;2021-10;0.2368
3156580765759568020;2021-11;0.212
3156580765759568020;2021-11;0.2003
3156852928909455203;2021-07;0.4771
3156852928909455203;2021-07;0.4771
3156852928909455203;2021-07;0.4777
3156852928909455203;2021-07;0.4777
3156852928909455203;2021-08;0.4706
3156852928909455203;2021-08;0.4706
3156852928909455203;2021-08;0.4706
3156852928909455203;2021-08;0.4698
3156852928909455203;2021-08;0.4698
3156852928909455203;2021-09;0.4714
3156852928909455203;2021-09;0.4715
3156852928909455203;2021-10;0.4785
3156852928909455203;2021-10;0.4785
3156852928909455203;2021-10;0.4785
3156852928909455203;2021-10;0.4788
3156852928909455203;2021-10;0.4788
3156852928909455203;2021-11;0.4702
3156852928909455203;2021-11;0.4694
3156852928909455203;2021-11;0.4694
3161361581909316305;2021-07;0.2515
3161361581909316305;2021-07;0.2519
3161361581909316305;2021-08;0.2492
3161361581909316305;2021-10;0.6175
3161361581909316305;2021-10;0.2478
3161361581909316305;2021-10;0.2474
3161361581909316305;2021-11;0.2474
3183208564139585182;2021-07;0.615
3183208564139585182;2021-09;0.5671
3183208564139585182;2021-11;0.6375
3192341047315717823;2021-07;0.6991
3192341047315717823;2021-07;0.6903
3192341047315717823;2021-08;0.6803
3192341047315717823;2021-08;0.6873
3192341047315717823;2021-08;0.6776
3192341047315717823;2021-09;0.6405
3192341047315717823;2021-11;0.6424
3192341047315717823;2021-11;0.6404
3195023578711095555;2021-10;0.4469
3204108603682323936;2021-07;0.1764
3204108603682323936;2021-07;0.1764
3204108603682323936;2021-07;0.1903
3204108603682323936;2021-07;0.1899
3204108603682323936;2021-07;0.1914
3204108603682323936;2021-08;0.191
3204108603682323936;2021-08;0.191
3204108603682323936;2021-08;0.191
3204108603682323936;2021-08;0.1915
3204108603682323936;2021-09;0.1896
3204108603682323936;2021-09;0.1896
3204108603682323936;2021-10;0.1896
3204108603682323936;2021-10;0.1896
3204108603682323936;2021-10;0.1907
3204108603682323936;2021-10;0.1907
3204108603682323936;2021-10;0.1907
3204108603682323936;2021-11;0.1926
3204108603682323936;2021-11;0.1926
3218226066162129945;2021-07;0.7017
3218226066162129945;2021-07;0.6994
3218226066162129945;2021-08;0.6972
3218226066162129945;2021-08;0.6972
3218226066162129945;2021-08;0.6973
3218226066162129945;2021-08;0.6992
3218226066162129945;2021-08;0.8461
3218226066162129945;2021-08;0.7004
3218226066162129945;2021-08;0.7059
3218226066162129945;2021-09;0.8455
3218226066162129945;2021-09;0.8463
3218226066162129945;2021-10;0.6929
3218226066162129945;2021-10;0.8523
3228830386980584958;2021-07;0.1336
3228830386980584958;2021-07;0.1416
3228830386980584958;2021-07;0.1416
3228830386980584958;2021-08;0.1461
3228830386980584958;2021-08;0.1461
3228830386980584958;2021-09;0.1327
3228830386980584958;2021-09;0.1327
3228830386980584958;2021-09;0.1326
3228830386980584958;2021-09;0.1326
3228830386980584958;2021-10;0.134
3228830386980584958;2021-10;0.134
3248432590399829766;2021-07;0.1625
3248432590399829766;2021-07;0.1625
3248432590399829766;2021-07;0.1633
3248432590399829766;2021-07;0.1633
3248432590399829766;2021-07;0.1633
3248432590399829766;2021-08;0.1633
3248432590399829766;2021-08;0.1625
3248432590399829766;2021-08;0.1625
3248432590399829766;2021-08;0.1625
3248432590399829766;2021-10;0.1714
3248432590399829766;2021-10;0.1624
3248432590399829766;2021-11;0.1624
3248432590399829766;2021-11;0.4188
3248432590399829766;2021-11;0.1624
3248432590399829766;2021-11;0.1624
3248432590399829766;2021-11;0.1714
3258345688897172820;2021-07;0.6576
3258345688897172820;2021-07;0.7916
3258345688897172820;2021-07;0.6602
3258345688897172820;2021-08;0.6559
3258345688897172820;2021-09;0.798
3258345688897172820;2021-09;0.6559
3258345688897172820;2021-09;0.6559
3258345688897172820;2021-09;0.6559
3258345688897172820;2021-09;0.6552
3258345688897172820;2021-10;0.693
3258345688897172820;2021-10;0.6901
3258345688897172820;2021-11;0.8009
3263212305228307743;2021-07;0.1735
3263212305228307743;2021-07;0.1735
3263212305228307743;2021-07;0.1735
3263212305228307743;2021-07;0.1735
3263212305228307743;2021-07;0.1746
3263212305228307743;2021-07;0.1746
3263212305228307743;2021-07;0.1746
3263212305228307743;2021-08;0.1746
3263212305228307743;2021-08;0.1735
3263212305228307743;2021-08;0.1735
3263212305228307743;2021-08;0.1983
3263212305228307743;2021-08;0.1735
3263212305228307743;2021-08;0.1735
3263212305228307743;2021-08;0.1735
3263212305228307743;2021-08;0.1735
3263212305228307743;2021-09;0.1768
3263212305228307743;2021-09;0.1768
3263212305228307743;2021-09;0.1768
3263212305228307743;2021-10;0.1735
3263212305228307743;2021-10;0.1746
3263212305228307743;2021-11;0.1779
3263212305228307743;2021-11;0.1779
3275327267689584006;2021-07;0.7436
3275327267689584006;2021-08;0.7641
3275327267689584006;2021-08;0.7641
3275327267689584006;2021-08;0.7641
3275327267689584006;2021-09;0.7488
3275327267689584006;2021-09;0.8811
3275327267689584006;2021-10;0.7407
3275327267689584006;2021-10;0.7407
3279078057358159966;2021-07;0.6159
3279078057358159966;2021-08;0.6159
3279078057358159966;2021-08;0.6162
3279078057358159966;2021-08;0.6201
3279078057358159966;2021-09;0.6235
3279078057358159966;2021-09;0.6232
3279078057358159966;2021-09;0.6165
3279078057358159966;2021-10;0.6306
3279078057358159966;2021-10;0.6306
3279078057358159966;2021-10;0.6342
3279417303675586812;2021-07;0.2836
3279417303675586812;2021-07;0.281
3279417303675586812;2021-07;0.2807
3281617395243454427;2021-07;0.347
3281617395243454427;2021-07;0.3379
3281617395243454427;2021-07;0.3308
3281617395243454427;2021-08;0.3231
3281617395243454427;2021-08;0.3235
3281617395243454427;2021-09;0.3476
3281617395243454427;2021-09;0.342
3281617395243454427;2021-10;0.3388
3281617395243454427;2021-10;0.3491
3281617395243454427;2021-10;0.3388
3281617395243454427;2021-11;0.3179
3281617395243454427;2021-11;0.3183
3281617395243454427;2021-11;0.3183
3281818438120834833;2021-07;0.1665
3281818438120834833;2021-07;0.1665
3281818438120834833;2021-08;0.1661
3281818438120834833;2021-09;0.1661
3281818438120834833;2021-09;0.1665
3283662016127058429;2021-07;0.2278
3283662016127058429;2021-07;0.213
3283662016127058429;2021-08;0.2132
3283662016127058429;2021-09;0.2206
3283662016127058429;2021-10;0.2168
3283662016127058429;2021-10;0.2126
3283662016127058429;2021-11;0.1904
3285246914299291124;2021-07;0.1955
3285246914299291124;2021-07;0.1976
3285246914299291124;2021-07;0.1955
3285246914299291124;2021-07;0.1955
3285246914299291124;2021-07;0.1955
3285246914299291124;2021-07;0.1976
3285246914299291124;2021-07;0.1955
3285246914299291124;2021-08;0.2064
3285246914299291124;2021-08;0.2064
3285246914299291124;2021-08;0.2064
3285246914299291124;2021-08;0.2064
3285246914299291124;2021-08;0.2092
3285246914299291124;2021-09;0.2012
3285246914299291124;2021-09;0.2012
3285246914299291124;2021-09;0.2012
3285246914299291124;2021-09;0.2012
3285246914299291124;2021-09;0.2012
3285246914299291124;2021-09;0.2012
3285246914299291124;2021-09;0.2012
3285246914299291124;2021-09;0.2012
3285246914299291124;2021-09;0.2012
3285246914299291124;2021-10;0.204
3285246914299291124;2021-10;0.204
3285246914299291124;2021-10;0.2013
3285246914299291124;2021-10;0.2013
3285246914299291124;2021-10;0.2013
3285246914299291124;2021-10;0.2013
3285246914299291124;2021-11;0.2061
3285246914299291124;2021-11;0.2061
3285246914299291124;2021-11;0.2061
3285246914299291124;2021-11;0.2065
3333870869270823799;2021-08;0.4844
3338087778895249031;2021-07;0.5487
3355881107559250653;2021-07;0.2158
3355881107559250653;2021-07;0.2158
3355881107559250653;2021-07;0.2158
3355881107559250653;2021-07;0.2155
3355881107559250653;2021-07;0.2155
3355881107559250653;2021-07;0.2158
3355881107559250653;2021-07;0.2158
3355881107559250653;2021-07;0.2156
3355881107559250653;2021-07;0.2156
3355881107559250653;2021-07;0.223
3355881107559250653;2021-07;0.2479
3355881107559250653;2021-07;0.2492
3355881107559250653;2021-07;0.2492
3355881107559250653;2021-07;0.2492
3355881107559250653;2021-07;0.2492
3355881107559250653;2021-08;0.2582
3355881107559250653;2021-08;0.2582
3355881107559250653;2021-08;0.2582
3355881107559250653;2021-08;0.2582
3355881107559250653;2021-08;0.2582
3355881107559250653;2021-08;0.2582
3355881107559250653;2021-08;0.2548
3355881107559250653;2021-08;0.2548
3355881107559250653;2021-08;0.2544
3355881107559250653;2021-08;0.2544
3355881107559250653;2021-08;0.2544
3355881107559250653;2021-08;0.2548
3355881107559250653;2021-08;0.2548
3355881107559250653;2021-08;0.2544
3355881107559250653;2021-08;0.2548
3355881107559250653;2021-08;0.2548
3355881107559250653;2021-09;0.2507
3355881107559250653;2021-09;0.2507
3355881107559250653;2021-09;0.2507
3355881107559250653;2021-09;0.2503
3355881107559250653;2021-09;0.2503
3355881107559250653;2021-09;0.2507
3355881107559250653;2021-09;0.2507
3355881107559250653;2021-09;0.2503
3355881107559250653;2021-09;0.2507
3355881107559250653;2021-09;0.2503
3355881107559250653;2021-10;0.2489
3355881107559250653;2021-10;0.2507
3355881107559250653;2021-10;0.2489
3355881107559250653;2021-10;0.2489
3355881107559250653;2021-10;0.2507
3355881107559250653;2021-10;0.2503
3355881107559250653;2021-10;0.2489
3355881107559250653;2021-10;0.2507
3355881107559250653;2021-10;0.2503
3355881107559250653;2021-10;0.2507
3355881107559250653;2021-10;0.2507
3355881107559250653;2021-10;0.2489
3355881107559250653;2021-10;0.2507
3355881107559250653;2021-10;0.2474
3355881107559250653;2021-10;0.2423
3355881107559250653;2021-10;0.2474
3355881107559250653;2021-10;0.2474
3355881107559250653;2021-10;0.2436
3355881107559250653;2021-10;0.2436
3355881107559250653;2021-11;0.2425
3355881107559250653;2021-11;0.4677
3355881107559250653;2021-11;0.2477
3355881107559250653;2021-11;0.2477
3355881107559250653;2021-11;0.2492
3355881107559250653;2021-11;0.2509
3355881107559250653;2021-11;0.2505
3355881107559250653;2021-11;0.2505
3355881107559250653;2021-11;0.2492
3355881107559250653;2021-11;0.2509
3357976326879346012;2021-07;0.6144
3357976326879346012;2021-07;0.6071
3357976326879346012;2021-08;0.6071
3357976326879346012;2021-08;0.5991
3357976326879346012;2021-09;0.5991
3357976326879346012;2021-09;0.5991
3357976326879346012;2021-09;0.5927
3357976326879346012;2021-09;0.5947
3357976326879346012;2021-10;0.5947
3357976326879346012;2021-10;0.5947
3357976326879346012;2021-10;0.6006
3357976326879346012;2021-10;0.5966
3361278050140871809;2021-08;0.7015
3361278050140871809;2021-10;0.6584
3382609338395832683;2021-07;0.5611
3382609338395832683;2021-07;0.5598
3382609338395832683;2021-07;0.5598
3382609338395832683;2021-07;0.556
3382609338395832683;2021-08;0.5495
3382609338395832683;2021-08;0.5495
3382609338395832683;2021-08;0.5495
3382609338395832683;2021-08;0.5495
3382609338395832683;2021-09;0.5486
3382609338395832683;2021-09;0.5432
3382609338395832683;2021-10;0.5634
3382624494518753363;2021-07;0.7657
3382624494518753363;2021-07;0.8776
3382624494518753363;2021-07;0.7685
3382624494518753363;2021-07;0.7685
3382624494518753363;2021-07;0.7672
3382624494518753363;2021-07;0.7672
3382624494518753363;2021-07;0.7672
3382624494518753363;2021-07;0.7672
3382624494518753363;2021-08;0.795
3382624494518753363;2021-08;0.795
3382624494518753363;2021-08;0.8802
3382624494518753363;2021-08;0.7978
3382624494518753363;2021-09;0.7673
3382624494518753363;2021-09;0.7673
3382624494518753363;2021-09;0.8789
3382624494518753363;2021-09;0.7673
3382624494518753363;2021-09;0.7673
3382624494518753363;2021-09;0.7673
3382624494518753363;2021-10;0.7667
3382624494518753363;2021-10;0.7667
3382624494518753363;2021-11;0.7667
3382624494518753363;2021-11;0.7667
3382624494518753363;2021-11;0.7667
3384356870037163810;2021-07;0.2776
3386019519917828299;2021-07;0.1893
3386019519917828299;2021-08;0.1651
3386019519917828299;2021-08;0.1651
3386019519917828299;2021-09;0.1651
3386019519917828299;2021-09;0.1651
3386019519917828299;2021-10;0.1822
3386019519917828299;2021-10;0.1822
3386019519917828299;2021-10;0.1822
3386019519917828299;2021-11;0.1662
3386019519917828299;2021-11;0.1662
3387580208304842365;2021-10;0.2244
3391123212703223634;2021-09;0.1438
3408536439470975134;2021-07;0.1489
3408536439470975134;2021-07;0.1489
3408536439470975134;2021-07;0.1489
3408536439470975134;2021-07;0.1489
3408536439470975134;2021-07;0.1489
3408536439470975134;2021-07;0.1489
3408536439470975134;2021-07;0.1489
3408536439470975134;2021-07;0.1489
3408536439470975134;2021-08;0.1482
3408536439470975134;2021-08;0.1479
3408536439470975134;2021-08;0.1479
3408536439470975134;2021-08;0.1479
3408536439470975134;2021-08;0.1468
3408536439470975134;2021-08;0.1468
3408536439470975134;2021-08;0.1468
3408536439470975134;2021-08;0.1468
3408536439470975134;2021-08;0.1468
3408536439470975134;2021-09;0.1478
3408536439470975134;2021-09;0.1478
3408536439470975134;2021-09;0.1478
3408536439470975134;2021-09;0.1478
3408536439470975134;2021-09;0.1478
3408536439470975134;2021-09;0.1478
3408536439470975134;2021-09;0.1478
3408536439470975134;2021-09;0.1478
3408536439470975134;2021-09;0.1478
3408536439470975134;2021-09;0.1489
3408536439470975134;2021-09;0.1489
3408536439470975134;2021-09;0.1489
3408536439470975134;2021-10;0.1942
3408536439470975134;2021-10;0.1942
3408536439470975134;2021-10;0.1942
3408536439470975134;2021-10;0.1942
3408536439470975134;2021-10;0.1858
3408536439470975134;2021-10;0.1858
3408536439470975134;2021-10;0.1858
3408536439470975134;2021-10;0.1858
3408536439470975134;2021-10;0.1858
3408536439470975134;2021-11;0.1468
3408536439470975134;2021-11;0.1468
3408536439470975134;2021-11;0.1468
3408536439470975134;2021-11;0.1468
3408536439470975134;2021-11;0.1468
3408536439470975134;2021-11;0.1468
3408536439470975134;2021-11;0.1468
3408536439470975134;2021-11;0.1468
3415156360538677905;2021-07;0.2196
3415156360538677905;2021-07;0.2002
3415156360538677905;2021-09;0.1884
3421433989501830226;2021-07;0.7626
3421433989501830226;2021-07;0.5337
3421433989501830226;2021-09;0.5085
3421433989501830226;2021-09;0.5065
3421433989501830226;2021-10;0.4948
3421433989501830226;2021-11;0.4766
3423512048884192208;2021-10;0.385
3423512048884192208;2021-10;0.4003
3431426889924624821;2021-11;0.2433
3431426889924624821;2021-11;0.2272
3447213159487287154;2021-08;0.5208
3447213159487287154;2021-08;0.5208
3447213159487287154;2021-08;0.5208
3447213159487287154;2021-08;0.5175
3447213159487287154;2021-10;0.1468
3447213159487287154;2021-10;0.1468
3447213159487287154;2021-10;0.1464
3447213159487287154;2021-11;0.1618
3454481508285917519;2021-09;0.2315
3454481508285917519;2021-09;0.2163
3454481508285917519;2021-09;0.2146
3472934456083131714;2021-07;0.2343
3472934456083131714;2021-08;0.2343
3472934456083131714;2021-08;0.2346
3472934456083131714;2021-08;0.236
3472934456083131714;2021-08;0.2357
3472934456083131714;2021-09;0.2357
3472934456083131714;2021-09;0.2354
3472934456083131714;2021-10;0.5118
3472934456083131714;2021-10;0.2389
3472934456083131714;2021-11;0.2361
3472934456083131714;2021-11;0.2361
3472934456083131714;2021-11;0.2361
3480297543931395935;2021-07;0.6851
3480297543931395935;2021-07;0.6831
3480297543931395935;2021-07;0.6794
3480297543931395935;2021-07;0.6814
3480297543931395935;2021-07;0.6632
3480297543931395935;2021-07;0.6727
3480297543931395935;2021-08;0.8374
3480297543931395935;2021-08;0.6609
3480297543931395935;2021-08;0.661
3480297543931395935;2021-09;0.6676
3480297543931395935;2021-09;0.6396
3480297543931395935;2021-09;0.6457
3480297543931395935;2021-10;0.6753
3480297543931395935;2021-10;0.6695
3480297543931395935;2021-10;0.6651
3480297543931395935;2021-10;0.6722
3480297543931395935;2021-10;0.6664
3511416927745338332;2021-07;0.1482
3511416927745338332;2021-07;0.1485
3511416927745338332;2021-07;0.1485
3511416927745338332;2021-07;0.1482
3511416927745338332;2021-07;0.1485
3511416927745338332;2021-07;0.1485
3511416927745338332;2021-07;0.1485
3511416927745338332;2021-07;0.1409
3511416927745338332;2021-08;0.1419
3511416927745338332;2021-08;0.1415
3511416927745338332;2021-09;0.1409
3511416927745338332;2021-10;0.1416
3511416927745338332;2021-10;0.142
3511416927745338332;2021-11;0.1416
3516294920850464913;2021-07;0.1834
3516294920850464913;2021-08;0.182
3536431875244944563;2021-07;0.192
3536431875244944563;2021-07;0.192
3536431875244944563;2021-08;0.1886
3536704882799524586;2021-07;0.7328
3536704882799524586;2021-07;0.7276
3536704882799524586;2021-08;0.728
3536704882799524586;2021-08;0.701
3536704882799524586;2021-10;0.7018
3538481420098344176;2021-07;0.7927
3538481420098344176;2021-07;0.7927
3538481420098344176;2021-08;0.7684
3538481420098344176;2021-08;0.7665
3543162424793477785;2021-07;0.5765
3543162424793477785;2021-07;0.2631
3543162424793477785;2021-08;0.265
3543162424793477785;2021-08;0.2646
3543162424793477785;2021-08;0.2586
3543162424793477785;2021-08;0.2546
3543162424793477785;2021-09;0.2608
3543162424793477785;2021-09;0.2612
3543162424793477785;2021-09;0.2623
3543162424793477785;2021-09;0.2619
3543162424793477785;2021-10;0.2451
3543162424793477785;2021-10;0.2493
3543162424793477785;2021-11;0.2511
3543162424793477785;2021-11;0.5149
3543162424793477785;2021-11;0.2454
3543162424793477785;2021-11;0.2457
3543162424793477785;2021-11;0.2454
3543162424793477785;2021-11;0.2382
3555655653190753786;2021-07;0.6764
3555655653190753786;2021-09;0.693
3571198145319411787;2021-07;0.1622
3571198145319411787;2021-07;0.1622
3571198145319411787;2021-07;0.2689
3571198145319411787;2021-07;0.1622
3571198145319411787;2021-07;0.1622
3571198145319411787;2021-10;0.1584
3591324331706630867;2021-07;0.6112
3591324331706630867;2021-07;0.6112
3591324331706630867;2021-08;0.6084
3591324331706630867;2021-08;0.6084
3591324331706630867;2021-08;0.6084
3591324331706630867;2021-08;0.6031
3591324331706630867;2021-08;0.6202
3591324331706630867;2021-09;0.6227
3591324331706630867;2021-09;0.6221
3591324331706630867;2021-09;0.6147
3591324331706630867;2021-10;0.6205
3591324331706630867;2021-10;0.6205
3591324331706630867;2021-10;0.6192
3591324331706630867;2021-10;0.6192
3591324331706630867;2021-10;0.6134
3591324331706630867;2021-10;0.6131
3591324331706630867;2021-11;0.6238
3591324331706630867;2021-11;0.6208
3592461881055047578;2021-08;0.5029
3592461881055047578;2021-09;0.5175
3592461881055047578;2021-09;0.5117
3592461881055047578;2021-10;0.5093
3592639146446725280;2021-09;0.584
3605652314611460806;2021-09;0.1767
3605652314611460806;2021-09;0.1772
3605652314611460806;2021-10;0.1772
3605652314611460806;2021-10;0.1772
3605652314611460806;2021-10;0.1764
3605652314611460806;2021-11;0.1806
3629889536335411116;2021-10;0.1585
3631603567749349715;2021-07;0.1689
3631603567749349715;2021-08;0.1677
3631603567749349715;2021-08;0.1677
3631603567749349715;2021-08;0.168
3631603567749349715;2021-11;0.164
3632378524835692731;2021-07;0.1845
3632378524835692731;2021-07;0.1845
3632378524835692731;2021-07;0.1845
3632378524835692731;2021-07;0.1842
3632378524835692731;2021-08;0.1841
3632378524835692731;2021-08;0.1843
3632378524835692731;2021-10;0.1852
3632378524835692731;2021-10;0.4598
3632378524835692731;2021-10;0.1844
3634047863995720708;2021-07;0.1762
3634047863995720708;2021-07;0.1762
3634047863995720708;2021-08;0.1772
3634047863995720708;2021-08;0.1772
3634047863995720708;2021-08;0.1772
3634047863995720708;2021-09;0.1766
3634047863995720708;2021-09;0.1766
3634047863995720708;2021-09;0.1762
3634047863995720708;2021-10;0.1874
3634047863995720708;2021-10;0.1871
3634047863995720708;2021-10;0.1874
3634047863995720708;2021-10;0.1874
3634047863995720708;2021-10;0.193
3634047863995720708;2021-10;0.193
3660744270380078352;2021-07;0.7356
3660744270380078352;2021-08;0.6945
3660744270380078352;2021-08;0.7356
3660744270380078352;2021-08;0.7307
3660744270380078352;2021-08;0.7368
3660744270380078352;2021-08;0.7368
3660744270380078352;2021-09;0.7226
3660744270380078352;2021-09;0.7485
3660744270380078352;2021-09;0.7334
3660744270380078352;2021-09;0.6897
3660744270380078352;2021-10;0.845
3660744270380078352;2021-10;0.7044
3660744270380078352;2021-10;0.7364
3660744270380078352;2021-10;0.7364
3660744270380078352;2021-11;0.724
3660744270380078352;2021-11;0.7344
3660744270380078352;2021-11;0.7344
3660744270380078352;2021-11;0.794
3660744270380078352;2021-11;0.7364
3660744270380078352;2021-11;0.8021
3660744270380078352;2021-11;0.7394
3668905663669864663;2021-07;0.1172
3668905663669864663;2021-07;0.1172
3668905663669864663;2021-07;0.1172
3668905663669864663;2021-08;0.1239
3668905663669864663;2021-08;0.5366
3668905663669864663;2021-08;0.1239
3668905663669864663;2021-08;0.1239
3668905663669864663;2021-09;0.1182
3668905663669864663;2021-09;0.1182
3668905663669864663;2021-10;0.1239
3668905663669864663;2021-10;0.1261
3668905663669864663;2021-11;0.4955
3668905663669864663;2021-11;0.1244
3668905663669864663;2021-11;0.1244
3682570285558758138;2021-08;0.182
3682570285558758138;2021-10;0.1942
3682570285558758138;2021-10;0.1856
3682570285558758138;2021-11;0.178
3682570285558758138;2021-11;0.1776
3685376304786338340;2021-09;0.1422
3690886209682028027;2021-07;0.2584
3690886209682028027;2021-07;0.2584
3690886209682028027;2021-07;0.2584
3690886209682028027;2021-10;0.2578
3690886209682028027;2021-10;0.2578
3690886209682028027;2021-11;0.2578
3698481516392183789;2021-07;0.1408
3698481516392183789;2021-07;0.1408
3698481516392183789;2021-09;0.1412
3698481516392183789;2021-11;0.1398
3713742318997880410;2021-07;0.189
3713742318997880410;2021-07;0.1908
3713742318997880410;2021-07;0.1801
3713742318997880410;2021-07;0.1788
3713742318997880410;2021-08;0.1764
3713742318997880410;2021-08;0.1764
3713742318997880410;2021-09;0.1788
3713742318997880410;2021-09;0.1788
3713742318997880410;2021-09;0.1764
3713742318997880410;2021-10;0.1912
3713742318997880410;2021-10;0.1871
3713742318997880410;2021-10;0.2018
3713742318997880410;2021-10;0.2018
3724562776372632620;2021-08;0.6428
3724562776372632620;2021-08;0.6384
3724562776372632620;2021-09;0.6318
3724562776372632620;2021-10;0.6522
3724562776372632620;2021-10;0.6551
3724562776372632620;2021-11;0.6267
3731278848600349375;2021-07;0.175
3750579377644235511;2021-07;0.8537
3750579377644235511;2021-07;0.7056
3750579377644235511;2021-07;0.706
3750579377644235511;2021-07;0.6902
3750579377644235511;2021-08;0.7018
3750579377644235511;2021-08;0.7018
3750579377644235511;2021-08;0.6953
3750579377644235511;2021-10;0.6789
3750579377644235511;2021-10;0.6764
3750579377644235511;2021-10;0.6731
3807130563335796378;2021-07;0.6014
3807130563335796378;2021-08;0.5916
3807130563335796378;2021-08;0.6034
3807130563335796378;2021-08;0.6034
3807130563335796378;2021-09;0.592
3807130563335796378;2021-10;0.593
3807130563335796378;2021-10;0.5833
3812760626052898456;2021-07;0.1998
3812760626052898456;2021-09;0.1892
3812760626052898456;2021-09;0.1881
3812760626052898456;2021-10;0.1943
3812760626052898456;2021-10;0.1943
3812760626052898456;2021-10;0.1943
3812760626052898456;2021-11;0.1962
3812760626052898456;2021-11;0.1956
3822753345985951756;2021-07;0.1511
3822753345985951756;2021-07;0.1511
3822753345985951756;2021-07;0.1559
3822753345985951756;2021-07;0.1559
3822753345985951756;2021-08;0.156
3822753345985951756;2021-08;0.156
3822753345985951756;2021-08;0.1487
3822753345985951756;2021-08;0.1457
3822753345985951756;2021-08;0.145
3822753345985951756;2021-09;0.1308
3822753345985951756;2021-09;0.1314
3822753345985951756;2021-10;0.1351
3822753345985951756;2021-10;0.1351
3822753345985951756;2021-10;0.1355
3822753345985951756;2021-11;0.1316
3822753345985951756;2021-11;0.1319
3829967475074118757;2021-07;0.8009
3829967475074118757;2021-07;0.8062
3829967475074118757;2021-07;0.807
3829967475074118757;2021-07;0.8078
3829967475074118757;2021-08;0.7588
3829967475074118757;2021-08;0.8613
3829967475074118757;2021-08;0.7632
3829967475074118757;2021-08;0.7588
3829967475074118757;2021-08;0.7588
3829967475074118757;2021-08;0.743
3829967475074118757;2021-08;0.7588
3829967475074118757;2021-08;0.7392
3829967475074118757;2021-08;0.743
3829967475074118757;2021-08;0.7632
3829967475074118757;2021-09;0.8118
3829967475074118757;2021-09;0.8065
3829967475074118757;2021-09;0.8816
3829967475074118757;2021-09;0.8065
3829967475074118757;2021-10;0.7588
3829967475074118757;2021-10;0.7588
3829967475074118757;2021-10;0.7588
3829967475074118757;2021-10;0.7632
3829967475074118757;2021-10;0.7575
3829967475074118757;2021-10;0.753
3829967475074118757;2021-10;0.7473
3829967475074118757;2021-11;0.753
3832944730982767714;2021-07;0.157
3832944730982767714;2021-07;0.1574
3832944730982767714;2021-09;0.1563
3838562409581494430;2021-08;0.1862
3838562409581494430;2021-09;0.1838
3888528635045328222;2021-07;0.6139
3888528635045328222;2021-07;0.6139
3888528635045328222;2021-07;0.6013
3888528635045328222;2021-07;0.5872
3888528635045328222;2021-07;0.5951
3888528635045328222;2021-08;0.5979
3888528635045328222;2021-08;0.7923
3888528635045328222;2021-09;0.7729
3888528635045328222;2021-09;0.5541
3888528635045328222;2021-09;0.5787
3888528635045328222;2021-10;0.7988
3888528635045328222;2021-10;0.5701
3903290047715748290;2021-08;0.7409
3906045000005838812;2021-10;0.3846
3915426102465954493;2021-07;0.1757
3915426102465954493;2021-08;0.1683
3915426102465954493;2021-09;0.1669
3915426102465954493;2021-09;0.1669
3915426102465954493;2021-10;0.1761
3915426102465954493;2021-10;0.1761
3915426102465954493;2021-11;0.168
3915426102465954493;2021-11;0.1694
3931892303497206092;2021-07;0.5154
3931892303497206092;2021-07;0.5154
3931892303497206092;2021-07;0.5154
3931892303497206092;2021-07;0.5143
3931892303497206092;2021-08;0.5496
3931892303497206092;2021-08;0.5489
3931892303497206092;2021-08;0.5489
3931892303497206092;2021-08;0.5489
3931892303497206092;2021-08;0.5489
3931892303497206092;2021-08;0.5489
3931892303497206092;2021-08;0.545
3931892303497206092;2021-08;0.5443
3931892303497206092;2021-09;0.51
3931892303497206092;2021-09;0.5107
3931892303497206092;2021-09;0.5107
3931892303497206092;2021-09;0.5079
3931892303497206092;2021-10;0.5358
3931892303497206092;2021-10;0.5358
3931892303497206092;2021-10;0.5293
3931892303497206092;2021-11;0.6749
3931892303497206092;2021-11;0.4605
3941676647656952109;2021-10;0.582
3941676647656952109;2021-10;0.5685
3941676647656952109;2021-11;0.5419
3941676647656952109;2021-11;0.5454
3941676647656952109;2021-11;0.5442
3960251564708868781;2021-07;0.1836
3960251564708868781;2021-07;0.2247
3960251564708868781;2021-07;0.1836
3960251564708868781;2021-07;0.1836
3960251564708868781;2021-07;0.1833
3960251564708868781;2021-07;0.1802
3960251564708868781;2021-07;0.1802
3960251564708868781;2021-08;0.2356
3960251564708868781;2021-08;0.2356
3960251564708868781;2021-08;0.1802
3960251564708868781;2021-08;0.1802
3960251564708868781;2021-08;0.2441
3960251564708868781;2021-09;0.1813
3960251564708868781;2021-09;0.2451
3960251564708868781;2021-09;0.1813
3960251564708868781;2021-09;0.2627
3960251564708868781;2021-09;0.2627
3960251564708868781;2021-10;0.1865
3960251564708868781;2021-10;0.2587
3960251564708868781;2021-10;0.1865
3960251564708868781;2021-11;0.1779
3960251564708868781;2021-11;0.1779
3965955331400146488;2021-09;0.2773
3970572142453508637;2021-07;0.4757
3970572142453508637;2021-07;0.4706
3970572142453508637;2021-08;0.4707
3970572142453508637;2021-08;0.7108
3970572142453508637;2021-09;0.7198
3970572142453508637;2021-10;0.4681
3970572142453508637;2021-10;0.4667
3970572142453508637;2021-11;0.7237
3970610368027129821;2021-07;0.2641
3970610368027129821;2021-08;0.2602
3970610368027129821;2021-08;0.2602
3970610368027129821;2021-09;0.2641
3970610368027129821;2021-10;0.2622
3970610368027129821;2021-11;0.2641
3977861004707764824;2021-07;0.5134
3977861004707764824;2021-07;0.5134
3977861004707764824;2021-07;0.5134
3977861004707764824;2021-07;0.5134
3977861004707764824;2021-07;0.518
3977861004707764824;2021-07;0.5217
3977861004707764824;2021-07;0.5224
3977861004707764824;2021-07;0.5217
3977861004707764824;2021-07;0.5217
3977861004707764824;2021-07;0.5224
3977861004707764824;2021-07;0.5217
3977861004707764824;2021-07;0.5217
3977861004707764824;2021-08;0.5319
3977861004707764824;2021-08;0.5319
3977861004707764824;2021-08;0.5319
3977861004707764824;2021-08;0.5319
3977861004707764824;2021-08;0.5319
3977861004707764824;2021-08;0.5319
3977861004707764824;2021-08;0.5288
3977861004707764824;2021-08;0.5282
3977861004707764824;2021-08;0.5282
3977861004707764824;2021-08;0.529
3977861004707764824;2021-08;0.5285
3977861004707764824;2021-09;0.5329
3977861004707764824;2021-09;0.5329
3977861004707764824;2021-09;0.5335
3977861004707764824;2021-09;0.5329
3977861004707764824;2021-09;0.5335
3977861004707764824;2021-09;0.5335
3977861004707764824;2021-09;0.5329
3977861004707764824;2021-09;0.5366
3977861004707764824;2021-09;0.5366
3977861004707764824;2021-09;0.5366
3977861004707764824;2021-09;0.5339
3977861004707764824;2021-09;0.5366
3977861004707764824;2021-09;0.5352
3977861004707764824;2021-09;0.5366
3977861004707764824;2021-09;0.5366
3977861004707764824;2021-09;0.5339
3977861004707764824;2021-10;0.5322
3977861004707764824;2021-10;0.5295
3977861004707764824;2021-10;0.5288
3977861004707764824;2021-10;0.5295
3977861004707764824;2021-10;0.5295
3977861004707764824;2021-10;0.5322
3977861004707764824;2021-10;0.5288
3977861004707764824;2021-10;0.5291
3977861004707764824;2021-10;0.5291
3977861004707764824;2021-10;0.5285
3977861004707764824;2021-10;0.5285
3977861004707764824;2021-10;0.5291
3977861004707764824;2021-10;0.5305
3977861004707764824;2021-10;0.5291
3977861004707764824;2021-10;0.5285
3977861004707764824;2021-10;0.5285
3977861004707764824;2021-11;0.5207
3977861004707764824;2021-11;0.5207
3977861004707764824;2021-11;0.52
3977861004707764824;2021-11;0.52
3977861004707764824;2021-11;0.5162
3977861004707764824;2021-11;0.5129
3977861004707764824;2021-11;0.5123
3977861004707764824;2021-11;0.5133
3977861004707764824;2021-11;0.516
3977861004707764824;2021-11;0.5133
3977861004707764824;2021-11;0.516
3977861004707764824;2021-11;0.5133
3977861004707764824;2021-11;0.516
3979129042322937623;2021-10;0.2274
3979129042322937623;2021-10;0.2119
3979129042322937623;2021-10;0.2071
3979129042322937623;2021-10;0.2037
3997247264680905799;2021-07;0.2223
3997247264680905799;2021-07;0.2223
3997247264680905799;2021-07;0.2284
3997247264680905799;2021-07;0.2284
3997247264680905799;2021-08;0.2284
3997247264680905799;2021-08;0.2282
3997247264680905799;2021-08;0.224
3997247264680905799;2021-08;0.2221
3997247264680905799;2021-08;0.2221
3997247264680905799;2021-08;0.2221
3997247264680905799;2021-09;0.2282
3997247264680905799;2021-09;0.2282
3997247264680905799;2021-09;0.2282
3997247264680905799;2021-09;0.2343
3997247264680905799;2021-09;0.2343
3997247264680905799;2021-09;0.2343
3997247264680905799;2021-09;0.2343
3997247264680905799;2021-10;0.2326
3997247264680905799;2021-10;0.2326
3997247264680905799;2021-10;0.2326
3997247264680905799;2021-10;0.2326
3997247264680905799;2021-10;0.2326
3997247264680905799;2021-10;0.2269
3997247264680905799;2021-10;0.2265
3997247264680905799;2021-10;0.2265
3997247264680905799;2021-10;0.2265
3997247264680905799;2021-10;0.2265
3997247264680905799;2021-10;0.2265
3997247264680905799;2021-11;0.2265
3997247264680905799;2021-11;0.2269
3997247264680905799;2021-11;0.2265
4003696935579172837;2021-09;0.597
4008627434689715639;2021-07;0.8002
4008627434689715639;2021-07;0.821
4008627434689715639;2021-07;0.7215
4008627434689715639;2021-08;0.7282
4008627434689715639;2021-08;0.8193
4008627434689715639;2021-08;0.8205
4008627434689715639;2021-08;0.8205
4008627434689715639;2021-08;0.8118
4008627434689715639;2021-08;0.7937
4008627434689715639;2021-08;0.8243
4008627434689715639;2021-08;0.736
4008627434689715639;2021-09;0.7337
4008627434689715639;2021-09;0.7266
4008627434689715639;2021-09;0.7215
4008627434689715639;2021-09;0.8208
4008627434689715639;2021-09;0.7297
4008627434689715639;2021-09;0.7249
4008627434689715639;2021-09;0.7226
4008627434689715639;2021-10;0.7183
4008627434689715639;2021-10;0.7183
4008627434689715639;2021-10;0.719
4008627434689715639;2021-10;0.7183
4008627434689715639;2021-10;0.7183
4008627434689715639;2021-10;0.7109
4008627434689715639;2021-11;0.7167
4018182555897034052;2021-07;0.1829
4018182555897034052;2021-07;0.1829
4018182555897034052;2021-07;0.1829
4018182555897034052;2021-07;0.1829
4018182555897034052;2021-08;0.1947
4018182555897034052;2021-08;0.1947
4018182555897034052;2021-08;0.1947
4018182555897034052;2021-08;0.1947
4018182555897034052;2021-08;0.1947
4018182555897034052;2021-08;0.1947
4018182555897034052;2021-08;0.1938
4018182555897034052;2021-08;0.1938
4018182555897034052;2021-09;0.1872
4018182555897034052;2021-09;0.4772
4018182555897034052;2021-09;0.1861
4018182555897034052;2021-09;0.1861
4018182555897034052;2021-09;0.1861
4018182555897034052;2021-09;0.1861
4018182555897034052;2021-10;0.1908
4018182555897034052;2021-10;0.1908
4018182555897034052;2021-10;0.1908
4018182555897034052;2021-10;0.1908
4018182555897034052;2021-10;0.1908
4018182555897034052;2021-10;0.1908
4018182555897034052;2021-10;0.1908
4018182555897034052;2021-10;0.1908
4018182555897034052;2021-10;0.1908
4018182555897034052;2021-10;0.1908
4018182555897034052;2021-10;0.1908
4018182555897034052;2021-11;0.1804
4018182555897034052;2021-11;0.1804
4018182555897034052;2021-11;0.1804
4043546053926060305;2021-07;0.7935
4043546053926060305;2021-07;0.7935
4043546053926060305;2021-07;0.7935
4043546053926060305;2021-07;0.7935
4043546053926060305;2021-07;0.7935
4043546053926060305;2021-07;0.79
4043546053926060305;2021-07;0.79
4043546053926060305;2021-08;0.8381
4043546053926060305;2021-08;0.7822
4043546053926060305;2021-08;0.7822
4043546053926060305;2021-08;0.7829
4043546053926060305;2021-08;0.7822
4043546053926060305;2021-08;0.7829
4043546053926060305;2021-08;0.7822
4043546053926060305;2021-08;0.7822
4043546053926060305;2021-08;0.7822
4043546053926060305;2021-08;0.7822
4043546053926060305;2021-09;0.8379
4043546053926060305;2021-09;0.7459
4043546053926060305;2021-10;0.8167
4043546053926060305;2021-10;0.8167
4043546053926060305;2021-10;0.8167
4045739494965095560;2021-07;0.393
4045739494965095560;2021-07;0.393
4045739494965095560;2021-07;0.393
4045739494965095560;2021-07;0.3781
4045739494965095560;2021-07;0.3785
4045739494965095560;2021-07;0.3786
4045739494965095560;2021-07;0.3781
4045739494965095560;2021-07;0.3785
4045739494965095560;2021-07;0.3785
4045739494965095560;2021-07;0.5215
4045739494965095560;2021-07;0.3785
4045739494965095560;2021-08;0.3726
4045739494965095560;2021-08;0.3732
4045739494965095560;2021-08;0.3763
4045739494965095560;2021-08;0.3732
4045739494965095560;2021-08;0.3763
4045739494965095560;2021-08;0.3732
4045739494965095560;2021-08;0.3763
4045739494965095560;2021-08;0.3726
4045739494965095560;2021-08;0.3726
4045739494965095560;2021-08;0.3763
4045739494965095560;2021-08;0.3763
4045739494965095560;2021-08;0.388
4045739494965095560;2021-08;0.3804
4045739494965095560;2021-08;0.3803
4045739494965095560;2021-08;0.3803
4045739494965095560;2021-08;0.3803
4045739494965095560;2021-09;0.3698
4045739494965095560;2021-09;0.3698
4045739494965095560;2021-09;0.3698
4045739494965095560;2021-09;0.366
4045739494965095560;2021-09;0.3667
4045739494965095560;2021-09;0.3667
4045739494965095560;2021-09;0.3698
4045739494965095560;2021-09;0.3667
4045739494965095560;2021-09;0.366
4045739494965095560;2021-09;0.3698
4045739494965095560;2021-09;0.3663
4045739494965095560;2021-09;0.3661
4045739494965095560;2021-09;0.3657
4045739494965095560;2021-09;0.3608
4045739494965095560;2021-09;0.3608
4045739494965095560;2021-09;0.3608
4045739494965095560;2021-09;0.3608
4045739494965095560;2021-09;0.3611
4045739494965095560;2021-09;0.3604
4045739494965095560;2021-09;0.3604
4045739494965095560;2021-09;0.3611
4045739494965095560;2021-09;0.3682
4045739494965095560;2021-09;0.3608
4045739494965095560;2021-09;0.3608
4045739494965095560;2021-10;0.3608
4045739494965095560;2021-10;0.3608
4045739494965095560;2021-10;0.3596
4045739494965095560;2021-10;0.3608
4045739494965095560;2021-10;0.3608
4045739494965095560;2021-10;0.3608
4045739494965095560;2021-10;0.3608
4045739494965095560;2021-10;0.3608
4045739494965095560;2021-10;0.3601
4045739494965095560;2021-10;0.3601
4045739494965095560;2021-10;0.3597
4045739494965095560;2021-10;0.3601
4045739494965095560;2021-10;0.3603
4045739494965095560;2021-11;0.3586
4045739494965095560;2021-11;0.359
4045739494965095560;2021-11;0.3592
4045739494965095560;2021-11;0.3586
4045739494965095560;2021-11;0.359
4045739494965095560;2021-11;0.3592
4045739494965095560;2021-11;0.3586
4045739494965095560;2021-11;0.3598
4045739494965095560;2021-11;0.3598
4050525344257805036;2021-08;0.2731
4052557282157719526;2021-07;0.2977
4052557282157719526;2021-07;0.2952
4052557282157719526;2021-08;0.2921
4052557282157719526;2021-08;0.2939
4052557282157719526;2021-09;0.2864
4052557282157719526;2021-09;0.2874
4052557282157719526;2021-09;0.2874
4052557282157719526;2021-10;0.2916
4052557282157719526;2021-10;0.2913
4052557282157719526;2021-10;0.2913
4052557282157719526;2021-10;0.2913
4052557282157719526;2021-10;0.2913
4061297388883391410;2021-07;0.1551
4061297388883391410;2021-08;0.1551
4061297388883391410;2021-08;0.1548
4061297388883391410;2021-08;0.1551
4061297388883391410;2021-08;0.1551
4061297388883391410;2021-09;0.1584
4061297388883391410;2021-09;0.1536
4061297388883391410;2021-09;0.1532
4061297388883391410;2021-10;0.4909
4061297388883391410;2021-10;0.1536
4061297388883391410;2021-10;0.1532
4061297388883391410;2021-10;0.1543
4061297388883391410;2021-11;0.1557
4061297388883391410;2021-11;0.1553
4061297388883391410;2021-11;0.1546
4071158585850879204;2021-07;0.3106
4071158585850879204;2021-07;0.311
4071158585850879204;2021-07;0.6245
4071158585850879204;2021-07;0.3106
4071158585850879204;2021-08;0.3123
4071158585850879204;2021-09;0.3113
4071158585850879204;2021-09;0.3106
4071158585850879204;2021-09;0.3106
4071158585850879204;2021-10;0.313
4071158585850879204;2021-10;0.3127
4071158585850879204;2021-11;0.3765
4071158585850879204;2021-11;0.3765
4071158585850879204;2021-11;0.3765
4071158585850879204;2021-11;0.3765
4071158585850879204;2021-11;0.3694
4071158585850879204;2021-11;0.3686
4090195792518021727;2021-07;0.1796
4090195792518021727;2021-08;0.1807
4090195792518021727;2021-08;0.1807
4090195792518021727;2021-08;0.1807
4090195792518021727;2021-08;0.1807
4090195792518021727;2021-10;0.1857
4090195792518021727;2021-11;0.1781
4095739077267179172;2021-07;0.6066
4095739077267179172;2021-07;0.611
4095739077267179172;2021-07;0.604
4095739077267179172;2021-07;0.6026
4095739077267179172;2021-07;0.6051
4095739077267179172;2021-09;0.644
4095739077267179172;2021-09;0.6457
4095739077267179172;2021-10;0.6078
4095739077267179172;2021-10;0.6078
4095739077267179172;2021-10;0.6046
4095739077267179172;2021-10;0.6075
4095739077267179172;2021-11;0.6075
4095739077267179172;2021-11;0.603
4104959289203999917;2021-07;0.1158
4104959289203999917;2021-07;0.1162
4104959289203999917;2021-08;0.1171
4104959289203999917;2021-10;0.1214
4104959289203999917;2021-11;0.1305
4104959289203999917;2021-11;0.1305
4110562609148185966;2021-10;0.6159
4121608857053177761;2021-07;0.5828
4130617254899676131;2021-08;0.6817
4130617254899676131;2021-08;0.3811
4130617254899676131;2021-09;0.3259
4130617254899676131;2021-10;0.3249
4130617254899676131;2021-10;0.3249
4130617254899676131;2021-11;0.6462
4165983075385227812;2021-08;0.1996
4165983075385227812;2021-08;0.2013
4165983075385227812;2021-08;0.2009
4165983075385227812;2021-09;0.202
4165983075385227812;2021-09;0.2024
4165983075385227812;2021-09;0.1996
4165983075385227812;2021-10;0.1984
4165983075385227812;2021-10;0.1997
4165983075385227812;2021-11;0.1839
4166581859919473627;2021-07;0.2158
4166581859919473627;2021-07;0.2088
4166581859919473627;2021-07;0.2051
4166581859919473627;2021-07;0.1825
4166581859919473627;2021-07;0.1631
4166581859919473627;2021-08;0.1627
4166581859919473627;2021-08;0.1627
4166581859919473627;2021-08;0.1623
4166581859919473627;2021-08;0.1623
4166581859919473627;2021-11;0.1881
4170463992215954403;2021-07;0.1654
4170463992215954403;2021-08;0.1493
4183921942053157552;2021-07;0.4863
4183921942053157552;2021-07;0.4855
4183921942053157552;2021-08;0.4894
4183921942053157552;2021-08;0.4895
4183921942053157552;2021-08;0.4895
4183921942053157552;2021-08;0.4903
4183921942053157552;2021-09;0.4863
4183921942053157552;2021-09;0.4863
4183921942053157552;2021-10;0.5462
4183921942053157552;2021-10;0.5463
4183921942053157552;2021-10;0.5463
4187591029730357479;2021-07;0.2658
4187591029730357479;2021-09;0.2711
4187591029730357479;2021-10;0.2681
4187591029730357479;2021-10;0.2681
4187591029730357479;2021-10;0.2681
4189705495607963592;2021-09;0.26
4202876623878743806;2021-07;0.4641
4202876623878743806;2021-09;0.4665
4202876623878743806;2021-10;0.7346
4202876623878743806;2021-10;0.5211
4202876623878743806;2021-10;0.5172
4202876623878743806;2021-10;0.5174
4202876623878743806;2021-11;0.4539
4210463673385510745;2021-07;0.8574
4210463673385510745;2021-07;0.719
4210463673385510745;2021-07;0.7162
4210463673385510745;2021-07;0.7093
4210463673385510745;2021-07;0.6971
4210463673385510745;2021-08;0.6481
4210463673385510745;2021-08;0.6481
4210463673385510745;2021-08;0.6456
4210463673385510745;2021-08;0.6523
4210463673385510745;2021-08;0.6498
4210463673385510745;2021-09;0.6612
4210463673385510745;2021-09;0.6425
4210463673385510745;2021-09;0.6393
4210463673385510745;2021-10;0.6393
4210463673385510745;2021-10;0.6393
4210463673385510745;2021-10;0.6487
4210463673385510745;2021-10;0.6371
4210463673385510745;2021-11;0.8245
4210463673385510745;2021-11;0.6418
4210463673385510745;2021-11;0.6371
4225765667813563302;2021-10;0.2574
4228701400180066884;2021-09;0.5798
4235078665660987689;2021-07;0.2088
4235078665660987689;2021-07;0.2019
4235078665660987689;2021-09;0.2302
4235078665660987689;2021-09;0.2223
4235078665660987689;2021-09;0.1978
4235078665660987689;2021-09;0.1961
4235078665660987689;2021-09;0.1907
4235078665660987689;2021-09;0.1922
4235078665660987689;2021-10;0.1784
4235078665660987689;2021-10;0.1784
4235078665660987689;2021-10;0.1784
4235078665660987689;2021-10;0.1784
4235078665660987689;2021-10;0.1784
4235078665660987689;2021-10;0.1784
4235078665660987689;2021-11;0.1784
4235078665660987689;2021-11;0.1773
4237135112070444140;2021-10;0.3094
4237135112070444140;2021-10;0.3038
4237135112070444140;2021-10;0.2989
4237135112070444140;2021-11;0.2909
4237135112070444140;2021-11;0.2723
4284129442855564250;2021-07;0.1777
4284129442855564250;2021-08;0.1761
4284129442855564250;2021-09;0.1863
4296149971687628223;2021-08;0.186
4296149971687628223;2021-09;0.1838
4296149971687628223;2021-09;0.1838
4296149971687628223;2021-10;0.1857
4327694790333781288;2021-07;0.155
4327694790333781288;2021-07;0.155
4327694790333781288;2021-07;0.155
4327694790333781288;2021-07;0.155
4327694790333781288;2021-08;0.4968
4327694790333781288;2021-08;0.156
4327694790333781288;2021-08;0.156
4327694790333781288;2021-08;0.1563
4327694790333781288;2021-09;0.1598
4327694790333781288;2021-10;0.1608
4327694790333781288;2021-10;0.1608
4327694790333781288;2021-10;0.1608
4327694790333781288;2021-10;0.1803
4327694790333781288;2021-10;0.164
4327694790333781288;2021-10;0.1636
4327694790333781288;2021-11;0.1557
4327694790333781288;2021-11;0.1557
4327694790333781288;2021-11;0.1465
4334472256949955221;2021-07;0.2647
4334472256949955221;2021-07;0.2647
4334472256949955221;2021-07;0.2647
4334472256949955221;2021-08;0.2515
4334472256949955221;2021-08;0.2515
4334472256949955221;2021-09;0.2508
4334472256949955221;2021-09;0.2508
4334472256949955221;2021-09;0.2515
4334472256949955221;2021-09;0.2515
4334472256949955221;2021-10;0.2542
4334472256949955221;2021-10;0.2542
4334472256949955221;2021-10;0.2539
4334472256949955221;2021-10;0.2544
4334472256949955221;2021-11;0.5537
4334472256949955221;2021-11;0.2881
4334472256949955221;2021-11;0.2905
4335865859049992260;2021-07;0.4416
4335865859049992260;2021-07;0.2037
4335865859049992260;2021-08;0.2037
4335865859049992260;2021-08;0.2037
4335865859049992260;2021-08;0.204
4335865859049992260;2021-08;0.2037
4335865859049992260;2021-09;0.2037
4335865859049992260;2021-09;0.204
4335865859049992260;2021-09;0.2037
4335865859049992260;2021-09;0.204
4335865859049992260;2021-10;0.2037
4335865859049992260;2021-10;0.2037
4335865859049992260;2021-10;0.204
4335865859049992260;2021-10;0.2037
4335865859049992260;2021-11;0.2037
4335865859049992260;2021-11;0.2037
4335865859049992260;2021-11;0.2037
4335865859049992260;2021-11;0.2037
4342146186255136598;2021-07;0.1826
4342146186255136598;2021-07;0.1826
4342146186255136598;2021-07;0.4207
4342146186255136598;2021-07;0.1783
4342146186255136598;2021-07;0.1783
4342146186255136598;2021-08;0.1826
4342146186255136598;2021-08;0.1826
4342146186255136598;2021-08;0.1826
4342146186255136598;2021-08;0.1826
4342146186255136598;2021-08;0.1826
4342146186255136598;2021-08;0.1826
4342146186255136598;2021-08;0.1826
4342146186255136598;2021-08;0.1826
4342146186255136598;2021-08;0.1826
4342146186255136598;2021-08;0.1826
4342146186255136598;2021-08;0.1826
4342146186255136598;2021-09;0.1749
4342146186255136598;2021-09;0.1749
4342146186255136598;2021-09;0.1757
4342146186255136598;2021-09;0.1757
4342146186255136598;2021-10;0.1796
4342146186255136598;2021-10;0.1796
4342146186255136598;2021-10;0.1796
4342146186255136598;2021-10;0.1796
4342146186255136598;2021-10;0.1796
4342146186255136598;2021-10;0.1796
4342146186255136598;2021-11;0.185
4342146186255136598;2021-11;0.185
4347826483121154490;2021-07;0.1974
4347826483121154490;2021-07;0.1974
4347826483121154490;2021-07;0.1974
4347826483121154490;2021-07;0.1974
4347826483121154490;2021-07;0.1974
4347826483121154490;2021-07;0.1974
4347826483121154490;2021-07;0.1974
4347826483121154490;2021-07;0.1974
4347826483121154490;2021-07;0.1974
4347826483121154490;2021-07;0.1974
4347826483121154490;2021-07;0.1974
4347826483121154490;2021-07;0.198
4347826483121154490;2021-07;0.1976
4347826483121154490;2021-07;0.1976
4347826483121154490;2021-07;0.2031
4347826483121154490;2021-07;0.2037
4347826483121154490;2021-07;0.2031
4347826483121154490;2021-07;0.2037
4347826483121154490;2021-07;0.2031
4347826483121154490;2021-08;0.2091
4347826483121154490;2021-08;0.2037
4347826483121154490;2021-08;0.2091
4347826483121154490;2021-08;0.2037
4347826483121154490;2021-08;0.2037
4347826483121154490;2021-08;0.2037
4347826483121154490;2021-08;0.2091
4347826483121154490;2021-08;0.2037
4347826483121154490;2021-08;0.204
4347826483121154490;2021-08;0.2037
4347826483121154490;2021-08;0.204
4347826483121154490;2021-08;0.2037
4347826483121154490;2021-08;0.2037
4347826483121154490;2021-08;0.2037
4347826483121154490;2021-08;0.2091
4347826483121154490;2021-08;0.2037
4347826483121154490;2021-08;0.2037
4347826483121154490;2021-09;0.2051
4347826483121154490;2021-09;0.2051
4347826483121154490;2021-09;0.2051
4347826483121154490;2021-09;0.2051
4347826483121154490;2021-09;0.2051
4347826483121154490;2021-09;0.2051
4347826483121154490;2021-09;0.2053
4347826483121154490;2021-09;0.2051
4347826483121154490;2021-09;0.2051
4347826483121154490;2021-09;0.2053
4347826483121154490;2021-09;0.2051
4347826483121154490;2021-09;0.2053
4347826483121154490;2021-09;0.2051
4347826483121154490;2021-09;0.2053
4347826483121154490;2021-10;0.2046
4347826483121154490;2021-10;0.2046
4347826483121154490;2021-10;0.2101
4347826483121154490;2021-10;0.2101
4347826483121154490;2021-10;0.2083
4347826483121154490;2021-10;0.2138
4347826483121154490;2021-10;0.2138
4347826483121154490;2021-10;0.2083
4347826483121154490;2021-11;0.2074
4347826483121154490;2021-11;0.2074
4347826483121154490;2021-11;0.2074
4347826483121154490;2021-11;0.2074
4347826483121154490;2021-11;0.2074
4347826483121154490;2021-11;0.204
4347826483121154490;2021-11;0.2037
4347826483121154490;2021-11;0.2037
4351694415353093046;2021-08;0.7068
4351694415353093046;2021-09;0.8547
4365965554261111250;2021-07;0.7019
4365965554261111250;2021-07;0.7019
4365965554261111250;2021-07;0.7019
4365965554261111250;2021-07;0.7019
4365965554261111250;2021-07;0.6996
4365965554261111250;2021-07;0.712
4365965554261111250;2021-07;0.6996
4365965554261111250;2021-08;0.6965
4365965554261111250;2021-09;0.6966
4365965554261111250;2021-09;0.693
4365965554261111250;2021-09;0.6944
4365965554261111250;2021-09;0.6944
4365965554261111250;2021-10;0.6944
4365965554261111250;2021-10;0.6944
4365965554261111250;2021-10;0.7061
4392369075438855735;2021-08;0.2439
4392369075438855735;2021-08;0.2278
4392369075438855735;2021-08;0.2081
4392369075438855735;2021-09;0.2153
4392369075438855735;2021-09;0.2127
4392369075438855735;2021-09;0.2138
4392369075438855735;2021-10;0.2152
4392369075438855735;2021-10;0.2117
4395946187332973749;2021-07;0.1942
4395946187332973749;2021-08;0.1912
4395946187332973749;2021-09;0.1819
4395946187332973749;2021-10;0.1819
4395946187332973749;2021-11;0.1824
4414438591613884911;2021-07;0.3686
4414438591613884911;2021-07;0.3693
4414438591613884911;2021-07;0.3686
4414438591613884911;2021-07;0.369
4414438591613884911;2021-08;0.3675
4414438591613884911;2021-08;0.3675
4414438591613884911;2021-08;0.3675
4414438591613884911;2021-08;0.3673
4414438591613884911;2021-08;0.3669
4414438591613884911;2021-08;0.3669
4414438591613884911;2021-09;0.3669
4414438591613884911;2021-09;0.3662
4414438591613884911;2021-09;0.3675
4414438591613884911;2021-09;0.3675
4414438591613884911;2021-10;0.369
4414438591613884911;2021-10;0.369
4414438591613884911;2021-10;0.369
4414438591613884911;2021-10;0.369
4414438591613884911;2021-11;0.3688
4414438591613884911;2021-11;0.3682
4414438591613884911;2021-11;0.3682
4414438591613884911;2021-11;0.3699
4424973922927242822;2021-10;0.2178
4424973922927242822;2021-10;0.2024
4424973922927242822;2021-10;0.201
4432551314797496562;2021-07;0.8824
4432551314797496562;2021-09;0.8865
4444330375740387073;2021-09;0.2742
4444330375740387073;2021-10;0.2936
4444330375740387073;2021-10;0.2743
4465150716052427320;2021-07;0.3413
4465150716052427320;2021-07;0.3406
4465150716052427320;2021-07;0.341
4465150716052427320;2021-07;0.3417
4465150716052427320;2021-08;0.3459
4465150716052427320;2021-09;0.6096
4465150716052427320;2021-09;0.347
4465150716052427320;2021-09;0.347
4465150716052427320;2021-09;0.3473
4465150716052427320;2021-09;0.3473
4465150716052427320;2021-09;0.3473
4465150716052427320;2021-09;0.347
4465150716052427320;2021-09;0.347
4465150716052427320;2021-09;0.347
4465150716052427320;2021-09;0.343
4465150716052427320;2021-10;0.3419
4465150716052427320;2021-10;0.3419
4465150716052427320;2021-10;0.3419
4465150716052427320;2021-11;0.3419
4465150716052427320;2021-11;0.3426
4465150716052427320;2021-11;0.3419
4489904752023469353;2021-07;0.5718
4489904752023469353;2021-07;0.5733
4489904752023469353;2021-08;0.5279
4489904752023469353;2021-08;0.5352
4489904752023469353;2021-08;0.5256
4489904752023469353;2021-08;0.5314
4489904752023469353;2021-09;0.5314
4489904752023469353;2021-09;0.5256
4489904752023469353;2021-09;0.5338
4489904752023469353;2021-09;0.5338
4489904752023469353;2021-10;0.5182
4489904752023469353;2021-10;0.5205
4489904752023469353;2021-10;0.5205
4489904752023469353;2021-11;0.7284
4489904752023469353;2021-11;0.5134
4495596792165551705;2021-08;0.2119
4495596792165551705;2021-09;0.1884
4495596792165551705;2021-10;0.1721
4495596792165551705;2021-10;0.1702
4512887927067894301;2021-08;0.7416
4512887927067894301;2021-09;0.5231
4512887927067894301;2021-09;0.5239
4512887927067894301;2021-11;0.5428
4512887927067894301;2021-11;0.531
4524147234488547993;2021-07;0.2722
4524147234488547993;2021-07;0.2722
4524147234488547993;2021-07;0.2735
4524147234488547993;2021-07;0.273
4524147234488547993;2021-07;0.273
4524147234488547993;2021-08;0.2677
4524147234488547993;2021-08;0.2677
4524147234488547993;2021-08;0.2677
4524147234488547993;2021-08;0.2677
4524147234488547993;2021-09;0.2672
4524147234488547993;2021-09;0.2659
4524147234488547993;2021-10;0.2701
4524147234488547993;2021-10;0.2701
4524147234488547993;2021-10;0.2677
4524147234488547993;2021-11;0.2965
4524147234488547993;2021-11;0.2907
4527499691197377217;2021-07;0.303
4527499691197377217;2021-07;0.3024
4527499691197377217;2021-07;0.3024
4527499691197377217;2021-08;0.5863
4527499691197377217;2021-08;0.3013
4527499691197377217;2021-10;0.3051
4527499691197377217;2021-11;0.305
4530631557358349711;2021-07;0.2634
4530631557358349711;2021-07;0.2634
4530631557358349711;2021-08;0.2458
4530631557358349711;2021-08;0.2458
4530631557358349711;2021-08;0.2469
4530631557358349711;2021-08;0.2469
4530631557358349711;2021-09;0.2535
4530631557358349711;2021-09;0.2535
4530631557358349711;2021-09;0.2535
4530631557358349711;2021-10;0.2469
4530631557358349711;2021-10;0.2469
4530631557358349711;2021-11;0.2516
4530631557358349711;2021-11;0.2561
4532469127306079736;2021-07;0.3026
4532469127306079736;2021-07;0.3029
4532469127306079736;2021-07;0.3023
4532469127306079736;2021-08;0.3011
4532469127306079736;2021-09;0.622
4532469127306079736;2021-09;0.3034
4532469127306079736;2021-09;0.3028
4532469127306079736;2021-09;0.3046
4532469127306079736;2021-09;0.3043
4532469127306079736;2021-10;0.3599
4532469127306079736;2021-10;0.3598
4532469127306079736;2021-11;0.3051
4532469127306079736;2021-11;0.3029
4537268360654655629;2021-07;0.5903
4537268360654655629;2021-08;0.5873
4537268360654655629;2021-09;0.5856
4537982850248578883;2021-07;0.2294
4537982850248578883;2021-07;0.2294
4537982850248578883;2021-07;0.2294
4537982850248578883;2021-08;0.2267
4537982850248578883;2021-08;0.2263
4537982850248578883;2021-08;0.2267
4537982850248578883;2021-09;0.2305
4537982850248578883;2021-09;0.2308
4537982850248578883;2021-09;0.2305
4537982850248578883;2021-09;0.2308
4537982850248578883;2021-10;0.2267
4537982850248578883;2021-10;0.2274
4537982850248578883;2021-11;0.2256
4537982850248578883;2021-11;0.2256
4541506527938763361;2021-09;0.7416
4541506527938763361;2021-09;0.737
4541506527938763361;2021-10;0.7051
4541506527938763361;2021-11;0.7051
4556737702757145073;2021-07;0.1844
4556737702757145073;2021-07;0.1898
4556737702757145073;2021-08;0.1921
4556737702757145073;2021-08;0.1921
4556737702757145073;2021-08;0.1863
4556737702757145073;2021-09;0.4471
4556737702757145073;2021-09;0.1824
4556737702757145073;2021-09;0.1824
4556737702757145073;2021-09;0.1824
4556737702757145073;2021-10;0.4558
4556737702757145073;2021-11;0.4494
4556737702757145073;2021-11;0.1844
4559400286159883576;2021-09;0.2388
4562495119288161876;2021-10;0.2099
4566920105008626302;2021-07;0.1872
4566920105008626302;2021-07;0.1872
4566920105008626302;2021-07;0.1872
4566920105008626302;2021-08;0.1883
4566920105008626302;2021-10;0.1828
4566920105008626302;2021-10;0.1828
4566920105008626302;2021-11;0.1818
4566920105008626302;2021-11;0.1818
4566920105008626302;2021-11;0.1821
4566920105008626302;2021-11;0.1818
4569866309119931805;2021-08;0.2829
4569866309119931805;2021-08;0.2782
4569866309119931805;2021-09;0.2493
4569866309119931805;2021-09;0.5637
4569866309119931805;2021-10;0.5523
4569866309119931805;2021-10;0.2368
4569866309119931805;2021-10;0.2368
4569866309119931805;2021-10;0.2368
4569866309119931805;2021-11;0.2368
4570863207041489270;2021-10;0.2158
4571290108043699959;2021-07;0.1595
4571290108043699959;2021-08;0.175
4571290108043699959;2021-08;0.1749
4571290108043699959;2021-08;0.1752
4571290108043699959;2021-09;0.1601
4571290108043699959;2021-09;0.1584
4571290108043699959;2021-09;0.1601
4571290108043699959;2021-09;0.1598
4571290108043699959;2021-09;0.1601
4571290108043699959;2021-09;0.1598
4571290108043699959;2021-09;0.1598
4571290108043699959;2021-09;0.1601
4571290108043699959;2021-10;0.1612
4571290108043699959;2021-10;0.1609
4571290108043699959;2021-11;0.1609
4571290108043699959;2021-11;0.4399
4571290108043699959;2021-11;0.1612
4571290108043699959;2021-11;0.1609
4571290108043699959;2021-11;0.1612
4571290108043699959;2021-11;0.1688
4588313530969303734;2021-07;0.669
4588313530969303734;2021-07;0.6664
4588313530969303734;2021-07;0.6632
4588313530969303734;2021-07;0.6542
4588313530969303734;2021-07;0.651
4588313530969303734;2021-07;0.651
4588313530969303734;2021-08;0.6476
4588313530969303734;2021-08;0.6443
4588313530969303734;2021-08;0.6235
4588313530969303734;2021-08;0.6235
4588313530969303734;2021-09;0.6214
4588313530969303734;2021-09;0.6125
4588313530969303734;2021-10;0.622
4588313530969303734;2021-10;0.622
4588313530969303734;2021-11;0.6577
4588313530969303734;2021-11;0.6515
4588313530969303734;2021-11;0.6489
4593070249039532001;2021-07;0.447
4593070249039532001;2021-07;0.2452
4593070249039532001;2021-07;0.2439
4593070249039532001;2021-07;0.2493
4593070249039532001;2021-08;0.2471
4593070249039532001;2021-08;0.2445
4593070249039532001;2021-08;0.2445
4593070249039532001;2021-09;0.2557
4593070249039532001;2021-09;0.2565
4593070249039532001;2021-10;0.2565
4593070249039532001;2021-10;0.2565
4593070249039532001;2021-10;0.2565
4593070249039532001;2021-10;0.2565
4593070249039532001;2021-11;0.2492
4593070249039532001;2021-11;0.2492
4593070249039532001;2021-11;0.247
4593070249039532001;2021-11;0.2484
4604807967654337091;2021-10;0.1409
4614484019183480654;2021-07;0.2574
4614484019183480654;2021-07;0.2582
4614484019183480654;2021-08;0.2478
4614484019183480654;2021-08;0.2364
4614484019183480654;2021-08;0.2364
4614484019183480654;2021-09;0.2257
4614484019183480654;2021-09;0.2246
4614484019183480654;2021-11;0.2892
4635578010631860111;2021-07;0.4725
4635578010631860111;2021-07;0.1158
4635578010631860111;2021-09;0.1173
4635578010631860111;2021-10;0.1264
4635578010631860111;2021-10;0.1264
4635578010631860111;2021-10;0.1249
4635578010631860111;2021-11;0.121
4641659186059167709;2021-07;0.4551
4641659186059167709;2021-07;0.4551
4641659186059167709;2021-07;0.4582
4641659186059167709;2021-09;0.4621
4641659186059167709;2021-10;0.7355
4641659186059167709;2021-10;0.4396
4641659186059167709;2021-11;0.4217
4641659186059167709;2021-11;0.3699
4660230701075746534;2021-08;0.7202
4660230701075746534;2021-08;0.6983
4660230701075746534;2021-09;0.6559
4660230701075746534;2021-09;0.6568
4661684997487171886;2021-07;0.3975
4661684997487171886;2021-07;0.3975
4661684997487171886;2021-08;0.4089
4661684997487171886;2021-08;0.4089
4661684997487171886;2021-08;0.4089
4661684997487171886;2021-08;0.4128
4661684997487171886;2021-08;0.4093
4661684997487171886;2021-08;0.4145
4661684997487171886;2021-08;0.4152
4661684997487171886;2021-09;0.3996
4661684997487171886;2021-09;0.3994
4661684997487171886;2021-09;0.3994
4661684997487171886;2021-09;0.3996
4661684997487171886;2021-09;0.3994
4661684997487171886;2021-09;0.3994
4661684997487171886;2021-10;0.4034
4661684997487171886;2021-10;0.4034
4661684997487171886;2021-10;0.408
4661684997487171886;2021-10;0.4073
4661684997487171886;2021-10;0.4073
4661684997487171886;2021-11;0.4029
4661684997487171886;2021-11;0.4029
4661684997487171886;2021-11;0.4032
4661684997487171886;2021-11;0.4032
4661684997487171886;2021-11;0.4032
4661684997487171886;2021-11;0.4032
4661684997487171886;2021-11;0.399
4661684997487171886;2021-11;0.3998
4661684997487171886;2021-11;0.4001
4661684997487171886;2021-11;0.4004
4661684997487171886;2021-11;0.3998
4662079815415471798;2021-08;0.2614
4662079815415471798;2021-09;0.2502
4675067298171588603;2021-07;0.6107
4675067298171588603;2021-07;0.6107
4675067298171588603;2021-07;0.6107
4675067298171588603;2021-07;0.6107
4675067298171588603;2021-07;0.6118
4675067298171588603;2021-07;0.6118
4675067298171588603;2021-07;0.6118
4675067298171588603;2021-08;0.6225
4675067298171588603;2021-08;0.621
4675067298171588603;2021-08;0.6218
4675067298171588603;2021-08;0.6218
4675067298171588603;2021-08;0.616
4675067298171588603;2021-09;0.6051
4675067298171588603;2021-10;0.6131
4675067298171588603;2021-10;0.6131
4675067298171588603;2021-10;0.6131
4675067298171588603;2021-10;0.602
4677213860368191144;2021-08;0.293
4677213860368191144;2021-08;0.2738
4679462479444735708;2021-07;0.329
4679462479444735708;2021-07;0.3248
4679462479444735708;2021-07;0.329
4679462479444735708;2021-07;0.329
4679462479444735708;2021-07;0.3266
4679462479444735708;2021-07;0.3266
4679462479444735708;2021-07;0.3266
4679462479444735708;2021-07;0.3266
4679462479444735708;2021-07;0.3266
4679462479444735708;2021-07;0.3266
4679462479444735708;2021-07;0.3266
4679462479444735708;2021-07;0.3266
4679462479444735708;2021-08;0.5232
4679462479444735708;2021-08;0.295
4679462479444735708;2021-08;0.295
4679462479444735708;2021-08;0.2946
4679462479444735708;2021-08;0.295
4679462479444735708;2021-08;0.295
4679462479444735708;2021-08;0.2913
4679462479444735708;2021-08;0.2913
4679462479444735708;2021-08;0.2913
4679462479444735708;2021-08;0.2913
4679462479444735708;2021-08;0.2913
4679462479444735708;2021-08;0.2909
4679462479444735708;2021-08;0.2913
4679462479444735708;2021-09;0.279
4679462479444735708;2021-09;0.279
4679462479444735708;2021-09;0.279
4679462479444735708;2021-09;0.279
4679462479444735708;2021-09;0.279
4679462479444735708;2021-09;0.279
4679462479444735708;2021-09;0.279
4679462479444735708;2021-10;0.2769
4679462479444735708;2021-10;0.2769
4679462479444735708;2021-10;0.2769
4679462479444735708;2021-10;0.2769
4679462479444735708;2021-10;0.2769
4679462479444735708;2021-10;0.516
4679462479444735708;2021-10;0.2769
4679462479444735708;2021-11;0.3336
4679462479444735708;2021-11;0.3336
4679462479444735708;2021-11;0.3446
4679462479444735708;2021-11;0.3446
4679462479444735708;2021-11;0.3446
4704892067681576893;2021-11;0.5823
4714214581184951490;2021-07;0.1738
4714214581184951490;2021-09;0.1736
4714214581184951490;2021-09;0.1736
4714214581184951490;2021-09;0.1736
4714214581184951490;2021-09;0.1736
4714214581184951490;2021-09;0.1736
4714214581184951490;2021-09;0.1736
4714214581184951490;2021-10;0.2248
4717593620120611957;2021-08;0.1552
4717593620120611957;2021-09;0.1552
4717593620120611957;2021-09;0.1568
4717593620120611957;2021-10;0.157
4717593620120611957;2021-10;0.1567
4717717003637613480;2021-07;0.1931
4717717003637613480;2021-07;0.1931
4717717003637613480;2021-07;0.1931
4717717003637613480;2021-08;0.1824
4717717003637613480;2021-08;0.1821
4717717003637613480;2021-08;0.1821
4717717003637613480;2021-08;0.1833
4717717003637613480;2021-08;0.1833
4717717003637613480;2021-08;0.1833
4717717003637613480;2021-08;0.1851
4717717003637613480;2021-09;0.1876
4717717003637613480;2021-09;0.1846
4717717003637613480;2021-09;0.185
4717717003637613480;2021-10;0.1797
4717717003637613480;2021-10;0.1797
4717717003637613480;2021-10;0.1797
4717717003637613480;2021-11;0.1822
4717717003637613480;2021-11;0.1806
4717717003637613480;2021-11;0.178
4717717003637613480;2021-11;0.178
4723919748432185874;2021-07;0.1683
4723919748432185874;2021-07;0.168
4723919748432185874;2021-07;0.168
4723919748432185874;2021-07;0.1683
4723919748432185874;2021-07;0.168
4723919748432185874;2021-08;0.168
4723919748432185874;2021-08;0.1683
4723919748432185874;2021-08;0.1737
4723919748432185874;2021-08;0.1737
4723919748432185874;2021-08;0.1734
4723919748432185874;2021-08;0.1737
4723919748432185874;2021-09;0.1739
4723919748432185874;2021-09;0.1735
4723919748432185874;2021-09;0.1735
4723919748432185874;2021-09;0.1739
4723919748432185874;2021-10;0.1929
4723919748432185874;2021-10;0.1932
4723919748432185874;2021-10;0.1929
4723919748432185874;2021-11;0.1739
4723919748432185874;2021-11;0.1735
4723919748432185874;2021-11;0.1735
4723919748432185874;2021-11;0.1735
4724876423989598202;2021-07;0.2767
4724876423989598202;2021-07;0.276
4724876423989598202;2021-07;0.276
4724876423989598202;2021-07;0.2764
4724876423989598202;2021-07;0.2764
4724876423989598202;2021-08;0.2744
4724876423989598202;2021-08;0.275
4724876423989598202;2021-08;0.275
4724876423989598202;2021-08;0.275
4724876423989598202;2021-08;0.2744
4724876423989598202;2021-08;0.2747
4724876423989598202;2021-08;0.2747
4724876423989598202;2021-09;0.2777
4724876423989598202;2021-09;0.2771
4724876423989598202;2021-09;0.2774
4724876423989598202;2021-09;0.2771
4724876423989598202;2021-09;0.2771
4724876423989598202;2021-10;0.5261
4724876423989598202;2021-10;0.2803
4724876423989598202;2021-10;0.2803
4724876423989598202;2021-10;0.2803
4724876423989598202;2021-10;0.2808
4724876423989598202;2021-10;0.2803
4724876423989598202;2021-10;0.2808
4724876423989598202;2021-10;0.2803
4724876423989598202;2021-10;0.2803
4724876423989598202;2021-10;0.281
4724876423989598202;2021-11;0.2847
4724876423989598202;2021-11;0.2844
4724876423989598202;2021-11;0.284
4724876423989598202;2021-11;0.284
4724876423989598202;2021-11;0.281
4724876423989598202;2021-11;0.2803
4740535838297269949;2021-07;0.1519
4740535838297269949;2021-07;0.1519
4740535838297269949;2021-07;0.1519
4740535838297269949;2021-07;0.1519
4740535838297269949;2021-07;0.1519
4740535838297269949;2021-07;0.1519
4740535838297269949;2021-07;0.1605
4740535838297269949;2021-07;0.1605
4740535838297269949;2021-08;0.1605
4740535838297269949;2021-08;0.1605
4740535838297269949;2021-09;0.1605
4740535838297269949;2021-09;0.4619
4740535838297269949;2021-09;0.1605
4740535838297269949;2021-09;0.1519
4740535838297269949;2021-09;0.1526
4740535838297269949;2021-09;0.1522
4740535838297269949;2021-10;0.1544
4740535838297269949;2021-10;0.1544
4740535838297269949;2021-10;0.1544
4740535838297269949;2021-10;0.1614
4740535838297269949;2021-11;0.1645
4740535838297269949;2021-11;0.1643
4740535838297269949;2021-11;0.1643
4740535838297269949;2021-11;0.1643
4762256864594914240;2021-07;0.1409
4762256864594914240;2021-08;0.1412
4762256864594914240;2021-08;0.1412
4762256864594914240;2021-08;0.1412
4762256864594914240;2021-09;0.1248
4762256864594914240;2021-09;0.1248
4762256864594914240;2021-09;0.1248
4762256864594914240;2021-09;0.1248
4762256864594914240;2021-09;0.1248
4762256864594914240;2021-10;0.4983
4762256864594914240;2021-10;0.1495
4762256864594914240;2021-10;0.1495
4762256864594914240;2021-11;0.1252
4762256864594914240;2021-11;0.1252
4762256864594914240;2021-11;0.1246
4769364850030443969;2021-07;0.5075
4769364850030443969;2021-07;0.5075
4769364850030443969;2021-07;0.5075
4769364850030443969;2021-07;0.5094
4769364850030443969;2021-08;0.7247
4769364850030443969;2021-08;0.5094
4769364850030443969;2021-08;0.5065
4769364850030443969;2021-09;0.5065
4769364850030443969;2021-10;0.7171
4769364850030443969;2021-10;0.5034
4769364850030443969;2021-11;0.5019
4769364850030443969;2021-11;0.5019
4781265535199914934;2021-09;0.5731
4781265535199914934;2021-09;0.76
4781265535199914934;2021-09;0.7564
4785077903451149834;2021-10;0.5163
4785355632922927313;2021-07;0.7172
4785355632922927313;2021-07;0.719
4785355632922927313;2021-07;0.72
4785355632922927313;2021-07;0.72
4785355632922927313;2021-07;0.7207
4785355632922927313;2021-08;0.72
4785355632922927313;2021-08;0.72
4785355632922927313;2021-08;0.7207
4785355632922927313;2021-09;0.7185
4785355632922927313;2021-09;0.7178
4785355632922927313;2021-10;0.7185
4785355632922927313;2021-10;0.7185
4785355632922927313;2021-10;0.7178
4785355632922927313;2021-10;0.8246
4785355632922927313;2021-10;0.7984
4785355632922927313;2021-11;0.7178
4785355632922927313;2021-11;0.7185
4785355632922927313;2021-11;0.7195
4795152981525833467;2021-07;0.2037
4795152981525833467;2021-07;0.2037
4795152981525833467;2021-07;0.2037
4795152981525833467;2021-07;0.2037
4795152981525833467;2021-07;0.2269
4795152981525833467;2021-07;0.2045
4795152981525833467;2021-07;0.2037
4795152981525833467;2021-08;0.4482
4795152981525833467;2021-08;0.2047
4795152981525833467;2021-08;0.2038
4795152981525833467;2021-08;0.2038
4795152981525833467;2021-08;0.2038
4795152981525833467;2021-08;0.2038
4795152981525833467;2021-09;0.2038
4795152981525833467;2021-09;0.2052
4795152981525833467;2021-09;0.2056
4795152981525833467;2021-09;0.2038
4795152981525833467;2021-09;0.2038
4795152981525833467;2021-10;0.2038
4795152981525833467;2021-10;0.247
4795152981525833467;2021-10;0.2038
4795152981525833467;2021-10;0.2038
4795152981525833467;2021-10;0.2086
4795152981525833467;2021-10;0.2328
4795152981525833467;2021-11;0.2055
4795152981525833467;2021-11;0.2068
4795152981525833467;2021-11;0.2044
4795152981525833467;2021-11;0.2044
4817816966382229074;2021-07;0.1369
4817816966382229074;2021-07;0.1379
4817816966382229074;2021-07;0.1379
4817816966382229074;2021-07;0.1379
4817816966382229074;2021-07;0.1389
4817816966382229074;2021-07;0.1394
4817816966382229074;2021-08;0.1405
4817816966382229074;2021-09;0.1391
4817816966382229074;2021-09;0.1391
4817816966382229074;2021-09;0.1391
4817816966382229074;2021-09;0.138
4817816966382229074;2021-10;0.1467
4817816966382229074;2021-11;0.1391
4820852183212661131;2021-07;0.7756
4820852183212661131;2021-07;0.5768
4820852183212661131;2021-07;0.5803
4820852183212661131;2021-07;0.5768
4820852183212661131;2021-08;0.581
4820852183212661131;2021-08;0.5762
4820852183212661131;2021-08;0.5762
4820852183212661131;2021-09;0.5749
4820852183212661131;2021-09;0.7733
4820852183212661131;2021-09;0.5749
4820852183212661131;2021-11;0.7706
4820852183212661131;2021-11;0.581
4820852183212661131;2021-11;0.5735
4831939798545673038;2021-07;0.1172
4831939798545673038;2021-07;0.1172
4831939798545673038;2021-08;0.1264
4831939798545673038;2021-08;0.1349
4831939798545673038;2021-10;0.1158
4831988987853936627;2021-07;0.1756
4831988987853936627;2021-08;0.1727
4831988987853936627;2021-11;0.4748
4831988987853936627;2021-11;0.173
4850722092974676955;2021-07;0.2617
4850722092974676955;2021-07;0.2598
4850722092974676955;2021-07;0.2617
4850722092974676955;2021-08;0.2749
4850722092974676955;2021-08;0.2749
4850722092974676955;2021-08;0.2749
4850722092974676955;2021-09;0.2625
4850722092974676955;2021-09;0.2625
4850722092974676955;2021-09;0.2625
4850722092974676955;2021-09;0.2625
4850722092974676955;2021-10;0.2574
4850722092974676955;2021-10;0.2574
4850722092974676955;2021-10;0.2574
4850936440093751199;2021-07;0.1855
4850936440093751199;2021-07;0.1855
4850936440093751199;2021-07;0.1795
4850936440093751199;2021-08;0.1833
4850936440093751199;2021-08;0.1833
4850936440093751199;2021-08;0.1833
4850936440093751199;2021-08;0.1833
4850936440093751199;2021-08;0.1833
4850936440093751199;2021-09;0.1853
4850936440093751199;2021-09;0.1853
4850936440093751199;2021-09;0.1853
4850936440093751199;2021-09;0.1853
4850936440093751199;2021-09;0.1853
4850936440093751199;2021-09;0.1853
4850936440093751199;2021-10;0.4599
4850936440093751199;2021-10;0.1721
4850936440093751199;2021-10;0.1721
4850936440093751199;2021-10;0.1721
4850936440093751199;2021-10;0.171
4850936440093751199;2021-10;0.171
4850936440093751199;2021-10;0.171
4850936440093751199;2021-10;0.171
4850936440093751199;2021-10;0.171
4850936440093751199;2021-10;0.171
4850936440093751199;2021-11;0.1712
4850936440093751199;2021-11;0.1712
4853303856126909724;2021-07;0.8654
4853303856126909724;2021-07;0.8676
4858887739802767402;2021-07;0.1661
4858887739802767402;2021-07;0.1662
4858887739802767402;2021-07;0.1662
4858887739802767402;2021-07;0.1662
4858887739802767402;2021-08;0.1644
4858887739802767402;2021-09;0.4302
4858887739802767402;2021-10;0.1669
4858887739802767402;2021-10;0.1721
4858887739802767402;2021-11;0.1854
4862285428951244424;2021-07;0.1132
4862285428951244424;2021-07;0.1173
4862285428951244424;2021-07;0.1173
4862285428951244424;2021-07;0.117
4862285428951244424;2021-08;0.116
4862285428951244424;2021-08;0.1109
4862285428951244424;2021-08;0.1109
4862285428951244424;2021-08;0.1109
4862285428951244424;2021-08;0.1109
4862285428951244424;2021-09;0.1109
4862285428951244424;2021-09;0.1109
4862285428951244424;2021-09;0.1109
4862285428951244424;2021-09;0.1109
4862285428951244424;2021-09;0.1112
4862285428951244424;2021-10;0.1119
4862285428951244424;2021-10;0.1122
4862285428951244424;2021-10;0.1119
4862285428951244424;2021-10;0.1119
4862285428951244424;2021-10;0.1132
4862285428951244424;2021-10;0.1136
4862285428951244424;2021-11;0.1122
4863405965754103821;2021-07;0.5359
4863405965754103821;2021-07;0.5403
4863405965754103821;2021-07;0.5611
4863405965754103821;2021-07;0.5611
4863405965754103821;2021-07;0.5359
4863405965754103821;2021-07;0.5359
4863405965754103821;2021-07;0.5611
4863405965754103821;2021-07;0.5611
4863405965754103821;2021-07;0.5611
4863405965754103821;2021-07;0.5611
4863405965754103821;2021-07;0.5359
4863405965754103821;2021-07;0.5611
4863405965754103821;2021-08;0.5494
4863405965754103821;2021-08;0.5494
4863405965754103821;2021-08;0.5329
4863405965754103821;2021-08;0.5329
4863405965754103821;2021-08;0.5329
4863405965754103821;2021-08;0.5582
4863405965754103821;2021-08;0.5329
4863405965754103821;2021-08;0.5582
4863405965754103821;2021-08;0.5329
4863405965754103821;2021-08;0.5329
4863405965754103821;2021-08;0.5494
4863405965754103821;2021-09;0.5345
4863405965754103821;2021-09;0.5598
4863405965754103821;2021-09;0.5598
4863405965754103821;2021-09;0.5598
4863405965754103821;2021-09;0.5389
4863405965754103821;2021-10;0.5521
4863405965754103821;2021-10;0.5774
4863405965754103821;2021-10;0.5521
4874157215501489741;2021-07;0.1858
4874157215501489741;2021-07;0.4617
4874157215501489741;2021-07;0.1858
4874157215501489741;2021-08;0.1858
4874157215501489741;2021-08;0.1858
4874157215501489741;2021-08;0.1858
4874157215501489741;2021-08;0.1858
4874157215501489741;2021-09;0.1882
4874157215501489741;2021-09;0.1831
4874157215501489741;2021-09;0.1828
4874157215501489741;2021-09;0.1828
4874157215501489741;2021-10;0.1861
4874157215501489741;2021-10;0.1861
4874157215501489741;2021-10;0.1861
4874157215501489741;2021-10;0.1876
4874157215501489741;2021-10;0.1918
4874157215501489741;2021-10;0.1922
4874157215501489741;2021-10;0.1918
4874157215501489741;2021-10;0.1918
4874157215501489741;2021-11;0.1904
4874157215501489741;2021-11;0.1904
4898797487317475277;2021-09;0.2108
4898797487317475277;2021-09;0.1963
4898797487317475277;2021-09;0.1866
4898797487317475277;2021-10;0.1808
4898797487317475277;2021-11;0.2817
4900073965147412482;2021-07;0.1941
4900073965147412482;2021-10;0.1774
4919908458022265747;2021-07;0.2259
4919908458022265747;2021-07;0.2259
4919908458022265747;2021-07;0.2259
4919908458022265747;2021-08;0.2438
4919908458022265747;2021-09;0.2259
4919908458022265747;2021-09;0.2259
4919908458022265747;2021-09;0.227
4919908458022265747;2021-10;0.2156
4919908458022265747;2021-10;0.4768
4919908458022265747;2021-10;0.2156
4919908458022265747;2021-11;0.2156
4935929591787890253;2021-07;0.2259
4935929591787890253;2021-07;0.2259
4935929591787890253;2021-08;0.2259
4935929591787890253;2021-08;0.2259
4935929591787890253;2021-08;0.2263
4935929591787890253;2021-08;0.2259
4935929591787890253;2021-09;0.2263
4935929591787890253;2021-09;0.2263
4935929591787890253;2021-09;0.2263
4935929591787890253;2021-10;0.227
4935929591787890253;2021-10;0.4773
4935929591787890253;2021-10;0.2164
4935929591787890253;2021-10;0.2164
4935929591787890253;2021-11;0.2154
4935929591787890253;2021-11;0.2154
4937566934664053767;2021-09;0.721
4950871361132426979;2021-07;0.3866
4950871361132426979;2021-08;0.2878
4950871361132426979;2021-09;0.3912
4956614249204803652;2021-07;0.8103
4956614249204803652;2021-07;0.8963
4956614249204803652;2021-07;0.8101
4956614249204803652;2021-08;0.7726
4956614249204803652;2021-08;0.7699
4956614249204803652;2021-08;0.8907
4956614249204803652;2021-08;0.7727
4956614249204803652;2021-08;0.7721
4956614249204803652;2021-08;0.7707
4956614249204803652;2021-09;0.8251
4956614249204803652;2021-09;0.8251
4956614249204803652;2021-09;0.8245
4956614249204803652;2021-09;0.8215
4956614249204803652;2021-10;0.7629
4956614249204803652;2021-11;0.8798
4972567100282306577;2021-07;0.4927
4972567100282306577;2021-07;0.4933
4972567100282306577;2021-07;0.4933
4972567100282306577;2021-07;0.4914
4972567100282306577;2021-08;0.4822
4972567100282306577;2021-09;0.4838
4972567100282306577;2021-09;0.4771
4972567100282306577;2021-09;0.4778
4972567100282306577;2021-09;0.4745
4972567100282306577;2021-09;0.4751
4972567100282306577;2021-09;0.4745
4972567100282306577;2021-10;0.472
4972567100282306577;2021-10;0.472
4972567100282306577;2021-10;0.472
4972567100282306577;2021-10;0.472
4972567100282306577;2021-10;0.474
4972567100282306577;2021-10;0.4746
4972567100282306577;2021-10;0.474
4972567100282306577;2021-10;0.4765
4972567100282306577;2021-11;0.4787
4972567100282306577;2021-11;0.4781
4980232475645447238;2021-07;0.1173
4980232475645447238;2021-07;0.1176
4980232475645447238;2021-08;0.1214
4980232475645447238;2021-08;0.121
4980232475645447238;2021-09;0.1224
4980232475645447238;2021-09;0.1173
4980232475645447238;2021-10;0.116
4980232475645447238;2021-11;0.121
4980232475645447238;2021-11;0.121
4980232475645447238;2021-11;0.121
4982042089827666585;2021-09;0.5281
4986060939759481610;2021-09;0.2731
4993499380140734678;2021-07;0.3673
4993499380140734678;2021-09;0.4062
4993499380140734678;2021-09;0.4038
4993499380140734678;2021-09;0.4055
4993499380140734678;2021-09;0.4049
4993499380140734678;2021-09;0.4063
4993499380140734678;2021-10;0.6661
4993499380140734678;2021-10;0.3591
4993499380140734678;2021-11;0.3586
4995217181024687397;2021-07;0.212
4995217181024687397;2021-07;0.212
4995217181024687397;2021-07;0.212
4995217181024687397;2021-07;0.212
4995217181024687397;2021-07;0.212
4995217181024687397;2021-08;0.2069
4995217181024687397;2021-08;0.2066
4995217181024687397;2021-08;0.2066
4995217181024687397;2021-08;0.2066
4995217181024687397;2021-08;0.2131
4995217181024687397;2021-08;0.2077
4995217181024687397;2021-09;0.2115
4995217181024687397;2021-09;0.2115
4995217181024687397;2021-09;0.2115
4995217181024687397;2021-09;0.2115
4995217181024687397;2021-09;0.2115
4995217181024687397;2021-09;0.2115
4995217181024687397;2021-09;0.2115
4995217181024687397;2021-09;0.2115
4995217181024687397;2021-10;0.2135
4995217181024687397;2021-10;0.2118
4995217181024687397;2021-10;0.2138
4995217181024687397;2021-10;0.2118
4995217181024687397;2021-10;0.2118
4995217181024687397;2021-11;0.2104
4995217181024687397;2021-11;0.2104
4995217181024687397;2021-11;0.2141
4995679129936981612;2021-07;0.6053
4995679129936981612;2021-07;0.6061
4995679129936981612;2021-07;0.6055
4995679129936981612;2021-07;0.6021
4995679129936981612;2021-08;0.6028
4995679129936981612;2021-09;0.5715
4995679129936981612;2021-09;0.5722
4995679129936981612;2021-09;0.5712
4995679129936981612;2021-09;0.5712
4995679129936981612;2021-09;0.5712
4995679129936981612;2021-10;0.6001
4995679129936981612;2021-10;0.6001
4995679129936981612;2021-11;0.5668
4995679129936981612;2021-11;0.5637
4997308257850209705;2021-10;0.1502
5029701292539093910;2021-07;0.3003
5029701292539093910;2021-08;0.2986
5029701292539093910;2021-08;0.2986
5029701292539093910;2021-08;0.3004
5029701292539093910;2021-08;0.3036
5029701292539093910;2021-09;0.3014
5029701292539093910;2021-10;0.2989
5029701292539093910;2021-10;0.2996
5029701292539093910;2021-10;0.3051
5029701292539093910;2021-11;0.3036
5029701292539093910;2021-11;0.3022
5029701292539093910;2021-11;0.3022
5042877476420217533;2021-07;0.1611
5042877476420217533;2021-07;0.1611
5042877476420217533;2021-07;0.1615
5042877476420217533;2021-08;0.1615
5042877476420217533;2021-08;0.1611
5042877476420217533;2021-08;0.1613
5042877476420217533;2021-08;0.1613
5042877476420217533;2021-09;0.1619
5042877476420217533;2021-09;0.1557
5042877476420217533;2021-09;0.1553
5042877476420217533;2021-09;0.1557
5042877476420217533;2021-10;0.1548
5042877476420217533;2021-10;0.1548
5042877476420217533;2021-10;0.1548
5042877476420217533;2021-10;0.1534
5042877476420217533;2021-10;0.1537
5042877476420217533;2021-10;0.1537
5042877476420217533;2021-11;0.1536
5042877476420217533;2021-11;0.1532
5042877476420217533;2021-11;0.1536
5044097686733078536;2021-10;0.4187
5048392903148444335;2021-07;0.7013
5048392903148444335;2021-07;0.6997
5048392903148444335;2021-07;0.7005
5048392903148444335;2021-08;0.6984
5048392903148444335;2021-08;0.6972
5048392903148444335;2021-08;0.6972
5048392903148444335;2021-08;0.6988
5048392903148444335;2021-09;0.6988
5048392903148444335;2021-09;0.7
5048392903148444335;2021-10;0.7
5048392903148444335;2021-10;0.6968
5048392903148444335;2021-11;0.6968
5048392903148444335;2021-11;0.6894
5048392903148444335;2021-11;0.6845
5055200744384119654;2021-07;0.1882
5055200744384119654;2021-09;0.1896
5055200744384119654;2021-10;0.1806
5057726374207815794;2021-09;0.2189
5057726374207815794;2021-10;0.2105
5057726374207815794;2021-11;0.2126
5058298901476893676;2021-07;0.1425
5058298901476893676;2021-07;0.1425
5058298901476893676;2021-07;0.1397
5058298901476893676;2021-07;0.1397
5058298901476893676;2021-08;0.1397
5058298901476893676;2021-09;0.1397
5058298901476893676;2021-10;0.2297
5058298901476893676;2021-11;0.1408
5058298901476893676;2021-11;0.1408
5067621068959932809;2021-07;0.7444
5067621068959932809;2021-07;0.7444
5067621068959932809;2021-07;0.7444
5067621068959932809;2021-07;0.745
5067621068959932809;2021-07;0.745
5067621068959932809;2021-07;0.75
5067621068959932809;2021-07;0.75
5067621068959932809;2021-07;0.7467
5067621068959932809;2021-08;0.7756
5067621068959932809;2021-08;0.7756
5067621068959932809;2021-08;0.7756
5067621068959932809;2021-08;0.7743
5067621068959932809;2021-08;0.7743
5067621068959932809;2021-08;0.7743
5067621068959932809;2021-08;0.7743
5067621068959932809;2021-08;0.7699
5067621068959932809;2021-08;0.7692
5067621068959932809;2021-08;0.7692
5067621068959932809;2021-09;0.7692
5067621068959932809;2021-09;0.7692
5067621068959932809;2021-09;0.7692
5067621068959932809;2021-09;0.7725
5067621068959932809;2021-09;0.7713
5067621068959932809;2021-09;0.7669
5067621068959932809;2021-09;0.7719
5067621068959932809;2021-09;0.7719
5067621068959932809;2021-10;0.7464
5067621068959932809;2021-10;0.7394
5067621068959932809;2021-10;0.7394
5067621068959932809;2021-10;0.7365
5067621068959932809;2021-10;0.7365
5067621068959932809;2021-10;0.7365
5067621068959932809;2021-10;0.7365
5067621068959932809;2021-11;0.7365
5067621068959932809;2021-11;0.7371
5067621068959932809;2021-11;0.7371
5078284853636449041;2021-08;0.5146
5078307295214858596;2021-07;0.4887
5078307295214858596;2021-07;0.4887
5078307295214858596;2021-07;0.4887
5078307295214858596;2021-07;0.4955
5078307295214858596;2021-08;0.484
5078307295214858596;2021-09;0.4703
5078307295214858596;2021-10;0.4749
5078307295214858596;2021-10;0.4794
5078307295214858596;2021-10;0.4794
5078307295214858596;2021-10;0.4786
5078307295214858596;2021-10;0.4786
5078307295214858596;2021-10;0.4786
5078307295214858596;2021-10;0.4786
5082455700818638342;2021-11;0.2268
5082813456193598086;2021-07;0.4381
5082813456193598086;2021-07;0.1565
5082813456193598086;2021-08;0.155
5082813456193598086;2021-08;0.1501
5082813456193598086;2021-08;0.1518
5082813456193598086;2021-09;0.1524
5082813456193598086;2021-09;0.1524
5082813456193598086;2021-09;0.1511
5082813456193598086;2021-09;0.1511
5082813456193598086;2021-10;0.1621
5082813456193598086;2021-10;0.1604
5082813456193598086;2021-10;0.1621
5082813456193598086;2021-10;0.1617
5082813456193598086;2021-10;0.1617
5082813456193598086;2021-11;0.1511
5082813456193598086;2021-11;0.1528
5091704914816802802;2021-08;0.5759
5108407319813072955;2021-07;0.2869
5108407319813072955;2021-07;0.2845
5108407319813072955;2021-08;0.2892
5108407319813072955;2021-08;0.2899
5108407319813072955;2021-08;0.2916
5108407319813072955;2021-09;0.3675
5108407319813072955;2021-09;0.3774
5108407319813072955;2021-09;0.3759
5108407319813072955;2021-10;0.2972
5108407319813072955;2021-10;0.2843
5108407319813072955;2021-10;0.2867
5108407319813072955;2021-10;0.2867
5108407319813072955;2021-10;0.2843
5108407319813072955;2021-11;0.2844
5108407319813072955;2021-11;0.2861
5108407319813072955;2021-11;0.2861
5122095358293179297;2021-07;0.1669
5122095358293179297;2021-07;0.4305
5122095358293179297;2021-07;0.1669
5122095358293179297;2021-08;0.168
5122095358293179297;2021-08;0.168
5122095358293179297;2021-08;0.2507
5122095358293179297;2021-08;0.1733
5122095358293179297;2021-08;0.435
5122095358293179297;2021-08;0.1733
5122095358293179297;2021-08;0.1733
5122095358293179297;2021-10;0.167
5122095358293179297;2021-10;0.167
5122095358293179297;2021-10;0.167
5122095358293179297;2021-11;0.184
5122095358293179297;2021-11;0.466
5122095358293179297;2021-11;0.184
5122095358293179297;2021-11;0.184
5136739522477907100;2021-07;0.1624
5136739522477907100;2021-07;0.1628
5136739522477907100;2021-08;0.1679
5136739522477907100;2021-08;0.1643
5136739522477907100;2021-08;0.1643
5136739522477907100;2021-09;0.1617
5136739522477907100;2021-09;0.1617
5136739522477907100;2021-09;0.2391
5136739522477907100;2021-11;0.1665
5136739522477907100;2021-11;0.1665
5162621729453966204;2021-09;0.2482
5162621729453966204;2021-10;0.251
5162621729453966204;2021-10;0.2304
5162636608292907782;2021-07;0.6452
5162636608292907782;2021-07;0.646
5162636608292907782;2021-08;0.6416
5162636608292907782;2021-08;0.6416
5162636608292907782;2021-08;0.8053
5162636608292907782;2021-08;0.6443
5162636608292907782;2021-08;0.636
5162636608292907782;2021-08;0.6341
5162636608292907782;2021-09;0.6233
5162636608292907782;2021-09;0.6233
5162636608292907782;2021-09;0.6081
5162636608292907782;2021-09;0.6054
5162636608292907782;2021-09;0.6054
5162636608292907782;2021-09;0.6042
5162636608292907782;2021-09;0.7667
5162636608292907782;2021-10;0.5851
5162636608292907782;2021-10;0.5851
5162636608292907782;2021-10;0.5851
5162636608292907782;2021-10;0.5827
5166128847048245697;2021-07;0.2758
5166128847048245697;2021-07;0.2715
5166128847048245697;2021-07;0.2712
5166128847048245697;2021-08;0.2736
5166128847048245697;2021-08;0.2725
5166128847048245697;2021-09;0.2704
5166128847048245697;2021-09;0.2704
5166128847048245697;2021-09;0.2698
5166128847048245697;2021-10;0.2844
5166128847048245697;2021-10;0.2844
5166128847048245697;2021-10;0.2844
5166128847048245697;2021-10;0.2844
5166128847048245697;2021-11;0.2871
5166128847048245697;2021-11;0.2871
5166128847048245697;2021-11;0.2845
5176940320835464459;2021-07;0.2739
5176940320835464459;2021-07;0.2729
5176940320835464459;2021-07;0.2686
5176940320835464459;2021-07;0.2788
5176940320835464459;2021-07;0.2739
5176940320835464459;2021-07;0.2788
5176940320835464459;2021-07;0.2739
5176940320835464459;2021-07;0.2706
5176940320835464459;2021-07;0.27
5176940320835464459;2021-07;0.2636
5176940320835464459;2021-07;0.2731
5176940320835464459;2021-07;0.27
5176940320835464459;2021-07;0.2636
5176940320835464459;2021-07;0.2636
5176940320835464459;2021-07;0.268
5176940320835464459;2021-07;0.2636
5176940320835464459;2021-08;0.2351
5176940320835464459;2021-08;0.2399
5176940320835464459;2021-08;0.2351
5176940320835464459;2021-08;0.2357
5176940320835464459;2021-08;0.2399
5176940320835464459;2021-08;0.2357
5176940320835464459;2021-08;0.232
5176940320835464459;2021-08;0.2399
5176940320835464459;2021-08;0.2362
5176940320835464459;2021-08;0.2362
5176940320835464459;2021-08;0.2314
5176940320835464459;2021-08;0.2362
5176940320835464459;2021-08;0.232
5176940320835464459;2021-09;0.2362
5176940320835464459;2021-09;0.2314
5176940320835464459;2021-09;0.232
5176940320835464459;2021-09;0.232
5176940320835464459;2021-09;0.2314
5176940320835464459;2021-09;0.232
5176940320835464459;2021-09;0.232
5176940320835464459;2021-09;0.232
5176940320835464459;2021-09;0.232
5176940320835464459;2021-09;0.232
5176940320835464459;2021-09;0.232
5176940320835464459;2021-09;0.2317
5176940320835464459;2021-09;0.232
5176940320835464459;2021-09;0.232
5176940320835464459;2021-09;0.2362
5176940320835464459;2021-09;0.2317
5176940320835464459;2021-09;0.2314
5176940320835464459;2021-09;0.232
5176940320835464459;2021-09;0.232
5176940320835464459;2021-09;0.232
5176940320835464459;2021-10;0.2356
5176940320835464459;2021-10;0.2271
5176940320835464459;2021-10;0.2356
5176940320835464459;2021-10;0.2278
5176940320835464459;2021-10;0.2319
5176940320835464459;2021-10;0.2319
5176940320835464459;2021-10;0.2271
5176940320835464459;2021-10;0.2319
5176940320835464459;2021-10;0.2319
5176940320835464459;2021-10;0.2271
5176940320835464459;2021-10;0.2278
5176940320835464459;2021-10;0.2312
5176940320835464459;2021-10;0.2315
5176940320835464459;2021-10;0.2315
5176940320835464459;2021-10;0.2308
5176940320835464459;2021-10;0.2356
5176940320835464459;2021-10;0.2312
5176940320835464459;2021-10;0.2356
5176940320835464459;2021-10;0.2356
5176940320835464459;2021-10;0.2308
5176940320835464459;2021-10;0.2308
5176940320835464459;2021-10;0.2315
5176940320835464459;2021-11;0.2438
5176940320835464459;2021-11;0.2438
5176940320835464459;2021-11;0.248
5176940320835464459;2021-11;0.248
5176940320835464459;2021-11;0.2438
5176940320835464459;2021-11;0.2432
5176940320835464459;2021-11;0.2438
5176940320835464459;2021-11;0.248
5176940320835464459;2021-11;0.248
5176940320835464459;2021-11;0.248
5176940320835464459;2021-11;0.2436
5176940320835464459;2021-11;0.2432
5176940320835464459;2021-11;0.2595
5176940320835464459;2021-11;0.2665
5176940320835464459;2021-11;0.2697
5176940320835464459;2021-11;0.2697
5198904647759787695;2021-07;0.1789
5198904647759787695;2021-09;0.1981
5198904647759787695;2021-09;0.1992
5198904647759787695;2021-09;0.1992
5198904647759787695;2021-10;0.1855
5200455618694210402;2021-07;0.1676
5200455618694210402;2021-08;0.1645
5200455618694210402;2021-10;0.1768
5220206408301580591;2021-08;0.2554
5225029212547588718;2021-07;0.33
5225029212547588718;2021-07;0.3248
5225029212547588718;2021-07;0.3245
5225029212547588718;2021-08;0.2894
5225029212547588718;2021-08;0.2989
5225029212547588718;2021-08;0.2945
5225029212547588718;2021-09;0.3024
5225029212547588718;2021-09;0.5213
5225029212547588718;2021-09;0.3021
5225029212547588718;2021-09;0.3021
5225029212547588718;2021-09;0.3018
5225029212547588718;2021-09;0.3018
5225029212547588718;2021-10;0.2873
5225029212547588718;2021-10;0.2866
5225029212547588718;2021-10;0.2866
5225029212547588718;2021-10;0.2914
5225029212547588718;2021-11;0.2854
5225029212547588718;2021-11;0.2863
5225029212547588718;2021-11;0.2863
5225029212547588718;2021-11;0.2904
5255460548789019114;2021-08;0.3986
5255460548789019114;2021-09;0.4375
5255460548789019114;2021-09;0.4371
5255460548789019114;2021-11;0.3931
5263285038415073073;2021-07;0.6706
5263285038415073073;2021-07;0.6706
5263285038415073073;2021-07;0.6694
5263285038415073073;2021-07;0.6631
5263285038415073073;2021-09;0.6644
5263285038415073073;2021-09;0.6644
5263285038415073073;2021-09;0.6644
5263285038415073073;2021-09;0.6641
5263285038415073073;2021-09;0.6641
5263285038415073073;2021-10;0.6602
5263285038415073073;2021-10;0.6602
5271591321704178730;2021-09;0.598
5271591321704178730;2021-09;0.2601
5271591321704178730;2021-09;0.2604
5271591321704178730;2021-10;0.2625
5271591321704178730;2021-11;0.2606
5271966906483787417;2021-09;0.154
5271966906483787417;2021-10;0.168
5274777191770957761;2021-07;0.7306
5274777191770957761;2021-07;0.7318
5274777191770957761;2021-07;0.7377
5274777191770957761;2021-08;0.7238
5274777191770957761;2021-08;0.7201
5274777191770957761;2021-09;0.7505
5274777191770957761;2021-09;0.7238
5274777191770957761;2021-09;0.7225
5274777191770957761;2021-09;0.7505
5274777191770957761;2021-09;0.7165
5274777191770957761;2021-09;0.6175
5274777191770957761;2021-09;0.6089
5274777191770957761;2021-09;0.7184
5274777191770957761;2021-09;0.5446
5274777191770957761;2021-10;0.717
5287265869592025756;2021-11;0.1805
5288503299611498087;2021-11;0.2783
5301988619224057921;2021-07;0.8427
5301988619224057921;2021-07;0.8427
5301988619224057921;2021-07;0.837
5301988619224057921;2021-07;0.8427
5301988619224057921;2021-07;0.8394
5301988619224057921;2021-07;0.8427
5301988619224057921;2021-07;0.8829
5301988619224057921;2021-07;0.8384
5301988619224057921;2021-07;0.8384
5301988619224057921;2021-07;0.8384
5301988619224057921;2021-07;0.8904
5301988619224057921;2021-08;0.9009
5301988619224057921;2021-08;0.868
5301988619224057921;2021-09;0.8444
5301988619224057921;2021-09;0.8444
5301988619224057921;2021-09;0.8981
5301988619224057921;2021-09;0.898
5301988619224057921;2021-09;0.8444
5301988619224057921;2021-09;0.8444
5301988619224057921;2021-09;0.843
5301988619224057921;2021-09;0.843
5301988619224057921;2021-09;0.843
5301988619224057921;2021-09;0.8443
5301988619224057921;2021-09;0.8443
5301988619224057921;2021-09;0.8443
5301988619224057921;2021-09;0.8443
5301988619224057921;2021-09;0.8443
5301988619224057921;2021-10;0.8925
5301988619224057921;2021-10;0.8412
5301988619224057921;2021-10;0.8412
5301988619224057921;2021-10;0.8412
5301988619224057921;2021-10;0.8412
5301988619224057921;2021-10;0.8388
5301988619224057921;2021-10;0.8374
5301988619224057921;2021-11;0.845
5301988619224057921;2021-11;0.845
5301988619224057921;2021-11;0.8358
5303720405946805990;2021-07;0.1172
5303720405946805990;2021-07;0.1168
5303720405946805990;2021-08;0.1162
5303720405946805990;2021-08;0.1161
5303720405946805990;2021-08;0.1165
5303720405946805990;2021-08;0.1161
5303720405946805990;2021-08;0.1165
5303720405946805990;2021-08;0.1161
5303720405946805990;2021-09;0.1174
5303720405946805990;2021-10;0.1231
5303720405946805990;2021-10;0.1256
5303720405946805990;2021-11;0.1256
5303720405946805990;2021-11;0.1256
5303720405946805990;2021-11;0.1256
5304536516981778801;2021-07;0.1896
5304536516981778801;2021-07;0.1896
5304536516981778801;2021-07;0.1892
5304536516981778801;2021-07;0.1896
5304536516981778801;2021-07;0.1896
5304536516981778801;2021-07;0.1896
5304536516981778801;2021-08;0.1896
5304536516981778801;2021-08;0.1896
5304536516981778801;2021-08;0.1892
5304536516981778801;2021-08;0.1865
5304536516981778801;2021-08;0.1865
5304536516981778801;2021-08;0.1861
5304536516981778801;2021-08;0.1865
5304536516981778801;2021-08;0.1865
5304536516981778801;2021-08;0.1865
5304536516981778801;2021-08;0.1861
5304536516981778801;2021-09;0.1865
5304536516981778801;2021-09;0.1865
5304536516981778801;2021-09;0.1865
5304536516981778801;2021-09;0.1847
5304536516981778801;2021-09;0.1897
5304536516981778801;2021-09;0.1901
5304536516981778801;2021-09;0.1901
5304536516981778801;2021-10;0.2168
5304536516981778801;2021-10;0.2168
5304536516981778801;2021-10;0.2168
5304536516981778801;2021-10;0.2168
5304536516981778801;2021-11;0.2205
5304536516981778801;2021-11;0.2189
5304536516981778801;2021-11;0.2205
5304536516981778801;2021-11;0.2132
5304536516981778801;2021-11;0.2116
5306165689101138983;2021-07;0.1749
5306165689101138983;2021-10;0.1738
5358243820364010940;2021-07;0.5922
5358243820364010940;2021-07;0.2161
5358243820364010940;2021-07;0.2161
5358243820364010940;2021-08;0.2169
5358243820364010940;2021-08;0.2169
5358243820364010940;2021-08;0.2169
5358243820364010940;2021-08;0.2169
5358243820364010940;2021-08;0.2171
5358243820364010940;2021-08;0.2092
5358243820364010940;2021-08;0.2088
5358243820364010940;2021-10;0.2024
5358243820364010940;2021-11;0.202
5369576709077493659;2021-07;0.5616
5369576709077493659;2021-07;0.5616
5369576709077493659;2021-07;0.5616
5369576709077493659;2021-07;0.5616
5369576709077493659;2021-07;0.5578
5369576709077493659;2021-09;0.5394
5369576709077493659;2021-09;0.5394
5369576709077493659;2021-09;0.5394
5369576709077493659;2021-10;0.5381
5369576709077493659;2021-10;0.5294
5369576709077493659;2021-10;0.5331
5369576709077493659;2021-10;0.5223
5369576709077493659;2021-11;0.7385
5369576709077493659;2021-11;0.5202
5369576709077493659;2021-11;0.5316
5371387005775513675;2021-07;0.6116
5371387005775513675;2021-07;0.7954
5371387005775513675;2021-07;0.7954
5371387005775513675;2021-07;0.6118
5371387005775513675;2021-08;0.6046
5371387005775513675;2021-08;0.6054
5371387005775513675;2021-09;0.6084
5371387005775513675;2021-10;0.6084
5371387005775513675;2021-10;0.6084
5371387005775513675;2021-11;0.6035
5371387005775513675;2021-11;0.7879
5371387005775513675;2021-11;0.6035
5373371196946859811;2021-07;0.4375
5373371196946859811;2021-08;0.4375
5373371196946859811;2021-08;0.4375
5373371196946859811;2021-08;0.4356
5373371196946859811;2021-08;0.4356
5373371196946859811;2021-08;0.4293
5373371196946859811;2021-09;0.4213
5373371196946859811;2021-09;0.4213
5373371196946859811;2021-09;0.4179
5373371196946859811;2021-09;0.4179
5373371196946859811;2021-10;0.4561
5373371196946859811;2021-10;0.4557
5373371196946859811;2021-10;0.4561
5373371196946859811;2021-10;0.4561
5373371196946859811;2021-10;0.4548
5373371196946859811;2021-10;0.454
5373371196946859811;2021-11;0.4055
5373371196946859811;2021-11;0.4055
5373371196946859811;2021-11;0.4051
5373371196946859811;2021-11;0.4055
5376084855227654309;2021-09;0.2179
5376084855227654309;2021-09;0.197
5376084855227654309;2021-10;0.2215
5376084855227654309;2021-10;0.2203
5383359512938607117;2021-07;0.164
5383359512938607117;2021-09;0.1653
5383359512938607117;2021-10;0.1674
5409960473983330744;2021-07;0.675
5409960473983330744;2021-07;0.6749
5409960473983330744;2021-08;0.6749
5409960473983330744;2021-08;0.673
5409960473983330744;2021-09;0.8488
5409960473983330744;2021-09;0.6652
5409960473983330744;2021-09;0.6652
5409960473983330744;2021-09;0.6652
5409960473983330744;2021-10;0.6694
5409960473983330744;2021-10;0.6746
5409960473983330744;2021-10;0.6657
5409960473983330744;2021-10;0.6574
5409960473983330744;2021-10;0.6544
5409960473983330744;2021-10;0.6544
5409960473983330744;2021-11;0.651
5409960473983330744;2021-11;0.6479
5409960473983330744;2021-11;0.6446
5429414161455643517;2021-07;0.564
5430917218683822543;2021-08;0.4787
5430917218683822543;2021-08;0.4705
5430917218683822543;2021-09;0.4648
5430917218683822543;2021-09;0.4085
5430917218683822543;2021-09;0.4147
5430917218683822543;2021-09;0.4075
5430917218683822543;2021-10;0.3907
5432443358006556295;2021-07;0.3142
5432443358006556295;2021-07;0.3149
5432443358006556295;2021-07;0.3126
5432443358006556295;2021-08;0.3156
5432443358006556295;2021-08;0.3162
5432443358006556295;2021-08;0.3164
5432443358006556295;2021-09;0.3192
5432443358006556295;2021-10;0.3139
5432443358006556295;2021-10;0.3143
5432443358006556295;2021-10;0.3146
5432443358006556295;2021-10;0.3146
5432443358006556295;2021-11;0.3143
5432443358006556295;2021-11;0.3143
5432443358006556295;2021-11;0.3139
5440313607363845188;2021-07;0.4691
5440313607363845188;2021-07;0.193
5440313607363845188;2021-07;0.193
5440313607363845188;2021-08;0.193
5440313607363845188;2021-08;0.1926
5440313607363845188;2021-08;0.1926
5440313607363845188;2021-09;0.1926
5440313607363845188;2021-09;0.1926
5440313607363845188;2021-10;0.1925
5440313607363845188;2021-10;0.1925
5440313607363845188;2021-10;0.1928
5440313607363845188;2021-11;0.1926
5440313607363845188;2021-11;0.1926
5448628641564935127;2021-09;0.2596
5448628641564935127;2021-10;0.2435
5448628641564935127;2021-10;0.2387
5448628641564935127;2021-11;0.2403
5448628641564935127;2021-11;0.225
5460280878923715699;2021-07;0.195
5460280878923715699;2021-08;0.1873
5460280878923715699;2021-08;0.5465
5460280878923715699;2021-08;0.1873
5460280878923715699;2021-08;0.1958
5460280878923715699;2021-09;0.1815
5460280878923715699;2021-09;0.1815
5460280878923715699;2021-09;0.1771
5460280878923715699;2021-10;0.538
5460280878923715699;2021-11;0.1939
5460280878923715699;2021-11;0.1865
5460280878923715699;2021-11;0.1865
5462970244186515758;2021-07;0.1125
5462970244186515758;2021-07;0.1125
5462970244186515758;2021-07;0.1228
5462970244186515758;2021-07;0.1228
5462970244186515758;2021-07;0.1243
5462970244186515758;2021-07;0.1243
5462970244186515758;2021-07;0.1243
5462970244186515758;2021-07;0.1246
5462970244186515758;2021-07;0.1243
5462970244186515758;2021-08;0.1268
5462970244186515758;2021-08;0.1294
5462970244186515758;2021-08;0.4733
5462970244186515758;2021-08;0.1294
5462970244186515758;2021-08;0.1164
5462970244186515758;2021-08;0.1168
5462970244186515758;2021-09;0.1134
5462970244186515758;2021-09;0.1138
5462970244186515758;2021-09;0.1138
5462970244186515758;2021-09;0.1134
5462970244186515758;2021-09;0.1132
5462970244186515758;2021-09;0.1132
5462970244186515758;2021-09;0.1132
5462970244186515758;2021-09;0.1134
5462970244186515758;2021-09;0.1134
5462970244186515758;2021-09;0.1132
5462970244186515758;2021-10;0.1155
5462970244186515758;2021-10;0.1155
5462970244186515758;2021-10;0.4421
5462970244186515758;2021-10;0.1159
5462970244186515758;2021-10;0.1159
5462970244186515758;2021-10;0.1155
5462970244186515758;2021-10;0.1159
5462970244186515758;2021-10;0.1122
5462970244186515758;2021-10;0.1118
5462970244186515758;2021-10;0.1122
5462970244186515758;2021-10;0.1118
5462970244186515758;2021-10;0.1122
5462970244186515758;2021-10;0.1118
5462970244186515758;2021-10;0.1118
5462970244186515758;2021-11;0.1118
5462970244186515758;2021-11;0.4368
5462970244186515758;2021-11;0.1118
5462970244186515758;2021-11;0.1122
5462970244186515758;2021-11;0.1118
5462970244186515758;2021-11;0.1159
5462970244186515758;2021-11;0.1155
5462970244186515758;2021-11;0.1159
5465001651966355821;2021-07;0.7033
5465001651966355821;2021-07;0.3767
5465001651966355821;2021-08;0.3705
5465001651966355821;2021-08;0.3752
5465001651966355821;2021-08;0.3778
5465001651966355821;2021-08;0.3731
5465001651966355821;2021-08;0.3778
5465001651966355821;2021-08;0.3731
5465001651966355821;2021-09;0.399
5465001651966355821;2021-09;0.4022
5465001651966355821;2021-09;0.399
5465001651966355821;2021-10;0.384
5465001651966355821;2021-10;0.7138
5465001651966355821;2021-10;0.3793
5465001651966355821;2021-10;0.384
5465001651966355821;2021-10;0.384
5477523784812182605;2021-07;0.857
5477523784812182605;2021-07;0.8147
5477900120643078645;2021-07;0.616
5477900120643078645;2021-08;0.6027
5477900120643078645;2021-08;0.6027
5477900120643078645;2021-08;0.6047
5477900120643078645;2021-08;0.6047
5477900120643078645;2021-08;0.6047
5477900120643078645;2021-08;0.6047
5477900120643078645;2021-10;0.6047
5477900120643078645;2021-10;0.6047
5477900120643078645;2021-11;0.6175
5477900120643078645;2021-11;0.6216
5477900120643078645;2021-11;0.6216
5481711897502154955;2021-07;0.2353
5481711897502154955;2021-07;0.2356
5481711897502154955;2021-08;0.2737
5481711897502154955;2021-08;0.272
5481711897502154955;2021-08;0.272
5481711897502154955;2021-08;0.2684
5481711897502154955;2021-08;0.2684
5481711897502154955;2021-08;0.2684
5481711897502154955;2021-09;0.2321
5481711897502154955;2021-09;0.2324
5481711897502154955;2021-09;0.2321
5481711897502154955;2021-09;0.2321
5481711897502154955;2021-09;0.2321
5481711897502154955;2021-09;0.2321
5481711897502154955;2021-09;0.2321
5481711897502154955;2021-10;0.2534
5481711897502154955;2021-10;0.2534
5481711897502154955;2021-11;0.2342
5481711897502154955;2021-11;0.2339
5481711897502154955;2021-11;0.2339
5481711897502154955;2021-11;0.2339
5487870288449327165;2021-08;0.148
5487870288449327165;2021-09;0.1491
5487870288449327165;2021-10;0.1478
5487870288449327165;2021-11;0.1476
5489089370448387505;2021-10;0.65
5489089370448387505;2021-11;0.268
5499433941404698208;2021-10;0.1761
5499433941404698208;2021-10;0.1618
5499433941404698208;2021-10;0.1461
5499433941404698208;2021-11;0.1464
5503073374822479037;2021-07;0.4665
5503073374822479037;2021-07;0.4665
5503073374822479037;2021-07;0.4671
5503073374822479037;2021-08;0.417
5503073374822479037;2021-08;0.4177
5503073374822479037;2021-08;0.413
5503073374822479037;2021-09;0.4195
5503073374822479037;2021-09;0.4195
5503073374822479037;2021-09;0.4141
5503073374822479037;2021-09;0.4141
5503073374822479037;2021-09;0.4127
5503073374822479037;2021-11;0.4035
5503073374822479037;2021-11;0.4092
5503073374822479037;2021-11;0.4089
5503073374822479037;2021-11;0.4095
5503391736465275980;2021-07;0.186
5503391736465275980;2021-07;0.181
5503391736465275980;2021-07;0.181
5503391736465275980;2021-08;0.1774
5503391736465275980;2021-08;0.1778
5503391736465275980;2021-09;0.1788
5511113649464808344;2021-07;0.8146
5511113649464808344;2021-07;0.6276
5511113649464808344;2021-07;0.6214
5511113649464808344;2021-08;0.6166
5511113649464808344;2021-09;0.621
5511113649464808344;2021-10;0.8146
5511113649464808344;2021-10;0.6158
5511113649464808344;2021-10;0.6158
5511113649464808344;2021-10;0.6133
5511113649464808344;2021-11;0.6133
5517114603826429870;2021-07;0.156
5517114603826429870;2021-07;0.1556
5517114603826429870;2021-07;0.156
5517114603826429870;2021-07;0.1502
5517114603826429870;2021-08;0.1542
5517114603826429870;2021-08;0.1542
5517114603826429870;2021-11;0.1542
5522764880180045081;2021-07;0.3289
5522764880180045081;2021-07;0.3283
5522764880180045081;2021-07;0.3253
5522764880180045081;2021-08;0.3271
5522764880180045081;2021-08;0.3245
5522764880180045081;2021-08;0.3245
5522764880180045081;2021-08;0.3239
5522764880180045081;2021-08;0.3245
5522764880180045081;2021-08;0.3245
5522764880180045081;2021-08;0.3245
5522764880180045081;2021-09;0.3195
5522764880180045081;2021-09;0.3195
5522764880180045081;2021-10;0.3197
5522764880180045081;2021-10;0.3193
5522764880180045081;2021-10;0.615
5522764880180045081;2021-10;0.3197
5522764880180045081;2021-10;0.3193
5522764880180045081;2021-10;0.3193
5522764880180045081;2021-10;0.3197
5522764880180045081;2021-10;0.3197
5522764880180045081;2021-10;0.3193
5522764880180045081;2021-11;0.3176
5528372913947954503;2021-07;0.1838
5528372913947954503;2021-07;0.1838
5528372913947954503;2021-08;0.1857
5528372913947954503;2021-08;0.1846
5528372913947954503;2021-08;0.1846
5528372913947954503;2021-09;0.1827
5528372913947954503;2021-10;0.1784
5540361570968095722;2021-08;0.16
5540361570968095722;2021-09;0.16
5547032541615425352;2021-09;0.1936
5547032541615425352;2021-10;0.2039
5547032541615425352;2021-11;0.2039
5558533999208199371;2021-07;0.7442
5558533999208199371;2021-08;0.7504
5558533999208199371;2021-09;0.747
5558533999208199371;2021-09;0.7504
5558533999208199371;2021-10;0.7515
5562543665139612149;2021-07;0.2249
5562543665139612149;2021-09;0.2003
5562543665139612149;2021-09;0.1989
5574997762710520717;2021-07;0.1839
5574997762710520717;2021-07;0.1836
5574997762710520717;2021-08;0.1777
5574997762710520717;2021-09;0.1817
5574997762710520717;2021-09;0.1927
5574997762710520717;2021-10;0.1846
5574997762710520717;2021-11;0.1839
5574997762710520717;2021-11;0.1836
5577659616907513811;2021-07;0.7757
5577659616907513811;2021-07;0.773
5577659616907513811;2021-07;0.768
5577659616907513811;2021-07;0.768
5577659616907513811;2021-08;0.7319
5577659616907513811;2021-08;0.7223
5577659616907513811;2021-08;0.7212
5577659616907513811;2021-08;0.7195
5577659616907513811;2021-08;0.7195
5577659616907513811;2021-08;0.7177
5577659616907513811;2021-09;0.7728
5577659616907513811;2021-09;0.7738
5577659616907513811;2021-09;0.7738
5577659616907513811;2021-09;0.7738
5577659616907513811;2021-09;0.7651
5577659616907513811;2021-10;0.8461
5577659616907513811;2021-10;0.7012
5577659616907513811;2021-10;0.7012
5577659616907513811;2021-10;0.6976
5577659616907513811;2021-11;0.6804
5577659616907513811;2021-11;0.6954
5606267905834401873;2021-07;0.2396
5606267905834401873;2021-07;0.2399
5606267905834401873;2021-07;0.5141
5606267905834401873;2021-07;0.2396
5606267905834401873;2021-07;0.2399
5606267905834401873;2021-08;0.2414
5606267905834401873;2021-08;0.2417
5606267905834401873;2021-08;0.2417
5606267905834401873;2021-08;0.2451
5606267905834401873;2021-08;0.2438
5606267905834401873;2021-08;0.2435
5606267905834401873;2021-09;0.2521
5606267905834401873;2021-09;0.244
5606267905834401873;2021-09;0.2415
5606267905834401873;2021-09;0.2419
5606267905834401873;2021-09;0.2422
5606267905834401873;2021-10;0.2703
5606267905834401873;2021-10;0.2717
5606267905834401873;2021-10;0.2717
5606267905834401873;2021-11;0.2459
5606267905834401873;2021-11;0.2459
5606267905834401873;2021-11;0.2459
5606267905834401873;2021-11;0.2415
5606267905834401873;2021-11;0.2411
5607900901204647807;2021-07;0.2509
5607900901204647807;2021-07;0.2506
5611787644735474299;2021-07;0.1983
5611787644735474299;2021-07;0.1983
5611787644735474299;2021-07;0.1983
5611787644735474299;2021-07;0.1983
5611787644735474299;2021-07;0.1983
5611787644735474299;2021-07;0.1986
5611787644735474299;2021-07;0.202
5611787644735474299;2021-07;0.202
5611787644735474299;2021-07;0.202
5611787644735474299;2021-07;0.202
5611787644735474299;2021-07;0.202
5611787644735474299;2021-07;0.202
5611787644735474299;2021-07;0.202
5611787644735474299;2021-07;0.202
5611787644735474299;2021-07;0.202
5611787644735474299;2021-07;0.202
5611787644735474299;2021-08;0.202
5611787644735474299;2021-08;0.202
5611787644735474299;2021-08;0.202
5611787644735474299;2021-08;0.202
5611787644735474299;2021-08;0.2315
5611787644735474299;2021-08;0.202
5611787644735474299;2021-08;0.202
5611787644735474299;2021-08;0.1986
5611787644735474299;2021-08;0.1983
5611787644735474299;2021-08;0.1986
5611787644735474299;2021-08;0.1983
5611787644735474299;2021-08;0.1983
5611787644735474299;2021-08;0.1986
5611787644735474299;2021-09;0.203
5611787644735474299;2021-09;0.203
5611787644735474299;2021-09;0.203
5611787644735474299;2021-09;0.203
5611787644735474299;2021-09;0.203
5611787644735474299;2021-09;0.203
5611787644735474299;2021-09;0.2034
5611787644735474299;2021-09;0.203
5611787644735474299;2021-09;0.203
5611787644735474299;2021-09;0.2034
5611787644735474299;2021-09;0.203
5611787644735474299;2021-09;0.2072
5611787644735474299;2021-09;0.2068
5611787644735474299;2021-10;0.2196
5611787644735474299;2021-10;0.219
5611787644735474299;2021-10;0.2196
5611787644735474299;2021-10;0.219
5611787644735474299;2021-10;0.219
5611787644735474299;2021-10;0.2196
5611787644735474299;2021-10;0.2192
5611787644735474299;2021-10;0.219
5611787644735474299;2021-10;0.219
5611787644735474299;2021-10;0.2196
5611787644735474299;2021-11;0.2052
5611787644735474299;2021-11;0.2052
5611787644735474299;2021-11;0.2103
5611787644735474299;2021-11;0.2049
5611787644735474299;2021-11;0.2049
5611787644735474299;2021-11;0.2106
5611787644735474299;2021-11;0.211
5611787644735474299;2021-11;0.2106
5611787644735474299;2021-11;0.2106
5611787644735474299;2021-11;0.2106
5613825020130267729;2021-07;0.1743
5613825020130267729;2021-07;0.1743
5613825020130267729;2021-07;0.1743
5613825020130267729;2021-08;0.1741
5613825020130267729;2021-08;0.1741
5613825020130267729;2021-08;0.1706
5613825020130267729;2021-08;0.1706
5613825020130267729;2021-09;0.169
5613825020130267729;2021-09;0.169
5613825020130267729;2021-09;0.1701
5613825020130267729;2021-09;0.1717
5613825020130267729;2021-10;0.2454
5613825020130267729;2021-10;0.2454
5613825020130267729;2021-10;0.2454
5613825020130267729;2021-11;0.1704
5635781225931111684;2021-07;0.4154
5635781225931111684;2021-07;0.4154
5635781225931111684;2021-07;0.4107
5635781225931111684;2021-07;0.4138
5635781225931111684;2021-08;0.4168
5635781225931111684;2021-08;0.4117
5635781225931111684;2021-09;0.4145
5635781225931111684;2021-09;0.4139
5635781225931111684;2021-09;0.4139
5635781225931111684;2021-09;0.4142
5635781225931111684;2021-09;0.4192
5635781225931111684;2021-09;0.4186
5635781225931111684;2021-10;0.4098
5635781225931111684;2021-11;0.4182
5635781225931111684;2021-11;0.4182
5635781225931111684;2021-11;0.4185
5635781225931111684;2021-11;0.4192
5687511145009775604;2021-07;0.8017
5687511145009775604;2021-07;0.8925
5687511145009775604;2021-08;0.8854
5687511145009775604;2021-08;0.7587
5687511145009775604;2021-09;0.7587
5687511145009775604;2021-09;0.7597
5687511145009775604;2021-10;0.7603
5687511145009775604;2021-10;0.7586
5687511145009775604;2021-10;0.7576
5687511145009775604;2021-10;0.7576
5689766561863956319;2021-08;0.3121
5689766561863956319;2021-08;0.3043
5689766561863956319;2021-08;0.2945
5689766561863956319;2021-09;0.294
5689766561863956319;2021-09;0.2928
5689766561863956319;2021-09;0.2956
5689766561863956319;2021-09;0.2952
5694881483989656694;2021-09;0.4844
5694881483989656694;2021-09;0.1876
5694881483989656694;2021-10;0.1862
5694881483989656694;2021-10;0.1807
5694881483989656694;2021-11;0.1906
5694881483989656694;2021-11;0.1906
5706551050445880395;2021-09;0.5323
5706551050445880395;2021-10;0.5154
5706551050445880395;2021-11;0.4981
5706551050445880395;2021-11;0.5015
5706551050445880395;2021-11;0.4906
5714540197488862003;2021-07;0.7607
5714540197488862003;2021-07;0.877
5714540197488862003;2021-07;0.7652
5714540197488862003;2021-07;0.7607
5714540197488862003;2021-08;0.877
5714540197488862003;2021-08;0.7652
5714540197488862003;2021-08;0.7652
5714540197488862003;2021-09;0.7652
5714540197488862003;2021-09;0.7652
5714540197488862003;2021-09;0.7652
5714540197488862003;2021-09;0.7607
5714540197488862003;2021-10;0.7822
5714540197488862003;2021-11;0.7688
5714540197488862003;2021-11;0.7688
5714540197488862003;2021-11;0.7643
5714540197488862003;2021-11;0.763
5714540197488862003;2021-11;0.7635
5726178124659661019;2021-07;0.248
5726178124659661019;2021-07;0.248
5726178124659661019;2021-07;0.248
5726178124659661019;2021-07;0.248
5726178124659661019;2021-07;0.248
5726178124659661019;2021-07;0.4821
5726178124659661019;2021-07;0.248
5726178124659661019;2021-07;0.248
5726178124659661019;2021-07;0.248
5726178124659661019;2021-07;0.248
5726178124659661019;2021-07;0.248
5726178124659661019;2021-07;0.248
5726178124659661019;2021-07;0.248
5726178124659661019;2021-07;0.248
5726178124659661019;2021-07;0.248
5726178124659661019;2021-07;0.248
5726178124659661019;2021-07;0.248
5726178124659661019;2021-07;0.248
5726178124659661019;2021-07;0.2443
5726178124659661019;2021-07;0.2443
5726178124659661019;2021-07;0.2443
5726178124659661019;2021-08;0.2383
5726178124659661019;2021-08;0.2402
5726178124659661019;2021-08;0.2377
5726178124659661019;2021-08;0.2381
5726178124659661019;2021-08;0.2377
5726178124659661019;2021-08;0.2413
5726178124659661019;2021-08;0.2413
5726178124659661019;2021-08;0.2696
5726178124659661019;2021-08;0.245
5726178124659661019;2021-08;0.245
5726178124659661019;2021-08;0.245
5726178124659661019;2021-08;0.245
5726178124659661019;2021-08;0.245
5726178124659661019;2021-08;0.245
5726178124659661019;2021-08;0.245
5726178124659661019;2021-08;0.245
5726178124659661019;2021-08;0.245
5726178124659661019;2021-09;0.245
5726178124659661019;2021-09;0.245
5726178124659661019;2021-09;0.245
5726178124659661019;2021-09;0.245
5726178124659661019;2021-09;0.245
5726178124659661019;2021-09;0.2413
5726178124659661019;2021-09;0.2413
5726178124659661019;2021-09;0.2413
5726178124659661019;2021-09;0.2413
5726178124659661019;2021-09;0.2419
5726178124659661019;2021-09;0.2419
5726178124659661019;2021-09;0.2419
5726178124659661019;2021-10;0.2419
5726178124659661019;2021-10;0.2419
5726178124659661019;2021-10;0.2419
5726178124659661019;2021-10;0.2419
5726178124659661019;2021-10;0.2419
5726178124659661019;2021-10;0.2419
5726178124659661019;2021-10;0.2419
5726178124659661019;2021-10;0.2419
5726178124659661019;2021-11;0.248
5726178124659661019;2021-11;0.248
5726178124659661019;2021-11;0.248
5726178124659661019;2021-11;0.248
5726178124659661019;2021-11;0.2517
5726178124659661019;2021-11;0.2517
5726178124659661019;2021-11;0.2517
5726178124659661019;2021-11;0.2517
5726884001073147293;2021-07;0.1642
5726884001073147293;2021-08;0.1629
5732713959930509093;2021-08;0.5875
5732713959930509093;2021-10;0.5931
5732713959930509093;2021-11;0.5683
5735794880899687600;2021-07;0.1144
5735794880899687600;2021-08;0.1134
5735794880899687600;2021-08;0.1134
5735794880899687600;2021-09;0.1135
5735794880899687600;2021-09;0.1135
5735794880899687600;2021-10;0.1144
5735794880899687600;2021-10;0.1144
5735794880899687600;2021-10;0.1144
5752688018135006198;2021-07;0.3356
5752688018135006198;2021-08;0.3375
5752688018135006198;2021-08;0.3375
5752688018135006198;2021-10;0.6698
5752688018135006198;2021-10;0.3355
5752688018135006198;2021-10;0.3335
5752688018135006198;2021-11;0.3352
5752688018135006198;2021-11;0.3349
5752688018135006198;2021-11;0.3377
5753677550753111444;2021-07;0.1591
5753677550753111444;2021-07;0.1591
5753677550753111444;2021-07;0.1514
5753677550753111444;2021-07;0.1518
5753677550753111444;2021-08;0.1514
5753677550753111444;2021-08;0.1518
5753677550753111444;2021-08;0.1529
5753677550753111444;2021-08;0.1529
5753677550753111444;2021-09;0.1525
5753677550753111444;2021-09;0.1514
5753677550753111444;2021-09;0.1514
5753677550753111444;2021-10;0.1514
5753677550753111444;2021-10;0.1514
5753677550753111444;2021-10;0.1518
5753677550753111444;2021-10;0.1514
5753677550753111444;2021-10;0.1518
5753677550753111444;2021-11;0.1539
5753677550753111444;2021-11;0.1542
5757271354816214865;2021-07;0.7856
5757271354816214865;2021-07;0.8363
5757271354816214865;2021-07;0.7862
5757271354816214865;2021-07;0.7862
5757271354816214865;2021-07;0.7835
5757271354816214865;2021-07;0.7863
5757271354816214865;2021-07;0.7826
5757271354816214865;2021-07;0.7819
5757271354816214865;2021-07;0.7863
5757271354816214865;2021-07;0.7826
5757271354816214865;2021-07;0.7813
5757271354816214865;2021-07;0.8302
5757271354816214865;2021-07;0.7826
5757271354816214865;2021-07;0.7863
5757271354816214865;2021-07;0.7863
5757271354816214865;2021-07;0.7863
5757271354816214865;2021-07;0.7826
5757271354816214865;2021-07;0.7819
5757271354816214865;2021-07;0.7813
5757271354816214865;2021-07;0.7813
5757271354816214865;2021-07;0.7863
5757271354816214865;2021-07;0.7864
5757271354816214865;2021-07;0.7826
5757271354816214865;2021-07;0.7813
5757271354816214865;2021-07;0.7824
5757271354816214865;2021-07;0.7786
5757271354816214865;2021-07;0.7786
5757271354816214865;2021-08;0.7417
5757271354816214865;2021-08;0.7662
5757271354816214865;2021-08;0.8348
5757271354816214865;2021-08;0.7421
5757271354816214865;2021-08;0.7417
5757271354816214865;2021-08;0.7417
5757271354816214865;2021-08;0.7417
5757271354816214865;2021-08;0.7417
5757271354816214865;2021-08;0.7423
5757271354816214865;2021-08;0.7417
5757271354816214865;2021-08;0.7374
5757271354816214865;2021-08;0.7367
5757271354816214865;2021-08;0.7367
5757271354816214865;2021-08;0.7367
5757271354816214865;2021-08;0.7367
5757271354816214865;2021-08;0.7288
5757271354816214865;2021-08;0.7307
5757271354816214865;2021-08;0.7303
5757271354816214865;2021-08;0.7296
5757271354816214865;2021-09;0.7581
5757271354816214865;2021-09;0.7559
5757271354816214865;2021-09;0.7557
5757271354816214865;2021-09;0.7559
5757271354816214865;2021-11;0.7297
5757271354816214865;2021-11;0.7329
5758033363847724111;2021-07;0.1381
5758033363847724111;2021-07;0.1381
5758033363847724111;2021-09;0.1382
5758033363847724111;2021-10;0.1381
5758033363847724111;2021-10;0.1381
5758033363847724111;2021-10;0.1381
5758033363847724111;2021-10;0.1381
5758033363847724111;2021-10;0.1381
5758033363847724111;2021-11;0.1381
5758033363847724111;2021-11;0.1381
5758033363847724111;2021-11;0.1435
5758033363847724111;2021-11;0.1435
5761480994209806499;2021-07;0.2873
5761480994209806499;2021-07;0.2873
5761480994209806499;2021-07;0.2873
5761480994209806499;2021-07;0.2873
5761480994209806499;2021-07;0.2873
5761480994209806499;2021-07;0.2873
5761480994209806499;2021-07;0.2873
5761480994209806499;2021-07;0.2873
5761480994209806499;2021-07;0.2868
5761480994209806499;2021-07;0.2873
5761480994209806499;2021-07;0.2869
5761480994209806499;2021-07;0.2873
5761480994209806499;2021-07;0.2905
5761480994209806499;2021-07;0.2905
5761480994209806499;2021-07;0.2873
5761480994209806499;2021-07;0.2873
5761480994209806499;2021-07;0.2744
5761480994209806499;2021-07;0.2802
5761480994209806499;2021-07;0.2776
5761480994209806499;2021-07;0.2744
5761480994209806499;2021-07;0.2739
5761480994209806499;2021-07;0.274
5761480994209806499;2021-07;0.2744
5761480994209806499;2021-07;0.2744
5761480994209806499;2021-07;0.2776
5761480994209806499;2021-07;0.2776
5761480994209806499;2021-07;0.2725
5761480994209806499;2021-08;0.2822
5761480994209806499;2021-08;0.2809
5761480994209806499;2021-08;0.2772
5761480994209806499;2021-08;0.2809
5761480994209806499;2021-08;0.2777
5761480994209806499;2021-08;0.2822
5761480994209806499;2021-08;0.2777
5761480994209806499;2021-08;0.2772
5761480994209806499;2021-08;0.2773
5761480994209806499;2021-08;0.2777
5761480994209806499;2021-08;0.2777
5761480994209806499;2021-08;0.2777
5761480994209806499;2021-08;0.2809
5761480994209806499;2021-08;0.2777
5761480994209806499;2021-08;0.2809
5761480994209806499;2021-08;0.2777
5761480994209806499;2021-08;0.2777
5761480994209806499;2021-08;0.2822
5761480994209806499;2021-08;0.2758
5761480994209806499;2021-08;0.2898
5761480994209806499;2021-08;0.2898
5761480994209806499;2021-08;0.2879
5761480994209806499;2021-08;0.293
5761480994209806499;2021-08;0.2898
5761480994209806499;2021-08;0.2898
5761480994209806499;2021-08;0.2898
5761480994209806499;2021-08;0.2898
5761480994209806499;2021-08;0.2926
5761480994209806499;2021-08;0.2945
5761480994209806499;2021-08;0.2941
5761480994209806499;2021-08;0.2945
5761480994209806499;2021-08;0.2977
5761480994209806499;2021-08;0.2977
5761480994209806499;2021-08;0.2945
5761480994209806499;2021-08;0.294
5761480994209806499;2021-08;0.2945
5761480994209806499;2021-08;0.299
5761480994209806499;2021-08;0.294
5761480994209806499;2021-09;0.2958
5761480994209806499;2021-09;0.2912
5761480994209806499;2021-09;0.2912
5761480994209806499;2021-09;0.2958
5761480994209806499;2021-09;0.4802
5761480994209806499;2021-09;0.2958
5761480994209806499;2021-09;0.2907
5761480994209806499;2021-09;0.2912
5761480994209806499;2021-09;0.2907
5761480994209806499;2021-09;0.2907
5761480994209806499;2021-09;0.2912
5761480994209806499;2021-09;0.2894
5761480994209806499;2021-09;0.2912
5761480994209806499;2021-09;0.2912
5761480994209806499;2021-09;0.2944
5761480994209806499;2021-09;0.2907
5761480994209806499;2021-09;0.2958
5761480994209806499;2021-09;0.2912
5761480994209806499;2021-09;0.2912
5761480994209806499;2021-09;0.2912
5761480994209806499;2021-09;0.2912
5761480994209806499;2021-09;0.2912
5761480994209806499;2021-09;0.2912
5761480994209806499;2021-09;0.292
5761480994209806499;2021-09;0.2915
5761480994209806499;2021-09;0.2952
5761480994209806499;2021-09;0.2915
5761480994209806499;2021-09;0.3051
5761480994209806499;2021-09;0.292
5761480994209806499;2021-09;0.2952
5761480994209806499;2021-09;0.2915
5761480994209806499;2021-09;0.2917
5761480994209806499;2021-09;0.292
5761480994209806499;2021-09;0.2965
5761480994209806499;2021-09;0.2952
5761480994209806499;2021-09;0.2965
5761480994209806499;2021-09;0.3051
5761480994209806499;2021-09;0.2902
5761480994209806499;2021-09;0.2915
5761480994209806499;2021-09;0.2965
5761480994209806499;2021-09;0.2965
5761480994209806499;2021-10;0.3044
5761480994209806499;2021-10;0.3044
5761480994209806499;2021-10;0.309
5761480994209806499;2021-10;0.3041
5761480994209806499;2021-10;0.3077
5761480994209806499;2021-10;0.309
5761480994209806499;2021-10;0.3026
5761480994209806499;2021-10;0.304
5761480994209806499;2021-10;0.309
5761480994209806499;2021-10;0.304
5761480994209806499;2021-10;0.3026
5761480994209806499;2021-10;0.3044
5761480994209806499;2021-10;0.3026
5761480994209806499;2021-10;0.3077
5761480994209806499;2021-10;0.304
5761480994209806499;2021-10;0.309
5761480994209806499;2021-10;0.3026
5761480994209806499;2021-10;0.304
5761480994209806499;2021-10;0.304
5761480994209806499;2021-10;0.3077
5761480994209806499;2021-10;0.3026
5761480994209806499;2021-10;0.3044
5761480994209806499;2021-10;0.3041
5761480994209806499;2021-10;0.304
5761480994209806499;2021-10;0.3044
5761480994209806499;2021-10;0.309
5761480994209806499;2021-10;0.3044
5761480994209806499;2021-10;0.3026
5761480994209806499;2021-10;0.304
5761480994209806499;2021-10;0.309
5761480994209806499;2021-10;0.3044
5761480994209806499;2021-10;0.309
5761480994209806499;2021-10;0.3026
5761480994209806499;2021-10;0.3041
5761480994209806499;2021-10;0.3175
5761480994209806499;2021-11;0.3191
5761480994209806499;2021-11;0.3158
5761480994209806499;2021-11;0.3127
5761480994209806499;2021-11;0.3178
5761480994209806499;2021-11;0.3158
5761480994209806499;2021-11;0.3191
5761480994209806499;2021-11;0.3143
5761480994209806499;2021-11;0.3158
5761480994209806499;2021-11;0.3161
5761480994209806499;2021-11;0.3161
5761480994209806499;2021-11;0.3178
5761480994209806499;2021-11;0.3143
5761480994209806499;2021-11;0.3191
5761480994209806499;2021-11;0.3158
5761480994209806499;2021-11;0.3178
5761480994209806499;2021-11;0.3191
5761480994209806499;2021-11;0.3127
5761480994209806499;2021-11;0.318
5761480994209806499;2021-11;0.318
5761480994209806499;2021-11;0.3183
5761480994209806499;2021-11;0.3213
5761480994209806499;2021-11;0.318
5761480994209806499;2021-11;0.3149
5761480994209806499;2021-11;0.3183
5761480994209806499;2021-11;0.3178
5761480994209806499;2021-11;0.3183
5786895437851445408;2021-07;0.5845
5786895437851445408;2021-08;0.5926
5786895437851445408;2021-08;0.5845
5786895437851445408;2021-08;0.5926
5786895437851445408;2021-09;0.5843
5786895437851445408;2021-09;0.5918
5786895437851445408;2021-09;0.5802
5786895437851445408;2021-10;0.5918
5786895437851445408;2021-10;0.5843
5786895437851445408;2021-10;0.5885
5786895437851445408;2021-10;0.5704
5786895437851445408;2021-11;0.5776
5786895437851445408;2021-11;0.5783
5791518044186095039;2021-07;0.4609
5791518044186095039;2021-07;0.1946
5791518044186095039;2021-09;0.1829
5791518044186095039;2021-09;0.1829
5791518044186095039;2021-10;0.1829
5791518044186095039;2021-11;0.1853
5791518044186095039;2021-11;0.473
5794903898038236832;2021-07;0.5734
5794903898038236832;2021-07;0.5734
5794903898038236832;2021-07;0.5779
5794903898038236832;2021-07;0.5779
5794903898038236832;2021-07;0.5779
5794903898038236832;2021-07;0.5779
5794903898038236832;2021-08;0.5774
5794903898038236832;2021-08;0.5774
5794903898038236832;2021-08;0.5759
5794903898038236832;2021-08;0.564
5794903898038236832;2021-08;0.5601
5794903898038236832;2021-09;0.5828
5794903898038236832;2021-09;0.5828
5794903898038236832;2021-10;0.564
5794903898038236832;2021-10;0.564
5794903898038236832;2021-10;0.5625
5795100045494475994;2021-07;0.1632
5795100045494475994;2021-07;0.1632
5795100045494475994;2021-08;0.1555
5795100045494475994;2021-08;0.1555
5795100045494475994;2021-09;0.1555
5795100045494475994;2021-09;0.1563
5795100045494475994;2021-10;0.1644
5795100045494475994;2021-10;0.1644
5795100045494475994;2021-11;0.1647
5795100045494475994;2021-11;0.1647
5799279645678609726;2021-07;0.6771
5799279645678609726;2021-07;0.6747
5799279645678609726;2021-08;0.6787
5799279645678609726;2021-09;0.678
5799279645678609726;2021-10;0.6854
5799279645678609726;2021-10;0.6861
5799279645678609726;2021-11;0.685
5810778736737569699;2021-07;0.4143
5810778736737569699;2021-07;0.4118
5810778736737569699;2021-07;0.4117
5810778736737569699;2021-08;0.417
5810778736737569699;2021-08;0.6705
5810778736737569699;2021-08;0.4137
5810778736737569699;2021-08;0.4053
5810778736737569699;2021-10;0.4021
5810778736737569699;2021-10;0.4021
5810778736737569699;2021-11;0.4349
5810778736737569699;2021-11;0.4359
5810778736737569699;2021-11;0.4324
5854364934896993687;2021-07;0.1844
5854364934896993687;2021-07;0.1768
5854364934896993687;2021-08;0.1763
5854364934896993687;2021-09;0.1767
5854364934896993687;2021-09;0.1767
5855956854975734380;2021-07;0.2998
5855956854975734380;2021-07;0.3002
5855956854975734380;2021-08;0.2993
5855956854975734380;2021-08;0.296
5855956854975734380;2021-10;0.6205
5855956854975734380;2021-10;0.3186
5855956854975734380;2021-11;0.2888
5855956854975734380;2021-11;0.2871
5855956854975734380;2021-11;0.2862
5856610998569876318;2021-07;0.1669
5856610998569876318;2021-07;0.1669
5856610998569876318;2021-07;0.1669
5856610998569876318;2021-08;0.184
5856610998569876318;2021-09;0.1724
5856610998569876318;2021-09;0.1724
5856610998569876318;2021-10;0.1683
5856610998569876318;2021-11;0.1878
5860276371789140450;2021-07;0.586
5860276371789140450;2021-08;0.5747
5860276371789140450;2021-08;0.573
5860276371789140450;2021-09;0.5829
5860276371789140450;2021-09;0.5837
5860276371789140450;2021-10;0.5702
5860276371789140450;2021-10;0.5691
5860276371789140450;2021-11;0.5794
5860276371789140450;2021-11;0.5763
5864443060004179363;2021-07;0.3297
5864443060004179363;2021-07;0.3337
5864443060004179363;2021-07;0.5294
5864443060004179363;2021-07;0.3337
5864443060004179363;2021-07;0.3297
5864443060004179363;2021-07;0.3337
5864443060004179363;2021-07;0.3337
5864443060004179363;2021-07;0.3291
5864443060004179363;2021-08;0.3372
5864443060004179363;2021-08;0.336
5864443060004179363;2021-08;0.336
5864443060004179363;2021-08;0.336
5864443060004179363;2021-08;0.336
5864443060004179363;2021-08;0.336
5864443060004179363;2021-08;0.336
5864443060004179363;2021-08;0.3319
5864443060004179363;2021-09;0.4957
5864443060004179363;2021-09;0.2797
5864443060004179363;2021-09;0.2841
5864443060004179363;2021-09;0.2841
5864443060004179363;2021-09;0.2841
5864443060004179363;2021-09;0.2895
5864443060004179363;2021-09;0.2837
5864443060004179363;2021-09;0.2932
5864443060004179363;2021-09;0.2878
5864443060004179363;2021-09;0.2837
5864443060004179363;2021-09;0.2837
5864443060004179363;2021-10;0.3408
5864443060004179363;2021-10;0.5492
5864443060004179363;2021-10;0.3408
5864443060004179363;2021-10;0.3408
5864443060004179363;2021-10;0.3408
5864443060004179363;2021-11;0.3001
5864443060004179363;2021-11;0.2953
5864443060004179363;2021-11;0.3001
5875663709136533612;2021-07;0.1569
5880041582322293710;2021-07;0.1935
5880041582322293710;2021-07;0.5355
5880041582322293710;2021-07;0.1935
5880041582322293710;2021-07;0.185
5880041582322293710;2021-07;0.1923
5880041582322293710;2021-07;0.1838
5880041582322293710;2021-07;0.1923
5880041582322293710;2021-08;0.1837
5880041582322293710;2021-08;0.1922
5880041582322293710;2021-08;0.1837
5880041582322293710;2021-08;0.1922
5880041582322293710;2021-08;0.1922
5880041582322293710;2021-08;0.1941
5880041582322293710;2021-08;0.1856
5880041582322293710;2021-08;0.1941
5880041582322293710;2021-08;0.1941
5880041582322293710;2021-08;0.1941
5880041582322293710;2021-08;0.1941
5880041582322293710;2021-08;0.1941
5880041582322293710;2021-08;0.1856
5880041582322293710;2021-09;0.1856
5880041582322293710;2021-09;0.1941
5880041582322293710;2021-09;0.1941
5880041582322293710;2021-09;0.1848
5880041582322293710;2021-09;0.1933
5880041582322293710;2021-09;0.1848
5880041582322293710;2021-09;0.1933
5880041582322293710;2021-09;0.1933
5880041582322293710;2021-09;0.1959
5880041582322293710;2021-10;0.1874
5880041582322293710;2021-10;0.1874
5880041582322293710;2021-10;0.1837
5880041582322293710;2021-10;0.1922
5880041582322293710;2021-10;0.1841
5880041582322293710;2021-10;0.1922
5880041582322293710;2021-10;0.1837
5880041582322293710;2021-10;0.1922
5883155883105348987;2021-07;0.4923
5883155883105348987;2021-07;0.4923
5883155883105348987;2021-08;0.4977
5883155883105348987;2021-08;0.4964
5883155883105348987;2021-08;0.4944
5883155883105348987;2021-09;0.7179
5883155883105348987;2021-09;0.4918
5883155883105348987;2021-09;0.4711
5883155883105348987;2021-09;0.469
5883155883105348987;2021-09;0.4637
5883155883105348987;2021-09;0.4637
5883155883105348987;2021-09;0.4637
5883155883105348987;2021-09;0.4637
5883155883105348987;2021-10;0.4697
5883155883105348987;2021-10;0.4697
5883155883105348987;2021-10;0.6187
5883155883105348987;2021-10;0.4697
5883155883105348987;2021-10;0.4635
5883155883105348987;2021-10;0.4635
5883155883105348987;2021-10;0.4471
5883155883105348987;2021-10;0.4426
5883155883105348987;2021-10;0.4426
5883155883105348987;2021-10;0.4426
5883155883105348987;2021-10;0.4402
5883155883105348987;2021-10;0.4421
5883155883105348987;2021-10;0.4282
5883155883105348987;2021-10;0.6549
5883155883105348987;2021-10;0.4285
5883155883105348987;2021-10;0.4282
5883155883105348987;2021-10;0.4254
5883155883105348987;2021-10;0.4493
5883155883105348987;2021-11;0.6791
5883155883105348987;2021-11;0.4288
5883155883105348987;2021-11;0.4284
5883155883105348987;2021-11;0.6038
5883155883105348987;2021-11;0.4288
5883155883105348987;2021-11;0.4219
5883155883105348987;2021-11;0.5607
5883155883105348987;2021-11;0.4216
5883155883105348987;2021-11;0.6895
5888474320320735000;2021-07;0.7734
5888474320320735000;2021-07;0.7734
5888474320320735000;2021-07;0.7741
5888474320320735000;2021-07;0.7677
5888474320320735000;2021-08;0.7684
5888474320320735000;2021-08;0.7677
5888474320320735000;2021-08;0.7684
5888474320320735000;2021-08;0.7684
5888474320320735000;2021-08;0.7677
5888474320320735000;2021-09;0.7678
5888474320320735000;2021-09;0.7678
5888474320320735000;2021-09;0.7678
5888474320320735000;2021-09;0.7685
5888474320320735000;2021-09;0.7692
5888474320320735000;2021-09;0.7685
5888474320320735000;2021-09;0.7685
5888474320320735000;2021-10;0.7691
5888474320320735000;2021-10;0.7691
5888474320320735000;2021-10;0.7684
5888474320320735000;2021-10;0.7691
5893903674205161232;2021-07;0.145
5893903674205161232;2021-07;0.145
5893903674205161232;2021-07;0.145
5893903674205161232;2021-07;0.1452
5893903674205161232;2021-08;0.1471
5893903674205161232;2021-08;0.1469
5893903674205161232;2021-09;0.1506
5893903674205161232;2021-10;0.1471
5893903674205161232;2021-11;0.1456
5897410907783139228;2021-07;0.151
5897410907783139228;2021-07;0.1514
5897410907783139228;2021-07;0.151
5897410907783139228;2021-07;0.151
5897410907783139228;2021-07;0.151
5897410907783139228;2021-08;0.1519
5897410907783139228;2021-08;0.1519
5897410907783139228;2021-08;0.1523
5897410907783139228;2021-08;0.1519
5897410907783139228;2021-09;0.1496
5897410907783139228;2021-09;0.1513
5897410907783139228;2021-09;0.1609
5897410907783139228;2021-09;0.1591
5897410907783139228;2021-09;0.1591
5897410907783139228;2021-10;0.1599
5897410907783139228;2021-10;0.158
5897410907783139228;2021-10;0.1524
5897410907783139228;2021-10;0.1524
5897410907783139228;2021-10;0.1524
5897410907783139228;2021-11;0.1509
5897410907783139228;2021-11;0.4498
5897410907783139228;2021-11;0.1496
5897410907783139228;2021-11;0.1496
5897410907783139228;2021-11;0.1544
5901769182336230217;2021-07;0.3461
5931905128207886847;2021-07;0.678
5931905128207886847;2021-09;0.7186
5931905128207886847;2021-10;0.6829
5931905128207886847;2021-10;0.6774
5958664040344043635;2021-07;0.1584
5958664040344043635;2021-07;0.1547
5958664040344043635;2021-07;0.1547
5958664040344043635;2021-08;0.1546
5958664040344043635;2021-08;0.1535
5958664040344043635;2021-09;0.1545
5958664040344043635;2021-09;0.1545
5958664040344043635;2021-10;0.1545
5958664040344043635;2021-10;0.1545
5974858472822751652;2021-07;0.1885
5974858472822751652;2021-08;0.1841
5974858472822751652;2021-09;0.1919
5974858472822751652;2021-09;0.1904
5974858472822751652;2021-09;0.1904
5974858472822751652;2021-10;0.1809
5974858472822751652;2021-10;0.1805
5974858472822751652;2021-10;0.1805
5974858472822751652;2021-10;0.1805
5974858472822751652;2021-11;0.184
5974858472822751652;2021-11;0.184
5974858472822751652;2021-11;0.4405
5974858472822751652;2021-11;0.184
5986344948775572227;2021-08;0.6008
5986344948775572227;2021-10;0.6048
5993765508162121762;2021-07;0.2606
5993765508162121762;2021-07;0.251
5993765508162121762;2021-08;0.2415
5993765508162121762;2021-08;0.2466
5993765508162121762;2021-09;0.231
5993765508162121762;2021-09;0.2158
5993765508162121762;2021-09;0.2141
5993765508162121762;2021-10;0.2115
5993765508162121762;2021-10;0.2115
5993765508162121762;2021-10;0.2118
5993765508162121762;2021-11;0.2178
5993765508162121762;2021-11;0.2147
5993765508162121762;2021-11;0.2147
5993765508162121762;2021-11;0.2075
5993765508162121762;2021-11;0.2106
5993765508162121762;2021-11;0.2075
5993832136957065909;2021-10;0.2301
5999145415800242177;2021-07;0.3049
5999145415800242177;2021-07;0.3079
5999145415800242177;2021-07;0.3079
5999145415800242177;2021-08;0.3773
5999145415800242177;2021-08;0.3749
5999145415800242177;2021-08;0.379
5999145415800242177;2021-08;0.3749
5999145415800242177;2021-09;0.3729
5999145415800242177;2021-09;0.3722
5999145415800242177;2021-09;0.3736
5999145415800242177;2021-10;0.3053
5999145415800242177;2021-10;0.6535
5999145415800242177;2021-10;0.3077
5999145415800242177;2021-10;0.3066
5999145415800242177;2021-10;0.3066
5999145415800242177;2021-11;0.3055
5999145415800242177;2021-11;0.3031
5999145415800242177;2021-11;0.3055
6012031176108922616;2021-07;0.558
6012031176108922616;2021-07;0.5572
6012031176108922616;2021-08;0.7608
6012031176108922616;2021-09;0.5316
6012031176108922616;2021-10;0.51
6012031176108922616;2021-10;0.5072
6012031176108922616;2021-10;0.5021
6012031176108922616;2021-11;0.552
6012031176108922616;2021-11;0.542
6020593949794792044;2021-07;0.6115
6020593949794792044;2021-07;0.6098
6020593949794792044;2021-08;0.5881
6020593949794792044;2021-08;0.5862
6020593949794792044;2021-09;0.7053
6020593949794792044;2021-09;0.5817
6020593949794792044;2021-09;0.581
6020593949794792044;2021-09;0.581
6020593949794792044;2021-09;0.5789
6020593949794792044;2021-09;0.5797
6020593949794792044;2021-10;0.5713
6020593949794792044;2021-10;0.572
6020593949794792044;2021-10;0.5713
6020593949794792044;2021-10;0.571
6020593949794792044;2021-10;0.571
6020593949794792044;2021-10;0.571
6020593949794792044;2021-10;0.5716
6030285068945261052;2021-07;0.1574
6030285068945261052;2021-07;0.157
6030285068945261052;2021-07;0.4299
6030285068945261052;2021-07;0.157
6030285068945261052;2021-07;0.157
6030285068945261052;2021-07;0.157
6030285068945261052;2021-08;0.1573
6030285068945261052;2021-08;0.157
6030285068945261052;2021-08;0.1573
6030285068945261052;2021-08;0.1673
6030285068945261052;2021-08;0.1673
6030285068945261052;2021-08;0.1673
6030285068945261052;2021-08;0.1677
6030285068945261052;2021-09;0.1649
6030285068945261052;2021-09;0.1649
6030285068945261052;2021-09;0.1649
6030285068945261052;2021-09;0.1649
6030285068945261052;2021-09;0.1649
6030285068945261052;2021-10;0.1797
6030285068945261052;2021-10;0.1648
6030285068945261052;2021-11;0.1562
6030285068945261052;2021-11;0.1562
6053752047545474051;2021-07;0.2068
6053752047545474051;2021-07;0.2055
6053752047545474051;2021-07;0.2055
6053752047545474051;2021-07;0.2068
6053752047545474051;2021-07;0.2072
6053752047545474051;2021-07;0.2072
6053752047545474051;2021-07;0.2072
6053752047545474051;2021-07;0.2072
6053752047545474051;2021-07;0.2072
6053752047545474051;2021-07;0.2072
6053752047545474051;2021-07;0.2072
6053752047545474051;2021-07;0.2055
6053752047545474051;2021-07;0.2072
6053752047545474051;2021-07;0.2055
6053752047545474051;2021-07;0.2068
6053752047545474051;2021-08;0.179
6053752047545474051;2021-08;0.179
6053752047545474051;2021-08;0.179
6053752047545474051;2021-08;0.179
6053752047545474051;2021-08;0.179
6053752047545474051;2021-08;0.1794
6053752047545474051;2021-08;0.1848
6053752047545474051;2021-08;0.1844
6053752047545474051;2021-08;0.1844
6053752047545474051;2021-08;0.1844
6053752047545474051;2021-09;0.1848
6053752047545474051;2021-09;0.1848
6053752047545474051;2021-09;0.1848
6053752047545474051;2021-09;0.1844
6053752047545474051;2021-09;0.1848
6053752047545474051;2021-09;0.1844
6053752047545474051;2021-09;0.1844
6053752047545474051;2021-09;0.1848
6053752047545474051;2021-09;0.1805
6053752047545474051;2021-09;0.1805
6053752047545474051;2021-09;0.1801
6053752047545474051;2021-09;0.1805
6053752047545474051;2021-09;0.1801
6053752047545474051;2021-10;0.1786
6053752047545474051;2021-10;0.1782
6053752047545474051;2021-10;0.1786
6053752047545474051;2021-10;0.1786
6053752047545474051;2021-10;0.1782
6053752047545474051;2021-10;0.1782
6053752047545474051;2021-10;0.1786
6053752047545474051;2021-10;0.1782
6053752047545474051;2021-10;0.1786
6053752047545474051;2021-10;0.1786
6053752047545474051;2021-10;0.1782
6053752047545474051;2021-10;0.1752
6053752047545474051;2021-10;0.1752
6053752047545474051;2021-10;0.1749
6053752047545474051;2021-10;0.1749
6053752047545474051;2021-10;0.1749
6053752047545474051;2021-10;0.1752
6053752047545474051;2021-11;0.1752
6053752047545474051;2021-11;0.1752
6053752047545474051;2021-11;0.1749
6053752047545474051;2021-11;0.1749
6053752047545474051;2021-11;0.1752
6053752047545474051;2021-11;0.1749
6053752047545474051;2021-11;0.4492
6053752047545474051;2021-11;0.1749
6053752047545474051;2021-11;0.1803
6053752047545474051;2021-11;0.1806
6055129522348042687;2021-07;0.566
6055278873962623670;2021-08;0.2527
6055278873962623670;2021-08;0.2388
6055278873962623670;2021-09;0.2165
6056959220685085102;2021-08;0.7488
6056959220685085102;2021-09;0.761
6056959220685085102;2021-10;0.8847
6056959220685085102;2021-10;0.7555
6056959220685085102;2021-10;0.7487
6056959220685085102;2021-10;0.748
6056959220685085102;2021-10;0.7391
6061850657256270336;2021-07;0.2549
6061850657256270336;2021-07;0.2317
6061850657256270336;2021-07;0.2222
6061850657256270336;2021-07;0.2192
6061850657256270336;2021-07;0.2228
6061850657256270336;2021-08;0.2216
6061850657256270336;2021-08;0.2181
6061850657256270336;2021-09;0.2212
6061850657256270336;2021-09;0.2212
6061850657256270336;2021-09;0.2212
6061850657256270336;2021-09;0.214
6061850657256270336;2021-09;0.2144
6061850657256270336;2021-10;0.2108
6061850657256270336;2021-10;0.2108
6061850657256270336;2021-10;0.2112
6061850657256270336;2021-10;0.2108
6061850657256270336;2021-10;0.215
6061850657256270336;2021-11;0.2211
6061850657256270336;2021-11;0.2211
6080407793834027692;2021-10;0.1782
6089029916190588614;2021-11;0.6629
6091519986999196884;2021-07;0.1569
6091519986999196884;2021-07;0.1569
6091519986999196884;2021-07;0.158
6091519986999196884;2021-08;0.1599
6091519986999196884;2021-08;0.1599
6091519986999196884;2021-08;0.1599
6091519986999196884;2021-08;0.1599
6091519986999196884;2021-08;0.1603
6091519986999196884;2021-09;0.1569
6091519986999196884;2021-10;0.158
6094038865287329652;2021-11;0.5869
6098833389547425063;2021-07;0.3212
6098833389547425063;2021-08;0.3385
6098833389547425063;2021-08;0.3475
6098833389547425063;2021-08;0.3424
6098833389547425063;2021-08;0.3424
6098833389547425063;2021-09;0.3283
6098833389547425063;2021-09;0.3202
6098833389547425063;2021-10;0.6526
6098833389547425063;2021-10;0.3183
6098833389547425063;2021-10;0.3183
6098833389547425063;2021-11;0.3183
6100972975033180377;2021-08;0.1185
6100972975033180377;2021-08;0.1177
6100972975033180377;2021-09;0.1179
6100972975033180377;2021-10;0.1196
6100972975033180377;2021-11;0.1175
6100972975033180377;2021-11;0.1161
6100972975033180377;2021-11;0.1165
6100972975033180377;2021-11;0.1161
6118873739225005756;2021-07;0.1761
6118873739225005756;2021-08;0.1761
6118873739225005756;2021-10;0.1761
6118873739225005756;2021-10;0.1761
6118873739225005756;2021-11;0.1729
6122719618012473549;2021-07;0.2757
6122719618012473549;2021-10;0.658
6122719618012473549;2021-10;0.3051
6122719618012473549;2021-11;0.2784
6122719618012473549;2021-11;0.2726
6122719618012473549;2021-11;0.2693
6134696632487351445;2021-07;0.2719
6134696632487351445;2021-07;0.2719
6134696632487351445;2021-07;0.2719
6134696632487351445;2021-07;0.2716
6134696632487351445;2021-08;0.244
6134696632487351445;2021-09;0.2453
6134696632487351445;2021-09;0.2457
6134696632487351445;2021-09;0.244
6134696632487351445;2021-09;0.244
6134696632487351445;2021-10;0.2458
6134696632487351445;2021-11;0.2457
6134696632487351445;2021-11;0.2457
6134696632487351445;2021-11;0.2308
6143250120040658989;2021-10;0.7892
6145308913889808258;2021-07;0.8623
6145308913889808258;2021-07;0.7254
6145308913889808258;2021-08;0.7219
6145308913889808258;2021-09;0.7201
6145308913889808258;2021-09;0.715
6164364689409425900;2021-07;0.2017
6164364689409425900;2021-08;0.1391
6164364689409425900;2021-09;0.1391
6164364689409425900;2021-09;0.1391
6164364689409425900;2021-10;0.1391
6164364689409425900;2021-11;0.1391
6186737197674630993;2021-07;0.1793
6186737197674630993;2021-08;0.1796
6186737197674630993;2021-08;0.506
6186737197674630993;2021-08;0.1796
6198047969028248384;2021-07;0.1784
6198047969028248384;2021-08;0.1683
6198047969028248384;2021-08;0.5158
6198047969028248384;2021-09;0.184
6198047969028248384;2021-09;0.1853
6198047969028248384;2021-09;0.1853
6198047969028248384;2021-09;0.1853
6198047969028248384;2021-10;0.1667
6198047969028248384;2021-10;0.1667
6198047969028248384;2021-11;0.1697
6198047969028248384;2021-11;0.1697
6204723742351094322;2021-07;0.4742
6204723742351094322;2021-07;0.1677
6204723742351094322;2021-08;0.1677
6204723742351094322;2021-09;0.1701
6204723742351094322;2021-10;0.1703
6204723742351094322;2021-10;0.1703
6204723742351094322;2021-10;0.1775
6204723742351094322;2021-11;0.4929
6213213514675778388;2021-08;0.2996
6213213514675778388;2021-08;0.3002
6216982347344525048;2021-08;0.6262
6216982347344525048;2021-08;0.6262
6216982347344525048;2021-11;0.6316
6217788509719675691;2021-07;0.31
6217788509719675691;2021-07;0.31
6217788509719675691;2021-07;0.3097
6217788509719675691;2021-07;0.3073
6217788509719675691;2021-07;0.3097
6217788509719675691;2021-07;0.3097
6217788509719675691;2021-08;0.3044
6217788509719675691;2021-08;0.3068
6217788509719675691;2021-08;0.2934
6217788509719675691;2021-09;0.2872
6217788509719675691;2021-09;0.5627
6217788509719675691;2021-09;0.2914
6217788509719675691;2021-09;0.2878
6217788509719675691;2021-09;0.2837
6217788509719675691;2021-09;0.2823
6217788509719675691;2021-09;0.2865
6217788509719675691;2021-10;0.2895
6217788509719675691;2021-10;0.2901
6217788509719675691;2021-10;0.2901
6217788509719675691;2021-11;0.2835
6217788509719675691;2021-11;0.2877
6217788509719675691;2021-11;0.2862
6217788509719675691;2021-11;0.2821
6217788509719675691;2021-11;0.2821
6238903426443761049;2021-07;0.4758
6238903426443761049;2021-07;0.4758
6238903426443761049;2021-07;0.4761
6238903426443761049;2021-07;0.4764
6238903426443761049;2021-07;0.4764
6238903426443761049;2021-08;0.4988
6238903426443761049;2021-08;0.4998
6238903426443761049;2021-08;0.4969
6238903426443761049;2021-08;0.4984
6238903426443761049;2021-08;0.4927
6238903426443761049;2021-08;0.4927
6238903426443761049;2021-08;0.4927
6238903426443761049;2021-08;0.4927
6238903426443761049;2021-08;0.4927
6238903426443761049;2021-09;0.6918
6238903426443761049;2021-09;0.4818
6238903426443761049;2021-09;0.4818
6238903426443761049;2021-09;0.4818
6238903426443761049;2021-09;0.4745
6238903426443761049;2021-09;0.4745
6238903426443761049;2021-09;0.4748
6238903426443761049;2021-09;0.4745
6238903426443761049;2021-10;0.4584
6238903426443761049;2021-10;0.4584
6238903426443761049;2021-10;0.4581
6238903426443761049;2021-10;0.4581
6238903426443761049;2021-10;0.4546
6238903426443761049;2021-10;0.4546
6238903426443761049;2021-10;0.4546
6238903426443761049;2021-10;0.4542
6238903426443761049;2021-10;0.4516
6238903426443761049;2021-11;0.4677
6238903426443761049;2021-11;0.4673
6238903426443761049;2021-11;0.4673
6238903426443761049;2021-11;0.4796
6238903426443761049;2021-11;0.4793
6238903426443761049;2021-11;0.4769
6242636379248496392;2021-07;0.2681
6242636379248496392;2021-07;0.2685
6242636379248496392;2021-07;0.2681
6242636379248496392;2021-07;0.2681
6242636379248496392;2021-08;0.2627
6242636379248496392;2021-08;0.2525
6242636379248496392;2021-08;0.2521
6242636379248496392;2021-08;0.251
6242636379248496392;2021-08;0.251
6242636379248496392;2021-08;0.251
6242636379248496392;2021-09;0.2514
6242636379248496392;2021-09;0.251
6271697692808086495;2021-07;0.178
6271697692808086495;2021-07;0.1776
6271697692808086495;2021-07;0.1776
6271697692808086495;2021-07;0.1776
6271697692808086495;2021-07;0.1776
6271697692808086495;2021-07;0.1776
6271697692808086495;2021-08;0.1688
6271697692808086495;2021-08;0.1688
6271697692808086495;2021-08;0.1688
6271697692808086495;2021-08;0.1688
6271697692808086495;2021-08;0.1688
6271697692808086495;2021-09;0.1669
6271697692808086495;2021-09;0.1669
6271697692808086495;2021-10;0.1742
6271697692808086495;2021-10;0.1742
6271697692808086495;2021-10;0.1742
6271697692808086495;2021-11;0.179
6276792736652545216;2021-07;0.1674
6276792736652545216;2021-07;0.167
6276792736652545216;2021-08;0.1655
6276792736652545216;2021-08;0.1651
6276792736652545216;2021-08;0.1655
6276792736652545216;2021-09;0.1674
6276792736652545216;2021-09;0.167
6276792736652545216;2021-09;0.167
6276792736652545216;2021-09;0.1674
6276792736652545216;2021-09;0.1728
6276792736652545216;2021-10;0.1724
6276792736652545216;2021-10;0.1724
6276792736652545216;2021-10;0.1724
6276792736652545216;2021-10;0.1724
6276792736652545216;2021-10;0.1674
6276792736652545216;2021-11;0.1674
6276792736652545216;2021-11;0.1674
6284433051333854194;2021-07;0.1646
6284433051333854194;2021-08;0.1663
6284433051333854194;2021-08;0.1659
6284433051333854194;2021-09;0.1702
6284433051333854194;2021-09;0.1642
6284433051333854194;2021-09;0.1642
6284433051333854194;2021-09;0.1642
6284433051333854194;2021-10;0.1655
6284433051333854194;2021-10;0.1655
6284433051333854194;2021-11;0.1843
6284433051333854194;2021-11;0.1843
6284433051333854194;2021-11;0.1793
6330043096034525408;2021-07;0.7809
6330043096034525408;2021-07;0.7809
6330043096034525408;2021-07;0.7745
6330043096034525408;2021-07;0.7752
6330043096034525408;2021-08;0.8831
6330043096034525408;2021-08;0.8851
6330043096034525408;2021-08;0.7827
6330043096034525408;2021-08;0.7827
6330043096034525408;2021-08;0.7831
6330043096034525408;2021-08;0.7837
6330043096034525408;2021-09;0.8496
6330043096034525408;2021-09;0.7572
6330043096034525408;2021-09;0.8719
6330043096034525408;2021-09;0.7598
6330043096034525408;2021-09;0.7566
6330043096034525408;2021-09;0.7566
6330043096034525408;2021-10;0.7578
6330043096034525408;2021-10;0.759
6330043096034525408;2021-10;0.7434
6330043096034525408;2021-10;0.868
6330043096034525408;2021-10;0.7401
6330043096034525408;2021-10;0.8577
6330043096034525408;2021-10;0.7439
6330043096034525408;2021-10;0.7439
6330043096034525408;2021-10;0.8519
6330043096034525408;2021-10;0.7408
6330043096034525408;2021-10;0.8565
6330043096034525408;2021-10;0.7225
6330043096034525408;2021-10;0.7218
6330043096034525408;2021-11;0.7521
6330043096034525408;2021-11;0.738
6335613629467537085;2021-11;0.5125
6337915293429442229;2021-07;0.5888
6337915293429442229;2021-08;0.5885
6337915293429442229;2021-08;0.588
6337915293429442229;2021-10;0.5899
6337915293429442229;2021-10;0.5873
6338963608593807081;2021-10;0.1754
6349142675790687765;2021-07;0.7795
6349142675790687765;2021-07;0.7795
6349142675790687765;2021-07;0.7719
6349142675790687765;2021-07;0.775
6349142675790687765;2021-08;0.7388
6349142675790687765;2021-08;0.7266
6349142675790687765;2021-08;0.7376
6349142675790687765;2021-08;0.739
6349142675790687765;2021-08;0.7453
6349142675790687765;2021-08;0.7385
6349142675790687765;2021-08;0.7453
6349142675790687765;2021-08;0.7427
6349142675790687765;2021-08;0.8678
6349142675790687765;2021-08;0.7421
6349142675790687765;2021-08;0.7427
6349142675790687765;2021-09;0.7731
6349142675790687765;2021-09;0.7696
6349142675790687765;2021-10;0.7239
6349142675790687765;2021-11;0.7254
6352592240901579272;2021-07;0.2002
6352592240901579272;2021-07;0.2002
6352592240901579272;2021-09;0.1662
6352592240901579272;2021-09;0.1653
6352592240901579272;2021-11;0.1642
6367769402148499693;2021-07;0.1789
6367769402148499693;2021-07;0.1786
6367769402148499693;2021-07;0.1786
6367769402148499693;2021-07;0.1775
6367769402148499693;2021-07;0.1775
6367769402148499693;2021-08;0.2065
6367769402148499693;2021-08;0.2065
6367769402148499693;2021-09;0.1775
6367769402148499693;2021-09;0.1749
6367769402148499693;2021-09;0.1749
6367769402148499693;2021-10;0.1946
6367769402148499693;2021-10;0.1946
6367769402148499693;2021-10;0.1946
6367769402148499693;2021-10;0.1946
6367769402148499693;2021-11;0.182
6368582840625614207;2021-07;0.1563
6368582840625614207;2021-08;0.1545
6368582840625614207;2021-09;0.1965
6368582840625614207;2021-10;0.1514
6368582840625614207;2021-10;0.1514
6373947691253940364;2021-07;0.4545
6394935036014530592;2021-07;0.182
6394935036014530592;2021-07;0.1834
6394935036014530592;2021-07;0.178
6394935036014530592;2021-07;0.178
6394935036014530592;2021-07;0.178
6394935036014530592;2021-08;0.1762
6394935036014530592;2021-08;0.1762
6394935036014530592;2021-09;0.1711
6394935036014530592;2021-09;0.1711
6394935036014530592;2021-10;0.1724
6394935036014530592;2021-10;0.1724
6394935036014530592;2021-10;0.1682
6394935036014530592;2021-10;0.1682
6394935036014530592;2021-10;0.1682
6394935036014530592;2021-10;0.1682
6394935036014530592;2021-10;0.1682
6394935036014530592;2021-10;0.1682
6394935036014530592;2021-10;0.1682
6394935036014530592;2021-11;0.1669
6394935036014530592;2021-11;0.1669
6394935036014530592;2021-11;0.4465
6394935036014530592;2021-11;0.1669
6394935036014530592;2021-11;0.1669
6394935036014530592;2021-11;0.1754
6394935036014530592;2021-11;0.1754
6448234172949059931;2021-08;0.7085
6448580780254847411;2021-07;0.1826
6448580780254847411;2021-07;0.1775
6448580780254847411;2021-07;0.1826
6448580780254847411;2021-07;0.1775
6448580780254847411;2021-09;0.1846
6448580780254847411;2021-09;0.1846
6448580780254847411;2021-10;0.1775
6448580780254847411;2021-10;0.1823
6448580780254847411;2021-11;0.2041
6448580780254847411;2021-11;0.2274
6456490958004500912;2021-08;0.506
6457349126437565385;2021-10;0.5873
6457349126437565385;2021-10;0.6153
6462952350255736003;2021-07;0.2036
6462952350255736003;2021-07;0.2036
6462952350255736003;2021-08;0.2132
6462952350255736003;2021-08;0.2132
6462952350255736003;2021-08;0.2132
6462952350255736003;2021-09;0.1985
6462952350255736003;2021-09;0.1985
6462952350255736003;2021-10;0.192
6462952350255736003;2021-10;0.1914
6471448246085839373;2021-07;0.1434
6471448246085839373;2021-07;0.1408
6471448246085839373;2021-08;0.1227
6471448246085839373;2021-08;0.1193
6471448246085839373;2021-08;0.1193
6471448246085839373;2021-08;0.1193
6471448246085839373;2021-09;0.1183
6471448246085839373;2021-09;0.1233
6471448246085839373;2021-09;0.1233
6471448246085839373;2021-09;0.1213
6471448246085839373;2021-10;0.1213
6471448246085839373;2021-11;0.1236
6486277549325701534;2021-08;0.1783
6486277549325701534;2021-08;0.1783
6486277549325701534;2021-08;0.1783
6486277549325701534;2021-08;0.1783
6486277549325701534;2021-08;0.1783
6486277549325701534;2021-09;0.1783
6486277549325701534;2021-09;0.1783
6486277549325701534;2021-09;0.1783
6486277549325701534;2021-09;0.1783
6486277549325701534;2021-09;0.1783
6486277549325701534;2021-09;0.1783
6486277549325701534;2021-10;0.1783
6486277549325701534;2021-10;0.1783
6486277549325701534;2021-10;0.1783
6486277549325701534;2021-10;0.1729
6486277549325701534;2021-11;0.173
6486277549325701534;2021-11;0.1784
6486277549325701534;2021-11;0.1784
6518776090651183119;2021-10;0.6359
6521201759558790083;2021-07;0.1727
6521201759558790083;2021-10;0.1711
6521201759558790083;2021-10;0.1707
6521201759558790083;2021-10;0.1718
6528158819463595826;2021-08;0.1601
6528158819463595826;2021-08;0.1601
6528158819463595826;2021-08;0.1587
6528158819463595826;2021-09;0.1588
6528158819463595826;2021-09;0.1588
6528158819463595826;2021-11;0.1571
6528158819463595826;2021-11;0.1574
6528158819463595826;2021-11;0.1571
6532139198609901627;2021-08;0.1918
6532139198609901627;2021-08;0.1903
6532139198609901627;2021-09;0.1806
6532139198609901627;2021-09;0.1842
6532139198609901627;2021-10;0.1824
6532139198609901627;2021-10;0.1789
6532139198609901627;2021-11;0.1803
6532139198609901627;2021-11;0.1827
6535356415509860671;2021-07;0.1812
6545052034269841737;2021-07;0.2289
6545052034269841737;2021-07;0.2373
6545052034269841737;2021-07;0.4984
6545052034269841737;2021-07;0.2347
6545052034269841737;2021-07;0.2347
6545052034269841737;2021-07;0.2373
6545052034269841737;2021-07;0.2275
6545052034269841737;2021-07;0.2332
6545052034269841737;2021-07;0.2332
6545052034269841737;2021-07;0.2332
6545052034269841737;2021-08;0.2332
6545052034269841737;2021-08;0.2332
6545052034269841737;2021-08;0.2332
6545052034269841737;2021-08;0.2275
6545052034269841737;2021-08;0.2332
6545052034269841737;2021-08;0.2347
6545052034269841737;2021-09;0.2347
6545052034269841737;2021-09;0.2347
6545052034269841737;2021-09;0.4939
6545052034269841737;2021-09;0.2332
6545052034269841737;2021-09;0.2332
6545052034269841737;2021-09;0.2332
6545052034269841737;2021-09;0.2224
6545052034269841737;2021-10;0.2332
6545052034269841737;2021-10;0.3339
6545052034269841737;2021-10;0.2332
6545052034269841737;2021-10;0.2332
6545052034269841737;2021-10;0.2332
6545052034269841737;2021-10;0.2332
6545052034269841737;2021-10;0.2332
6545052034269841737;2021-11;0.2347
6546850858912852316;2021-07;0.7146
6546850858912852316;2021-07;0.6985
6546850858912852316;2021-07;0.6971
6546850858912852316;2021-07;0.6902
6546850858912852316;2021-07;0.6792
6546850858912852316;2021-08;0.8303
6546850858912852316;2021-08;0.6811
6546850858912852316;2021-09;0.6604
6546850858912852316;2021-09;0.6596
6546850858912852316;2021-09;0.6524
6546850858912852316;2021-09;0.6508
6546850858912852316;2021-09;0.6508
6546850858912852316;2021-10;0.6684
6546850858912852316;2021-10;0.6684
6547707428090179960;2021-07;0.3626
6547707428090179960;2021-07;0.3658
6547707428090179960;2021-07;0.3652
6547707428090179960;2021-08;0.3805
6547707428090179960;2021-09;0.3664
6547707428090179960;2021-09;0.3664
6547707428090179960;2021-09;0.3664
6547707428090179960;2021-10;0.4544
6547707428090179960;2021-10;0.4544
6547707428090179960;2021-10;0.45
6547707428090179960;2021-11;0.3657
6547707428090179960;2021-11;0.3664
6547707428090179960;2021-11;0.3664
6547872039250784411;2021-07;0.8447
6547872039250784411;2021-08;0.8682
6547872039250784411;2021-08;0.8687
6547872039250784411;2021-10;0.848
6582676833651678345;2021-07;0.1592
6582676833651678345;2021-07;0.1592
6582676833651678345;2021-07;0.1592
6582676833651678345;2021-07;0.1592
6582676833651678345;2021-07;0.1592
6582676833651678345;2021-07;0.1592
6582676833651678345;2021-07;0.1595
6582676833651678345;2021-07;0.1592
6582676833651678345;2021-07;0.1643
6582676833651678345;2021-07;0.1643
6582676833651678345;2021-08;0.161
6582676833651678345;2021-08;0.161
6582676833651678345;2021-08;0.161
6582676833651678345;2021-08;0.161
6582676833651678345;2021-08;0.161
6582676833651678345;2021-08;0.161
6582676833651678345;2021-08;0.1636
6582676833651678345;2021-08;0.1632
6582676833651678345;2021-08;0.1632
6582676833651678345;2021-09;0.1687
6582676833651678345;2021-09;0.1685
6582676833651678345;2021-09;0.1685
6582676833651678345;2021-09;0.1685
6582676833651678345;2021-09;0.1685
6582676833651678345;2021-09;0.1685
6582676833651678345;2021-09;0.1663
6582676833651678345;2021-09;0.1663
6582676833651678345;2021-09;0.1665
6582676833651678345;2021-09;0.1668
6582676833651678345;2021-09;0.1663
6582676833651678345;2021-09;0.1663
6582676833651678345;2021-10;0.161
6582676833651678345;2021-10;0.41
6582676833651678345;2021-10;0.161
6582676833651678345;2021-10;0.161
6582676833651678345;2021-10;0.161
6582676833651678345;2021-10;0.161
6582676833651678345;2021-10;0.1613
6582676833651678345;2021-10;0.161
6582676833651678345;2021-10;0.161
6582676833651678345;2021-10;0.161
6582676833651678345;2021-11;0.161
6582676833651678345;2021-11;0.161
6582676833651678345;2021-11;0.1613
6582676833651678345;2021-11;0.161
6582676833651678345;2021-11;0.161
6582676833651678345;2021-11;0.1629
6582676833651678345;2021-11;0.1604
6582676833651678345;2021-11;0.1604
6582676833651678345;2021-11;0.1604
6594970822995540982;2021-07;0.1708
6594970822995540982;2021-08;0.4896
6594970822995540982;2021-09;0.1764
6598561842700412652;2021-08;0.8852
6598561842700412652;2021-08;0.8723
6598561842700412652;2021-08;0.8876
6598561842700412652;2021-08;0.8849
6598561842700412652;2021-10;0.8686
6615694774618628402;2021-08;0.2756
6615694774618628402;2021-08;0.2565
6615694774618628402;2021-08;0.2472
6615694774618628402;2021-08;0.2437
6615694774618628402;2021-08;0.2297
6615694774618628402;2021-09;0.2121
6615694774618628402;2021-09;0.2058
6615694774618628402;2021-09;0.2058
6615694774618628402;2021-09;0.2058
6615694774618628402;2021-09;0.2058
6615694774618628402;2021-10;0.204
6615694774618628402;2021-11;0.2022
6615694774618628402;2021-11;0.198
6617479989097680138;2021-07;0.5741
6617479989097680138;2021-09;0.7955
6617479989097680138;2021-09;0.5411
6617479989097680138;2021-09;0.5461
6617479989097680138;2021-09;0.5339
6617479989097680138;2021-10;0.7357
6617479989097680138;2021-11;0.4945
6633838062940819075;2021-07;0.1754
6633838062940819075;2021-07;0.1754
6633838062940819075;2021-07;0.1754
6633838062940819075;2021-08;0.1754
6633838062940819075;2021-09;0.1762
6633838062940819075;2021-09;0.1762
6633838062940819075;2021-10;0.1762
6633838062940819075;2021-10;0.1762
6633838062940819075;2021-10;0.1762
6633838062940819075;2021-10;0.1762
6633838062940819075;2021-10;0.1762
6633838062940819075;2021-10;0.1762
6633838062940819075;2021-10;0.1762
6633838062940819075;2021-10;0.1762
6633838062940819075;2021-11;0.1772
6633838062940819075;2021-11;0.1772
6633838062940819075;2021-11;0.1772
6636325081217917184;2021-08;0.4925
6643358471662528195;2021-07;0.1525
6643358471662528195;2021-07;0.1525
6643358471662528195;2021-07;0.1514
6643358471662528195;2021-08;0.5036
6643358471662528195;2021-08;0.1524
6643358471662528195;2021-09;0.1535
6643358471662528195;2021-10;0.1514
6643358471662528195;2021-11;0.1563
6643358471662528195;2021-11;0.1563
6662531979151878793;2021-07;0.1642
6662531979151878793;2021-08;0.1641
6662531979151878793;2021-09;0.1644
6662531979151878793;2021-09;0.1655
6662531979151878793;2021-09;0.1655
6662531979151878793;2021-09;0.1638
6662531979151878793;2021-10;0.1652
6662531979151878793;2021-11;0.1816
6662531979151878793;2021-11;0.1816
6681781879793693802;2021-07;0.1711
6681781879793693802;2021-08;0.1676
6681781879793693802;2021-09;0.179
6681781879793693802;2021-10;0.1697
6681781879793693802;2021-10;0.1697
6681781879793693802;2021-11;0.1676
6681781879793693802;2021-11;0.1676
6704528044328834201;2021-08;0.2004
6715993871935527857;2021-08;0.6843
6715993871935527857;2021-08;0.6794
6715993871935527857;2021-10;0.8072
6721448955097663572;2021-07;0.2705
6721448955097663572;2021-07;0.2702
6721448955097663572;2021-07;0.2705
6721448955097663572;2021-07;0.2637
6721448955097663572;2021-07;0.2634
6721448955097663572;2021-07;0.2617
6721448955097663572;2021-07;0.2617
6721448955097663572;2021-07;0.2581
6721448955097663572;2021-08;0.2533
6721448955097663572;2021-08;0.253
6721448955097663572;2021-08;0.253
6721448955097663572;2021-08;0.253
6721448955097663572;2021-08;0.253
6721448955097663572;2021-08;0.264
6721448955097663572;2021-09;0.2799
6721448955097663572;2021-09;0.2799
6721448955097663572;2021-10;0.2599
6721448955097663572;2021-10;0.2599
6721448955097663572;2021-10;0.2599
6721448955097663572;2021-10;0.2599
6721448955097663572;2021-10;0.2599
6721448955097663572;2021-11;0.2599
6721448955097663572;2021-11;0.2599
6722781660631652440;2021-08;0.2525
6722781660631652440;2021-09;0.258
6722781660631652440;2021-11;0.2359
6724017568171288443;2021-07;0.2296
6724017568171288443;2021-07;0.2296
6724017568171288443;2021-08;0.2407
6724017568171288443;2021-09;0.229
6724017568171288443;2021-09;0.2294
6724017568171288443;2021-10;0.228
6731795019313479942;2021-08;0.1332
6731795019313479942;2021-08;0.1343
6731795019313479942;2021-10;0.1343
6754039979151386401;2021-07;0.4649
6754039979151386401;2021-08;0.4416
6754039979151386401;2021-08;0.4395
6754039979151386401;2021-08;0.4398
6754039979151386401;2021-08;0.4362
6754039979151386401;2021-09;0.4398
6754039979151386401;2021-09;0.4395
6754039979151386401;2021-10;0.4411
6754039979151386401;2021-10;0.4378
6759864637454708017;2021-07;0.3982
6759864637454708017;2021-07;0.3982
6759864637454708017;2021-07;0.3982
6759864637454708017;2021-07;0.3982
6759864637454708017;2021-07;0.3982
6759864637454708017;2021-07;0.3982
6759864637454708017;2021-07;0.3982
6759864637454708017;2021-07;0.3982
6759864637454708017;2021-08;0.4343
6759864637454708017;2021-08;0.6095
6759864637454708017;2021-08;0.4343
6759864637454708017;2021-08;0.4343
6759864637454708017;2021-08;0.4343
6759864637454708017;2021-08;0.4343
6759864637454708017;2021-08;0.4343
6759864637454708017;2021-08;0.4343
6759864637454708017;2021-09;0.4403
6759864637454708017;2021-09;0.4403
6759864637454708017;2021-09;0.4349
6759864637454708017;2021-09;0.4349
6759864637454708017;2021-09;0.4349
6759864637454708017;2021-09;0.4349
6759864637454708017;2021-09;0.4349
6759864637454708017;2021-10;0.3945
6759864637454708017;2021-10;0.4047
6759864637454708017;2021-10;0.4047
6759864637454708017;2021-10;0.4047
6759864637454708017;2021-10;0.4044
6759864637454708017;2021-10;0.4044
6759864637454708017;2021-10;0.4047
6759864637454708017;2021-10;0.4044
6759864637454708017;2021-10;0.4044
6759864637454708017;2021-10;0.4044
6759864637454708017;2021-11;0.4044
6759864637454708017;2021-11;0.4044
6784879562354696650;2021-07;0.5944
6784879562354696650;2021-07;0.5905
6784879562354696650;2021-08;0.5968
6784879562354696650;2021-09;0.5962
6784879562354696650;2021-09;0.5921
6784879562354696650;2021-09;0.5894
6784879562354696650;2021-10;0.5932
6784879562354696650;2021-10;0.5833
6784879562354696650;2021-10;0.5971
6784879562354696650;2021-10;0.5931
6784879562354696650;2021-11;0.5931
6784879562354696650;2021-11;0.5843
6784879562354696650;2021-11;0.573
6795467882769787169;2021-07;0.1849
6795467882769787169;2021-07;0.1838
6795467882769787169;2021-07;0.1838
6795467882769787169;2021-08;0.4526
6795467882769787169;2021-08;0.1899
6795467882769787169;2021-08;0.1899
6795467882769787169;2021-09;0.4458
6795467882769787169;2021-09;0.188
6795467882769787169;2021-09;0.188
6795467882769787169;2021-09;0.188
6795467882769787169;2021-10;0.188
6795467882769787169;2021-10;0.1889
6795467882769787169;2021-10;0.19
6795467882769787169;2021-10;0.19
6795467882769787169;2021-10;0.19
6795467882769787169;2021-10;0.19
6795467882769787169;2021-11;0.1846
6795467882769787169;2021-11;0.5006
6795467882769787169;2021-11;0.1846
6795467882769787169;2021-11;0.1849
6796564304742670823;2021-07;0.8065
6810366761249506182;2021-07;0.183
6810366761249506182;2021-10;0.1776
6817075905797098547;2021-07;0.3466
6817075905797098547;2021-07;0.3155
6817075905797098547;2021-08;0.3469
6817075905797098547;2021-08;0.3469
6817075905797098547;2021-08;0.3469
6817075905797098547;2021-08;0.3469
6817075905797098547;2021-08;0.3469
6817075905797098547;2021-08;0.3552
6817075905797098547;2021-08;0.3552
6817075905797098547;2021-09;0.3627
6817075905797098547;2021-10;0.3206
6817075905797098547;2021-10;0.3655
6817075905797098547;2021-10;0.3655
6817075905797098547;2021-10;0.3658
6817075905797098547;2021-10;0.3658
6817075905797098547;2021-10;0.3658
6817075905797098547;2021-11;0.4347
6824842959463625344;2021-07;0.7426
6826420906256954294;2021-10;0.2244
6828316696355015040;2021-07;0.1812
6828316696355015040;2021-07;0.172
6828316696355015040;2021-08;0.1707
6828316696355015040;2021-08;0.1785
6828316696355015040;2021-08;0.1785
6828316696355015040;2021-08;0.1782
6828316696355015040;2021-09;0.1786
6828316696355015040;2021-09;0.18
6828316696355015040;2021-09;0.1747
6828316696355015040;2021-10;0.1703
6842075380768862290;2021-08;0.1802
6842075380768862290;2021-08;0.1844
6842075380768862290;2021-08;0.1844
6842075380768862290;2021-09;0.197
6842075380768862290;2021-10;0.1748
6842075380768862290;2021-10;0.1748
6842075380768862290;2021-11;0.196
6842075380768862290;2021-11;0.196
6842075380768862290;2021-11;0.2013
6842075380768862290;2021-11;0.1984
6858769421191999702;2021-07;0.4036
6858769421191999702;2021-08;0.4507
6858769421191999702;2021-08;0.4044
6858769421191999702;2021-08;0.4058
6858769421191999702;2021-08;0.4058
6858769421191999702;2021-09;0.4121
6858769421191999702;2021-09;0.4121
6858769421191999702;2021-09;0.4047
6858769421191999702;2021-09;0.4101
6858769421191999702;2021-09;0.4101
6858769421191999702;2021-09;0.4101
6858769421191999702;2021-09;0.4101
6858769421191999702;2021-10;0.4058
6858769421191999702;2021-11;0.4105
6858769421191999702;2021-11;0.409
6858769421191999702;2021-11;0.409
6865071386683133124;2021-07;0.1593
6865071386683133124;2021-08;0.158
6865071386683133124;2021-08;0.158
6865071386683133124;2021-08;0.158
6865071386683133124;2021-09;0.1567
6865071386683133124;2021-09;0.1567
6871485876456523363;2021-09;0.1802
6885171468891031140;2021-07;0.1645
6885171468891031140;2021-08;0.1633
6885171468891031140;2021-08;0.1633
6885171468891031140;2021-08;0.1569
6885171468891031140;2021-08;0.1569
6885171468891031140;2021-09;0.172
6885171468891031140;2021-09;0.172
6885171468891031140;2021-10;0.1634
6893616200284527465;2021-11;0.2155
6909701795322574613;2021-07;0.2156
6909701795322574613;2021-08;0.2353
6909701795322574613;2021-11;0.1963
6914631631926429447;2021-08;0.1771
6915663759082844184;2021-10;0.3215
6916556752218696485;2021-07;0.489
6916556752218696485;2021-07;0.5
6916556752218696485;2021-07;0.4952
6916556752218696485;2021-07;0.4952
6916556752218696485;2021-07;0.489
6916556752218696485;2021-07;0.4952
6916556752218696485;2021-07;0.4959
6916556752218696485;2021-07;0.4952
6916556752218696485;2021-07;0.489
6916556752218696485;2021-07;0.499
6916556752218696485;2021-07;0.4952
6916556752218696485;2021-07;0.499
6916556752218696485;2021-07;0.4978
6916556752218696485;2021-07;0.5074
6916556752218696485;2021-07;0.5074
6916556752218696485;2021-07;0.5078
6916556752218696485;2021-07;0.4978
6916556752218696485;2021-07;0.5078
6916556752218696485;2021-07;0.4978
6916556752218696485;2021-07;0.5081
6916556752218696485;2021-07;0.5081
6916556752218696485;2021-07;0.5122
6916556752218696485;2021-07;0.5074
6916556752218696485;2021-07;0.4978
6916556752218696485;2021-08;0.4989
6916556752218696485;2021-08;0.5089
6916556752218696485;2021-08;0.5085
6916556752218696485;2021-08;0.4989
6916556752218696485;2021-08;0.5089
6916556752218696485;2021-08;0.4989
6916556752218696485;2021-08;0.5089
6916556752218696485;2021-08;0.5085
6916556752218696485;2021-08;0.5085
6916556752218696485;2021-08;0.5097
6916556752218696485;2021-08;0.5034
6916556752218696485;2021-08;0.5034
6916556752218696485;2021-08;0.5034
6916556752218696485;2021-08;0.5097
6916556752218696485;2021-08;0.5097
6916556752218696485;2021-09;0.515
6916556752218696485;2021-09;0.525
6916556752218696485;2021-09;0.5246
6916556752218696485;2021-09;0.525
6916556752218696485;2021-09;0.5212
6916556752218696485;2021-09;0.5219
6916556752218696485;2021-09;0.515
6916556752218696485;2021-09;0.515
6916556752218696485;2021-09;0.515
6916556752218696485;2021-09;0.5212
6916556752218696485;2021-09;0.515
6916556752218696485;2021-09;0.5212
6916556752218696485;2021-09;0.515
6916556752218696485;2021-09;0.5212
6916556752218696485;2021-09;0.5212
6916556752218696485;2021-09;0.515
6916556752218696485;2021-09;0.5212
6916556752218696485;2021-09;0.515
6916556752218696485;2021-09;0.5346
6916556752218696485;2021-10;0.5214
6916556752218696485;2021-10;0.5117
6916556752218696485;2021-10;0.5186
6916556752218696485;2021-10;0.518
6916556752218696485;2021-10;0.518
6916556752218696485;2021-10;0.518
6916556752218696485;2021-10;0.5183
6916556752218696485;2021-10;0.508
6916556752218696485;2021-10;0.508
6916556752218696485;2021-10;0.508
6916556752218696485;2021-10;0.5224
6916556752218696485;2021-10;0.5176
6916556752218696485;2021-10;0.5183
6916556752218696485;2021-10;0.508
6916556752218696485;2021-10;0.5183
6916556752218696485;2021-10;0.5183
6916556752218696485;2021-11;0.685
6916556752218696485;2021-11;0.5099
6916556752218696485;2021-11;0.5201
6916556752218696485;2021-11;0.5201
6916556752218696485;2021-11;0.5195
6916556752218696485;2021-11;0.5243
6916556752218696485;2021-11;0.5201
6916556752218696485;2021-11;0.5195
6916556752218696485;2021-11;0.5195
6916556752218696485;2021-11;0.5201
6916556752218696485;2021-11;0.5195
6916556752218696485;2021-11;0.5099
6926309382371178621;2021-07;0.1845
6926309382371178621;2021-08;0.1811
6926309382371178621;2021-09;0.1785
6926309382371178621;2021-11;0.1797
6927178425683104769;2021-07;0.3316
6927178425683104769;2021-07;0.3274
6927178425683104769;2021-07;0.3316
6927178425683104769;2021-07;0.3274
6927178425683104769;2021-08;0.2746
6927178425683104769;2021-08;0.2794
6927178425683104769;2021-09;0.3311
6927178425683104769;2021-09;0.3269
6927178425683104769;2021-09;0.3234
6927178425683104769;2021-09;0.3194
6927178425683104769;2021-09;0.3164
6927178425683104769;2021-09;0.3206
6927178425683104769;2021-10;0.3185
6927178425683104769;2021-10;0.3185
6927178425683104769;2021-10;0.3192
6927178425683104769;2021-10;0.3191
6927178425683104769;2021-10;0.3232
6927178425683104769;2021-10;0.3191
6927178425683104769;2021-10;0.3232
6927178425683104769;2021-11;0.2689
6927178425683104769;2021-11;0.2695
6927178425683104769;2021-11;0.2734
6941381638534728190;2021-07;0.1982
6941381638534728190;2021-07;0.1979
6941381638534728190;2021-07;0.1979
6941381638534728190;2021-08;0.2208
6941381638534728190;2021-08;0.2215
6941381638534728190;2021-08;0.22
6941381638534728190;2021-09;0.2042
6941381638534728190;2021-09;0.2038
6941381638534728190;2021-09;0.2038
6941381638534728190;2021-10;0.1969
6941381638534728190;2021-10;0.1969
6941381638534728190;2021-11;0.4643
6941381638534728190;2021-11;0.198
6941381638534728190;2021-11;0.198
6941381638534728190;2021-11;0.198
6950439982480713649;2021-07;0.7234
6950439982480713649;2021-07;0.7234
6950439982480713649;2021-07;0.7243
6950439982480713649;2021-08;0.7879
6950439982480713649;2021-08;0.7885
6950439982480713649;2021-09;0.7613
6950439982480713649;2021-09;0.7613
6950439982480713649;2021-09;0.758
6950439982480713649;2021-11;0.7133
6964108750473070287;2021-07;0.5755
6964108750473070287;2021-07;0.5887
6964108750473070287;2021-07;0.5755
6964108750473070287;2021-07;0.5755
6964108750473070287;2021-07;0.5755
6964108750473070287;2021-07;0.5755
6964108750473070287;2021-07;0.5755
6964108750473070287;2021-07;0.5755
6964108750473070287;2021-07;0.5755
6964108750473070287;2021-07;0.5755
6964108750473070287;2021-07;0.5755
6964108750473070287;2021-07;0.5769
6964108750473070287;2021-07;0.5887
6964108750473070287;2021-07;0.5755
6964108750473070287;2021-07;0.5755
6964108750473070287;2021-07;0.5887
6964108750473070287;2021-07;0.5887
6964108750473070287;2021-07;0.5755
6964108750473070287;2021-07;0.5887
6964108750473070287;2021-07;0.5755
6964108750473070287;2021-07;0.5887
6964108750473070287;2021-07;0.5755
6964108750473070287;2021-07;0.5887
6964108750473070287;2021-07;0.5887
6964108750473070287;2021-07;0.5769
6964108750473070287;2021-07;0.5887
6964108750473070287;2021-07;0.5887
6964108750473070287;2021-07;0.5755
6964108750473070287;2021-07;0.5887
6964108750473070287;2021-07;0.5755
6964108750473070287;2021-08;0.5724
6964108750473070287;2021-08;0.5724
6964108750473070287;2021-08;0.5724
6964108750473070287;2021-08;0.5724
6964108750473070287;2021-08;0.5879
6964108750473070287;2021-08;0.5879
6964108750473070287;2021-08;0.5724
6964108750473070287;2021-08;0.5879
6964108750473070287;2021-08;0.5724
6964108750473070287;2021-08;0.5724
6964108750473070287;2021-08;0.5879
6964108750473070287;2021-08;0.5724
6964108750473070287;2021-08;0.5737
6964108750473070287;2021-08;0.5724
6964108750473070287;2021-08;0.5879
6964108750473070287;2021-08;0.5724
6964108750473070287;2021-08;0.5724
6964108750473070287;2021-08;0.5879
6964108750473070287;2021-08;0.5724
6964108750473070287;2021-08;0.5724
6964108750473070287;2021-08;0.5879
6964108750473070287;2021-08;0.5663
6964108750473070287;2021-08;0.5663
6964108750473070287;2021-08;0.5657
6964108750473070287;2021-08;0.5676
6964108750473070287;2021-08;0.5663
6964108750473070287;2021-08;0.5818
6964108750473070287;2021-08;0.5818
6964108750473070287;2021-08;0.5663
6964108750473070287;2021-08;0.5663
6964108750473070287;2021-08;0.5663
6964108750473070287;2021-08;0.5504
6964108750473070287;2021-08;0.5504
6964108750473070287;2021-08;0.5504
6964108750473070287;2021-08;0.5504
6964108750473070287;2021-08;0.5517
6964108750473070287;2021-08;0.5504
6964108750473070287;2021-08;0.5504
6964108750473070287;2021-08;0.5517
6964108750473070287;2021-08;0.5659
6964108750473070287;2021-08;0.5499
6964108750473070287;2021-08;0.5726
6964108750473070287;2021-08;0.5499
6964108750473070287;2021-08;0.5499
6964108750473070287;2021-08;0.5499
6964108750473070287;2021-09;0.569
6964108750473070287;2021-09;0.5549
6964108750473070287;2021-09;0.5535
6964108750473070287;2021-09;0.5535
6964108750473070287;2021-09;0.5535
6964108750473070287;2021-09;0.5762
6964108750473070287;2021-09;0.5535
6964108750473070287;2021-09;0.5535
6964108750473070287;2021-09;0.5535
6964108750473070287;2021-09;0.5535
6964108750473070287;2021-09;0.569
6964108750473070287;2021-09;0.5535
6964108750473070287;2021-09;0.5549
6964108750473070287;2021-09;0.569
6964108750473070287;2021-09;0.5535
6964108750473070287;2021-09;0.569
6964108750473070287;2021-09;0.5762
6964108750473070287;2021-09;0.5535
6964108750473070287;2021-09;0.5535
6964108750473070287;2021-09;0.5535
6964108750473070287;2021-09;0.569
6964108750473070287;2021-09;0.5762
6964108750473070287;2021-09;0.5695
6964108750473070287;2021-09;0.5708
6964108750473070287;2021-09;0.5921
6964108750473070287;2021-09;0.5695
6964108750473070287;2021-09;0.5695
6964108750473070287;2021-09;0.5762
6964108750473070287;2021-09;0.5695
6964108750473070287;2021-09;0.5695
6964108750473070287;2021-09;0.5695
6964108750473070287;2021-09;0.5695
6964108750473070287;2021-09;0.5695
6964108750473070287;2021-09;0.5695
6964108750473070287;2021-09;0.5921
6964108750473070287;2021-09;0.5921
6964108750473070287;2021-09;0.5695
6964108750473070287;2021-09;0.5921
6964108750473070287;2021-09;0.5695
6964108750473070287;2021-09;0.5921
6964108750473070287;2021-09;0.5921
6964108750473070287;2021-10;0.5691
6964108750473070287;2021-10;0.5691
6964108750473070287;2021-10;0.5691
6964108750473070287;2021-10;0.5691
6964108750473070287;2021-10;0.5691
6964108750473070287;2021-10;0.5691
6964108750473070287;2021-10;0.5917
6964108750473070287;2021-10;0.5917
6964108750473070287;2021-10;0.5691
6964108750473070287;2021-10;0.5691
6964108750473070287;2021-10;0.5691
6964108750473070287;2021-10;0.5691
6964108750473070287;2021-10;0.5867
6964108750473070287;2021-10;0.564
6964108750473070287;2021-10;0.564
6964108750473070287;2021-10;0.564
6964108750473070287;2021-10;0.564
6964108750473070287;2021-10;0.564
6964108750473070287;2021-10;0.5653
6964108750473070287;2021-10;0.564
6964108750473070287;2021-10;0.564
6964108750473070287;2021-10;0.564
6964108750473070287;2021-10;0.5653
6964108750473070287;2021-10;0.5867
6964108750473070287;2021-10;0.5867
6964108750473070287;2021-10;0.5867
6964108750473070287;2021-10;0.5867
6964108750473070287;2021-10;0.5596
6964108750473070287;2021-10;0.5583
6964108750473070287;2021-10;0.5583
6964108750473070287;2021-10;0.5596
6964108750473070287;2021-10;0.5583
6964108750473070287;2021-10;0.5583
6964108750473070287;2021-10;0.5583
6964108750473070287;2021-10;0.5583
6964108750473070287;2021-10;0.5583
6964108750473070287;2021-10;0.5596
6964108750473070287;2021-10;0.5809
6964108750473070287;2021-10;0.5809
6964108750473070287;2021-11;0.5564
6964108750473070287;2021-11;0.5551
6964108750473070287;2021-11;0.5564
6964108750473070287;2021-11;0.5551
6964108750473070287;2021-11;0.5564
6964108750473070287;2021-11;0.5777
6964108750473070287;2021-11;0.5777
6964108750473070287;2021-11;0.5551
6964108750473070287;2021-11;0.5777
6964108750473070287;2021-11;0.5564
6964108750473070287;2021-11;0.5551
6964108750473070287;2021-11;0.5564
6964108750473070287;2021-11;0.5551
6964108750473070287;2021-11;0.5564
6964108750473070287;2021-11;0.5564
6964108750473070287;2021-11;0.5564
6964108750473070287;2021-11;0.5551
6964108750473070287;2021-11;0.5564
6964108750473070287;2021-11;0.5551
6968106554514688300;2021-08;0.2633
6968106554514688300;2021-09;0.5737
6968106554514688300;2021-10;0.5844
6968106554514688300;2021-10;0.2656
6968106554514688300;2021-10;0.2656
6968106554514688300;2021-11;0.3096
6968106554514688300;2021-11;0.3072
6969348581033924947;2021-07;0.2071
6969348581033924947;2021-07;0.2067
6969348581033924947;2021-07;0.2067
6969348581033924947;2021-07;0.5007
6969348581033924947;2021-07;0.2067
6969348581033924947;2021-07;0.2067
6969348581033924947;2021-07;0.2112
6969348581033924947;2021-07;0.2112
6969348581033924947;2021-07;0.2112
6969348581033924947;2021-07;0.2116
6969348581033924947;2021-07;0.2112
6969348581033924947;2021-08;0.5032
6969348581033924947;2021-08;0.2242
6969348581033924947;2021-08;0.2235
6969348581033924947;2021-08;0.2276
6969348581033924947;2021-08;0.219
6969348581033924947;2021-08;0.219
6969348581033924947;2021-08;0.2194
6969348581033924947;2021-08;0.219
6969348581033924947;2021-08;0.2194
6969348581033924947;2021-08;0.2188
6969348581033924947;2021-08;0.2188
6969348581033924947;2021-09;0.2113
6969348581033924947;2021-09;0.2117
6969348581033924947;2021-09;0.2113
6969348581033924947;2021-09;0.2113
6969348581033924947;2021-09;0.2113
6969348581033924947;2021-09;0.208
6969348581033924947;2021-09;0.2076
6969348581033924947;2021-09;0.2076
6969348581033924947;2021-09;0.2076
6969348581033924947;2021-09;0.2076
6969348581033924947;2021-09;0.2076
6969348581033924947;2021-09;0.2076
6969348581033924947;2021-10;0.205
6969348581033924947;2021-10;0.2046
6969348581033924947;2021-10;0.2046
6969348581033924947;2021-10;0.2084
6969348581033924947;2021-10;0.2088
6969348581033924947;2021-10;0.2084
6969348581033924947;2021-10;0.2084
6969348581033924947;2021-10;0.2129
6969348581033924947;2021-10;0.2129
6969348581033924947;2021-10;0.2129
6969348581033924947;2021-10;0.2129
6969348581033924947;2021-10;0.2132
6969348581033924947;2021-11;0.227
6969348581033924947;2021-11;0.2273
6969348581033924947;2021-11;0.227
6969348581033924947;2021-11;0.2276
6969348581033924947;2021-11;0.2273
6969348581033924947;2021-11;0.2228
6969348581033924947;2021-11;0.2225
6969348581033924947;2021-11;0.2228
6978269497652315763;2021-08;0.2451
6985631100944640910;2021-08;0.6249
6985631100944640910;2021-10;0.6249
6985631100944640910;2021-10;0.6252
6985631100944640910;2021-10;0.6125
6987942592445950913;2021-07;0.2248
6987942592445950913;2021-07;0.2248
6987942592445950913;2021-07;0.2248
6987942592445950913;2021-07;0.2248
6987942592445950913;2021-08;0.2294
6987942592445950913;2021-08;0.2237
6987942592445950913;2021-08;0.2237
6987942592445950913;2021-09;0.2236
6987942592445950913;2021-09;0.2236
6987942592445950913;2021-09;0.2247
6987942592445950913;2021-09;0.2286
6987942592445950913;2021-09;0.2286
6987942592445950913;2021-10;0.2286
6987942592445950913;2021-10;0.4864
6987942592445950913;2021-10;0.2383
6987942592445950913;2021-10;0.2383
6987942592445950913;2021-10;0.2372
6987942592445950913;2021-11;0.2372
6987942592445950913;2021-11;0.4919
6987942592445950913;2021-11;0.2372
6987942592445950913;2021-11;0.2372
6987942592445950913;2021-11;0.2383
6999154286942764669;2021-09;0.8811
6999154286942764669;2021-09;0.8803
7031913170099381454;2021-07;0.8182
7031913170099381454;2021-08;0.8182
7031913170099381454;2021-08;0.8182
7031913170099381454;2021-09;0.8182
7031913170099381454;2021-09;0.8182
7031913170099381454;2021-10;0.8196
7031913170099381454;2021-10;0.8196
7031913170099381454;2021-11;0.8105
7038761645302069945;2021-07;0.1298
7038761645302069945;2021-08;0.1263
7038761645302069945;2021-11;0.125
7041489327620930099;2021-07;0.2569
7041489327620930099;2021-07;0.2565
7041489327620930099;2021-07;0.2567
7041489327620930099;2021-08;0.2578
7041489327620930099;2021-08;0.2582
7041489327620930099;2021-09;0.2582
7041489327620930099;2021-10;0.2535
7041489327620930099;2021-11;0.2516
7060969657673447359;2021-09;0.2339
7061868716439556791;2021-08;0.8908
7067471043900250355;2021-07;0.4842
7067471043900250355;2021-07;0.4803
7067471043900250355;2021-07;0.4803
7067471043900250355;2021-08;0.5233
7067471043900250355;2021-08;0.5233
7067471043900250355;2021-08;0.5217
7067471043900250355;2021-08;0.7718
7067471043900250355;2021-08;0.7578
7067471043900250355;2021-08;0.4982
7067471043900250355;2021-08;0.4982
7076661330300123587;2021-08;0.1463
7076661330300123587;2021-09;0.146
7085295800541340563;2021-07;0.3088
7085295800541340563;2021-07;0.3142
7085295800541340563;2021-07;0.312
7085295800541340563;2021-07;0.3142
7085295800541340563;2021-07;0.3088
7085295800541340563;2021-08;0.5768
7085295800541340563;2021-08;0.3268
7085295800541340563;2021-08;0.3268
7085295800541340563;2021-08;0.3289
7085295800541340563;2021-08;0.318
7085295800541340563;2021-08;0.3114
7085295800541340563;2021-09;0.5545
7085295800541340563;2021-09;0.3102
7085295800541340563;2021-10;0.2994
7085295800541340563;2021-10;0.3048
7085295800541340563;2021-10;0.3413
7085295800541340563;2021-10;0.2987
7085295800541340563;2021-10;0.2972
7085295800541340563;2021-10;0.3171
7085295800541340563;2021-10;0.2972
7085295800541340563;2021-11;0.3625
7085295800541340563;2021-11;0.356
7085295800541340563;2021-11;0.356
7085295800541340563;2021-11;0.356
7085295800541340563;2021-11;0.3704
7105441534376526569;2021-08;0.1873
7120090169052575663;2021-07;0.2159
7120090169052575663;2021-07;0.2159
7120090169052575663;2021-07;0.2159
7120090169052575663;2021-07;0.2159
7120090169052575663;2021-08;0.2193
7120090169052575663;2021-08;0.2193
7120090169052575663;2021-09;0.2189
7120090169052575663;2021-09;0.2189
7120090169052575663;2021-09;0.2189
7120090169052575663;2021-09;0.212
7120090169052575663;2021-09;0.212
7120090169052575663;2021-10;0.212
7120090169052575663;2021-10;0.212
7120090169052575663;2021-10;0.2116
7120090169052575663;2021-11;0.2156
7120090169052575663;2021-11;0.2159
7138126049219817285;2021-08;0.1992
7141263195360679278;2021-07;0.5303
7141263195360679278;2021-07;0.5271
7141263195360679278;2021-07;0.5282
7141263195360679278;2021-08;0.7301
7141263195360679278;2021-08;0.5068
7141263195360679278;2021-08;0.5129
7141263195360679278;2021-08;0.5123
7141263195360679278;2021-08;0.5123
7141263195360679278;2021-09;0.5276
7141263195360679278;2021-09;0.5276
7141263195360679278;2021-09;0.5186
7141263195360679278;2021-09;0.5186
7141263195360679278;2021-10;0.5085
7141263195360679278;2021-10;0.5146
7141263195360679278;2021-10;0.5085
7141263195360679278;2021-10;0.5023
7141263195360679278;2021-10;0.5085
7141263195360679278;2021-10;0.5083
7141263195360679278;2021-10;0.5083
7141263195360679278;2021-10;0.5006
7141263195360679278;2021-11;0.5127
7141263195360679278;2021-11;0.5127
7141263195360679278;2021-11;0.5127
7141263195360679278;2021-11;0.5127
7142043104834932013;2021-07;0.7588
7142043104834932013;2021-08;0.789
7142043104834932013;2021-08;0.789
7142043104834932013;2021-08;0.789
7142043104834932013;2021-09;0.745
7142043104834932013;2021-09;0.745
7142043104834932013;2021-09;0.745
7142043104834932013;2021-10;0.7364
7142043104834932013;2021-10;0.7436
7171835894416689226;2021-07;0.3127
7171835894416689226;2021-09;0.3006
7176848230239877915;2021-07;0.1115
7176848230239877915;2021-07;0.1115
7176848230239877915;2021-07;0.4814
7176848230239877915;2021-07;0.1163
7176848230239877915;2021-08;0.1244
7176848230239877915;2021-08;0.1244
7176848230239877915;2021-08;0.1165
7176848230239877915;2021-10;0.1113
7176848230239877915;2021-10;0.1113
7176848230239877915;2021-10;0.1113
7176848230239877915;2021-11;0.1165
7176848230239877915;2021-11;0.4984
7176848230239877915;2021-11;0.1169
7177785309735471560;2021-07;0.1583
7177785309735471560;2021-07;0.1583
7177785309735471560;2021-07;0.1586
7177785309735471560;2021-07;0.1583
7177785309735471560;2021-07;0.1583
7177785309735471560;2021-08;0.1544
7177785309735471560;2021-08;0.1605
7177785309735471560;2021-08;0.1608
7177785309735471560;2021-08;0.1605
7177785309735471560;2021-09;0.1605
7177785309735471560;2021-09;0.4481
7177785309735471560;2021-09;0.1662
7177785309735471560;2021-09;0.1662
7177785309735471560;2021-09;0.1662
7177785309735471560;2021-09;0.1639
7177785309735471560;2021-09;0.1639
7177785309735471560;2021-09;0.1639
7177785309735471560;2021-09;0.1639
7177785309735471560;2021-10;0.1568
7177785309735471560;2021-10;0.1568
7177785309735471560;2021-10;0.1566
7177785309735471560;2021-10;0.1566
7177785309735471560;2021-10;0.1566
7177785309735471560;2021-10;0.1574
7177785309735471560;2021-10;0.1574
7177785309735471560;2021-10;0.1574
7177785309735471560;2021-10;0.1574
7177785309735471560;2021-11;0.1705
7177785309735471560;2021-11;0.1705
7177785309735471560;2021-11;0.1705
7182085930008391174;2021-07;0.2662
7182085930008391174;2021-07;0.2648
7182085930008391174;2021-07;0.2648
7182085930008391174;2021-08;0.2665
7182085930008391174;2021-08;0.2652
7182085930008391174;2021-09;0.2667
7182085930008391174;2021-09;0.2653
7182085930008391174;2021-09;0.2667
7182085930008391174;2021-09;0.2662
7182085930008391174;2021-10;0.2639
7182085930008391174;2021-10;0.2626
7182085930008391174;2021-11;0.2652
7200509200540839533;2021-07;0.2059
7200509200540839533;2021-07;0.2039
7200509200540839533;2021-09;0.188
7200509200540839533;2021-09;0.1841
7200509200540839533;2021-10;0.1839
7200509200540839533;2021-10;0.1842
7200509200540839533;2021-10;0.1842
7206599058451025691;2021-08;0.2782
7206599058451025691;2021-08;0.2734
7206599058451025691;2021-10;0.2125
7206599058451025691;2021-10;0.1937
7215053254854713098;2021-09;0.1594
7215053254854713098;2021-11;0.1611
7215053254854713098;2021-11;0.1623
7215093571368368138;2021-07;0.5477
7215093571368368138;2021-07;0.5477
7215093571368368138;2021-07;0.5484
7215093571368368138;2021-07;0.5445
7215093571368368138;2021-07;0.5438
7215093571368368138;2021-07;0.5445
7215093571368368138;2021-07;0.5453
7215093571368368138;2021-07;0.5453
7215093571368368138;2021-07;0.5453
7215093571368368138;2021-07;0.5453
7215093571368368138;2021-08;0.5363
7215093571368368138;2021-08;0.5363
7215093571368368138;2021-08;0.5356
7215093571368368138;2021-08;0.5356
7215093571368368138;2021-08;0.5363
7215093571368368138;2021-08;0.5356
7215093571368368138;2021-08;0.5356
7215093571368368138;2021-09;0.5323
7215093571368368138;2021-09;0.5323
7215093571368368138;2021-09;0.5289
7215093571368368138;2021-09;0.519
7215093571368368138;2021-09;0.5108
7215093571368368138;2021-09;0.5114
7215093571368368138;2021-10;0.5086
7215093571368368138;2021-10;0.5093
7215093571368368138;2021-10;0.5086
7215093571368368138;2021-10;0.5086
7215093571368368138;2021-10;0.511
7215093571368368138;2021-10;0.511
7215093571368368138;2021-11;0.5366
7215093571368368138;2021-11;0.5366
7221446976321358973;2021-08;0.2094
7221446976321358973;2021-09;0.2051
7221446976321358973;2021-09;0.2016
7221446976321358973;2021-11;0.2149
7222128416864635362;2021-11;0.2245
7229721428946324455;2021-11;0.7173
7231408738455755015;2021-07;0.808
7231408738455755015;2021-07;0.8685
7231408738455755015;2021-07;0.808
7231408738455755015;2021-07;0.8105
7231408738455755015;2021-07;0.8125
7231408738455755015;2021-07;0.8125
7231408738455755015;2021-07;0.8125
7231408738455755015;2021-08;0.8689
7231408738455755015;2021-08;0.8111
7231408738455755015;2021-09;0.8917
7231408738455755015;2021-09;0.8529
7231408738455755015;2021-09;0.8525
7231408738455755015;2021-10;0.8525
7231408738455755015;2021-10;0.8896
7231408738455755015;2021-10;0.8552
7231408738455755015;2021-10;0.8552
7231408738455755015;2021-10;0.8464
7231408738455755015;2021-11;0.8651
7231408738455755015;2021-11;0.8708
7231408738455755015;2021-11;0.8674
7236776406341522879;2021-07;0.2098
7236776406341522879;2021-09;0.2188
7236776406341522879;2021-10;0.2106
7236776406341522879;2021-10;0.1988
7236776406341522879;2021-11;0.1912
7246466789138290692;2021-07;0.1733
7246466789138290692;2021-09;0.1777
7246466789138290692;2021-09;0.1763
7260748352873493818;2021-08;0.2612
7260748352873493818;2021-10;0.2413
7260748352873493818;2021-11;0.2405
7268895973869107930;2021-07;0.2343
7268895973869107930;2021-07;0.2206
7268895973869107930;2021-08;0.2023
7268895973869107930;2021-08;0.2035
7268895973869107930;2021-09;0.2005
7268895973869107930;2021-09;0.2005
7268895973869107930;2021-09;0.2005
7268895973869107930;2021-09;0.2005
7268895973869107930;2021-09;0.2005
7268895973869107930;2021-09;0.2005
7268895973869107930;2021-09;0.2005
7268895973869107930;2021-10;0.2005
7268895973869107930;2021-10;0.2005
7268895973869107930;2021-10;0.2005
7268895973869107930;2021-10;0.2005
7268895973869107930;2021-10;0.2005
7268895973869107930;2021-10;0.2005
7268895973869107930;2021-10;0.2005
7268895973869107930;2021-10;0.2005
7268895973869107930;2021-11;0.2014
7268895973869107930;2021-11;0.2014
7268895973869107930;2021-11;0.2014
7268895973869107930;2021-11;0.2018
7268895973869107930;2021-11;0.2018
7268895973869107930;2021-11;0.2018
7268895973869107930;2021-11;0.2042
7269781193318890653;2021-07;0.1685
7269781193318890653;2021-07;0.1689
7269781193318890653;2021-07;0.1696
7269781193318890653;2021-07;0.17
7269781193318890653;2021-08;0.17
7269781193318890653;2021-08;0.1689
7269781193318890653;2021-09;0.1711
7269781193318890653;2021-10;0.17
7269781193318890653;2021-10;0.1685
7269781193318890653;2021-10;0.1685
7269781193318890653;2021-10;0.1696
7269781193318890653;2021-11;0.1698
7269781193318890653;2021-11;0.1789
7269781193318890653;2021-11;0.1789
7269781193318890653;2021-11;0.1792
7269781193318890653;2021-11;0.1789
7289435138601868544;2021-07;0.3057
7289435138601868544;2021-07;0.3064
7289435138601868544;2021-07;0.3064
7289435138601868544;2021-07;0.3111
7289435138601868544;2021-07;0.3112
7289435138601868544;2021-08;0.3594
7289435138601868544;2021-08;0.36
7289435138601868544;2021-09;0.3038
7289435138601868544;2021-09;0.3038
7289435138601868544;2021-10;0.3038
7289435138601868544;2021-10;0.308
7289435138601868544;2021-10;0.3038
7289435138601868544;2021-10;0.3056
7289435138601868544;2021-10;0.308
7289435138601868544;2021-10;0.3051
7325545718770538459;2021-07;0.1774
7325545718770538459;2021-07;0.1774
7325545718770538459;2021-07;0.4678
7325545718770538459;2021-07;0.1774
7325545718770538459;2021-07;0.1851
7325545718770538459;2021-07;0.2009
7325545718770538459;2021-07;0.2035
7325545718770538459;2021-07;0.1966
7325545718770538459;2021-07;0.1966
7325545718770538459;2021-07;0.1966
7325545718770538459;2021-07;0.1966
7325545718770538459;2021-07;0.1966
7325545718770538459;2021-07;0.1966
7325545718770538459;2021-07;0.1966
7325545718770538459;2021-07;0.1966
7325545718770538459;2021-07;0.1966
7325545718770538459;2021-07;0.1966
7325545718770538459;2021-08;0.1906
7325545718770538459;2021-08;0.1906
7325545718770538459;2021-08;0.1906
7325545718770538459;2021-08;0.1906
7325545718770538459;2021-08;0.1906
7325545718770538459;2021-08;0.1906
7325545718770538459;2021-08;0.1906
7325545718770538459;2021-08;0.1941
7325545718770538459;2021-08;0.1941
7325545718770538459;2021-08;0.1941
7325545718770538459;2021-08;0.1941
7325545718770538459;2021-08;0.1941
7325545718770538459;2021-08;0.1941
7325545718770538459;2021-08;0.1941
7325545718770538459;2021-08;0.1941
7325545718770538459;2021-09;0.1891
7325545718770538459;2021-09;0.1891
7325545718770538459;2021-09;0.1891
7325545718770538459;2021-09;0.1891
7325545718770538459;2021-09;0.1891
7325545718770538459;2021-09;0.1891
7325545718770538459;2021-09;0.1891
7325545718770538459;2021-09;0.1891
7325545718770538459;2021-09;0.1891
7325545718770538459;2021-09;0.1891
7325545718770538459;2021-09;0.1891
7325545718770538459;2021-09;0.1891
7325545718770538459;2021-09;0.1894
7325545718770538459;2021-09;0.1894
7325545718770538459;2021-09;0.1894
7325545718770538459;2021-09;0.1894
7325545718770538459;2021-09;0.1894
7325545718770538459;2021-09;0.1894
7325545718770538459;2021-09;0.1894
7325545718770538459;2021-09;0.1894
7325545718770538459;2021-09;0.1894
7325545718770538459;2021-10;0.1919
7325545718770538459;2021-10;0.1919
7325545718770538459;2021-10;0.1919
7325545718770538459;2021-10;0.1919
7325545718770538459;2021-10;0.1915
7325545718770538459;2021-10;0.1919
7325545718770538459;2021-10;0.1919
7325545718770538459;2021-10;0.1954
7325545718770538459;2021-10;0.1954
7325545718770538459;2021-10;0.1954
7325545718770538459;2021-10;0.1954
7325545718770538459;2021-10;0.1954
7325545718770538459;2021-11;0.1962
7325545718770538459;2021-11;0.1962
7325545718770538459;2021-11;0.1962
7325545718770538459;2021-11;0.1962
7325545718770538459;2021-11;0.1962
7325545718770538459;2021-11;0.1962
7325545718770538459;2021-11;0.1962
7330131219998265639;2021-07;0.1661
7330131219998265639;2021-08;0.1651
7330131219998265639;2021-08;0.1651
7330131219998265639;2021-08;0.1651
7330131219998265639;2021-09;0.5123
7330131219998265639;2021-09;0.2495
7330131219998265639;2021-09;0.2513
7330131219998265639;2021-10;0.1663
7330131219998265639;2021-11;0.167
7330131219998265639;2021-11;0.167
7347715771145302549;2021-07;0.1573
7347715771145302549;2021-07;0.1569
7347715771145302549;2021-07;0.1573
7347715771145302549;2021-07;0.1569
7347715771145302549;2021-07;0.1569
7347715771145302549;2021-07;0.1528
7347715771145302549;2021-07;0.1528
7347715771145302549;2021-08;0.1528
7347715771145302549;2021-08;0.1528
7347715771145302549;2021-08;0.1519
7347715771145302549;2021-08;0.1523
7347715771145302549;2021-08;0.1519
7347715771145302549;2021-09;0.1538
7347715771145302549;2021-09;0.4341
7347715771145302549;2021-09;0.1593
7347715771145302549;2021-09;0.159
7347715771145302549;2021-09;0.1593
7347715771145302549;2021-09;0.1593
7347715771145302549;2021-10;0.1671
7347715771145302549;2021-10;0.4775
7347715771145302549;2021-10;0.1671
7347715771145302549;2021-10;0.1671
7347715771145302549;2021-10;0.1671
7347715771145302549;2021-10;0.1629
7347715771145302549;2021-10;0.1633
7347715771145302549;2021-11;0.1524
7347715771145302549;2021-11;0.1524
7347715771145302549;2021-11;0.152
7347715771145302549;2021-11;0.1524
7347753999527316260;2021-10;0.8095
7347753999527316260;2021-11;0.8048
7367321179169390502;2021-07;0.7549
7367321179169390502;2021-09;0.8584
7367321179169390502;2021-11;0.8389
7387419407817356825;2021-11;0.2
7395696797140470088;2021-07;0.1922
7395696797140470088;2021-07;0.1922
7395696797140470088;2021-07;0.1922
7395696797140470088;2021-07;0.1829
7395696797140470088;2021-08;0.1829
7395696797140470088;2021-08;0.1829
7395696797140470088;2021-08;0.1829
7395696797140470088;2021-08;0.1832
7395696797140470088;2021-09;0.1889
7395696797140470088;2021-09;0.1885
7395696797140470088;2021-09;0.1885
7395696797140470088;2021-09;0.1885
7395696797140470088;2021-09;0.1885
7395696797140470088;2021-10;0.1829
7395696797140470088;2021-10;0.1829
7395696797140470088;2021-11;0.1805
7395696797140470088;2021-11;0.1805
7395696797140470088;2021-11;0.1805
7395696797140470088;2021-11;0.1805
7397206777205091443;2021-07;0.2426
7397206777205091443;2021-11;0.215
7398738404146260251;2021-07;0.111
7398738404146260251;2021-07;0.1183
7398738404146260251;2021-08;0.1122
7398738404146260251;2021-09;0.1228
7398738404146260251;2021-09;0.1213
7398738404146260251;2021-09;0.1228
7398738404146260251;2021-09;0.1228
7398738404146260251;2021-09;0.1234
7398738404146260251;2021-09;0.1216
7398738404146260251;2021-10;0.4997
7398738404146260251;2021-10;0.1165
7398738404146260251;2021-10;0.1251
7398738404146260251;2021-11;0.463
7398738404146260251;2021-11;0.1124
7403979270048469991;2021-07;0.4935
7403979270048469991;2021-07;0.1651
7403979270048469991;2021-08;0.172
7403979270048469991;2021-08;0.172
7403979270048469991;2021-08;0.1614
7403979270048469991;2021-08;0.1614
7403979270048469991;2021-09;0.1614
7403979270048469991;2021-09;0.1614
7403979270048469991;2021-09;0.1614
7403979270048469991;2021-09;0.1614
7403979270048469991;2021-09;0.1614
7403979270048469991;2021-10;0.1624
7403979270048469991;2021-11;0.1624
7436628409157313756;2021-07;0.4453
7436628409157313756;2021-07;0.4415
7436628409157313756;2021-07;0.4421
7436628409157313756;2021-08;0.4823
7436628409157313756;2021-08;0.483
7436628409157313756;2021-08;0.4791
7436628409157313756;2021-08;0.4823
7436628409157313756;2021-08;0.4823
7436628409157313756;2021-09;0.4452
7436628409157313756;2021-09;0.4452
7436628409157313756;2021-09;0.4373
7436628409157313756;2021-11;0.4373
7442192566700924647;2021-07;0.1732
7442192566700924647;2021-07;0.4618
7442192566700924647;2021-07;0.1732
7442192566700924647;2021-07;0.1732
7442192566700924647;2021-07;0.1785
7442192566700924647;2021-08;0.1732
7442192566700924647;2021-09;0.1776
7442192566700924647;2021-10;0.1743
7442192566700924647;2021-10;0.1743
7442192566700924647;2021-10;0.1743
7442192566700924647;2021-10;0.1743
7442192566700924647;2021-10;0.1781
7442192566700924647;2021-10;0.1781
7442192566700924647;2021-11;0.1824
7442192566700924647;2021-11;0.1926
7442192566700924647;2021-11;0.457
7442192566700924647;2021-11;0.1922
7442192566700924647;2021-11;0.1922
7442192566700924647;2021-11;0.1922
7444686668183702737;2021-07;0.1521
7444686668183702737;2021-07;0.1575
7444686668183702737;2021-07;0.1561
7444686668183702737;2021-08;0.1564
7444686668183702737;2021-08;0.1564
7444686668183702737;2021-09;0.1572
7444686668183702737;2021-09;0.1575
7444686668183702737;2021-09;0.1572
7444686668183702737;2021-09;0.1612
7444686668183702737;2021-09;0.1609
7444686668183702737;2021-10;0.1609
7444686668183702737;2021-11;0.1574
7444686668183702737;2021-11;0.1574
7444686668183702737;2021-11;0.1571
7444686668183702737;2021-11;0.1574
7444686668183702737;2021-11;0.1571
7444686668183702737;2021-11;0.1574
7451017400765373278;2021-07;0.1931
7451017400765373278;2021-07;0.1934
7451017400765373278;2021-07;0.1774
7451017400765373278;2021-08;0.1742
7451017400765373278;2021-08;0.1739
7451017400765373278;2021-08;0.403
7451017400765373278;2021-08;0.1739
7451017400765373278;2021-08;0.1742
7451017400765373278;2021-08;0.1843
7451017400765373278;2021-09;0.1819
7451017400765373278;2021-09;0.1846
7451017400765373278;2021-10;0.1887
7451017400765373278;2021-10;0.1717
7451017400765373278;2021-10;0.1734
7451017400765373278;2021-10;0.1734
7451017400765373278;2021-11;0.1777
7451017400765373278;2021-11;0.1773
7451017400765373278;2021-11;0.1773
7451017400765373278;2021-11;0.1777
7457803471605010846;2021-07;0.236
7457803471605010846;2021-07;0.236
7457803471605010846;2021-07;0.2352
7457803471605010846;2021-07;0.2349
7457803471605010846;2021-07;0.2352
7457803471605010846;2021-08;0.2349
7457803471605010846;2021-08;0.2352
7457803471605010846;2021-08;0.2349
7457803471605010846;2021-08;0.2349
7457803471605010846;2021-08;0.2349
7457803471605010846;2021-08;0.2352
7457803471605010846;2021-09;0.2339
7457803471605010846;2021-09;0.2339
7457803471605010846;2021-10;0.2634
7457803471605010846;2021-10;0.2634
7457803471605010846;2021-10;0.2634
7457803471605010846;2021-11;0.2508
7457803471605010846;2021-11;0.2508
7458891296671174680;2021-07;0.5611
7458891296671174680;2021-07;0.5313
7458891296671174680;2021-09;0.5168
7458891296671174680;2021-10;0.4971
7458891296671174680;2021-10;0.4966
7458891296671174680;2021-10;0.4909
7462607259426026440;2021-07;0.1134
7462607259426026440;2021-08;0.1185
7462607259426026440;2021-09;0.1144
7462607259426026440;2021-10;0.1171
7462607259426026440;2021-10;0.1171
7462607259426026440;2021-10;0.1171
7462607259426026440;2021-10;0.1171
7468724002190465812;2021-07;0.2817
7468724002190465812;2021-08;0.2817
7468724002190465812;2021-08;0.2808
7468724002190465812;2021-09;0.2834
7468724002190465812;2021-10;0.2831
7468724002190465812;2021-11;0.2943
7468724002190465812;2021-11;0.2943
7471183491728700531;2021-07;0.7424
7471183491728700531;2021-08;0.7041
7471183491728700531;2021-08;0.7025
7471183491728700531;2021-08;0.7002
7471183491728700531;2021-08;0.7002
7471183491728700531;2021-10;0.6975
7478791630746523220;2021-08;0.2661
7478791630746523220;2021-08;0.2566
7478791630746523220;2021-09;0.2586
7478791630746523220;2021-09;0.252
7478791630746523220;2021-10;0.2381
7478791630746523220;2021-10;0.2222
7478791630746523220;2021-11;0.2025
7485107528960607346;2021-07;0.5583
7485107528960607346;2021-07;0.5582
7485107528960607346;2021-07;0.5583
7485107528960607346;2021-07;0.5583
7485107528960607346;2021-07;0.5529
7485107528960607346;2021-08;0.5511
7485107528960607346;2021-08;0.5511
7485107528960607346;2021-08;0.5496
7485107528960607346;2021-09;0.6134
7485107528960607346;2021-09;0.6119
7485107528960607346;2021-09;0.6171
7485107528960607346;2021-10;0.5478
7485107528960607346;2021-10;0.5463
7485107528960607346;2021-10;0.5463
7485107528960607346;2021-10;0.5477
7485107528960607346;2021-10;0.5438
7485107528960607346;2021-11;0.5415
7485107528960607346;2021-11;0.5414
7485107528960607346;2021-11;0.5344
7492389223353246125;2021-07;0.4961
7492389223353246125;2021-07;0.6967
7492389223353246125;2021-07;0.4888
7492389223353246125;2021-07;0.4858
7492389223353246125;2021-08;0.452
7492389223353246125;2021-08;0.452
7492389223353246125;2021-09;0.4504
7492389223353246125;2021-09;0.4504
7492389223353246125;2021-09;0.4484
7492389223353246125;2021-09;0.4422
7492389223353246125;2021-11;0.4623
7501763663852779083;2021-10;0.1793
7524505197759784814;2021-08;0.4792
7529137091657891207;2021-08;0.5639
7529137091657891207;2021-10;0.5494
7535160686416710323;2021-07;0.1823
7535160686416710323;2021-07;0.182
7535160686416710323;2021-07;0.1871
7535160686416710323;2021-08;0.1833
7535160686416710323;2021-08;0.1822
7535160686416710323;2021-08;0.1822
7535160686416710323;2021-08;0.1822
7535160686416710323;2021-09;0.1812
7535160686416710323;2021-09;0.1863
7535160686416710323;2021-09;0.1866
7535160686416710323;2021-09;0.1866
7535160686416710323;2021-10;0.1866
7535160686416710323;2021-10;0.1863
7535160686416710323;2021-10;0.1809
7535160686416710323;2021-10;0.1809
7571271990906543121;2021-10;0.263
7590999900861381526;2021-07;0.4498
7590999900861381526;2021-08;0.1515
7590999900861381526;2021-08;0.1515
7590999900861381526;2021-09;0.1716
7590999900861381526;2021-09;0.177
7590999900861381526;2021-09;0.1774
7590999900861381526;2021-10;0.1551
7590999900861381526;2021-10;0.1511
7590999900861381526;2021-10;0.1511
7590999900861381526;2021-11;0.1533
7595945751692012281;2021-07;0.1433
7595945751692012281;2021-07;0.1359
7595945751692012281;2021-08;0.5003
7595945751692012281;2021-08;0.1384
7595945751692012281;2021-08;0.1395
7595945751692012281;2021-08;0.1395
7595945751692012281;2021-09;0.1402
7595945751692012281;2021-10;0.1369
7595945751692012281;2021-10;0.1369
7595945751692012281;2021-10;0.1369
7595945751692012281;2021-11;0.1436
7613717984547031729;2021-07;0.1861
7613717984547031729;2021-07;0.1863
7613717984547031729;2021-08;0.175
7613717984547031729;2021-08;0.1754
7613717984547031729;2021-08;0.175
7613717984547031729;2021-08;0.175
7613717984547031729;2021-08;0.175
7613717984547031729;2021-08;0.175
7613717984547031729;2021-08;0.175
7613717984547031729;2021-09;0.175
7613717984547031729;2021-09;0.175
7613717984547031729;2021-09;0.175
7613717984547031729;2021-09;0.175
7613717984547031729;2021-09;0.175
7613717984547031729;2021-09;0.1769
7613717984547031729;2021-09;0.1769
7613717984547031729;2021-10;0.188
7613717984547031729;2021-10;0.1883
7613717984547031729;2021-10;0.1861
7613717984547031729;2021-10;0.1861
7613717984547031729;2021-10;0.1861
7613717984547031729;2021-10;0.1861
7613717984547031729;2021-11;0.1822
7613717984547031729;2021-11;0.1822
7613717984547031729;2021-11;0.1822
7613717984547031729;2021-11;0.4238
7613717984547031729;2021-11;0.1822
7613717984547031729;2021-11;0.1822
7613717984547031729;2021-11;0.1833
7613717984547031729;2021-11;0.1833
7613717984547031729;2021-11;0.1833
7628167057144760589;2021-07;0.2926
7628167057144760589;2021-07;0.2856
7628167057144760589;2021-07;0.2593
7628167057144760589;2021-07;0.2361
7628167057144760589;2021-07;0.2168
7628167057144760589;2021-08;0.2086
7628167057144760589;2021-08;0.2049
7628167057144760589;2021-09;0.2049
7628167057144760589;2021-09;0.2049
7628167057144760589;2021-10;0.2949
7637066986811047950;2021-07;0.1743
7637066986811047950;2021-07;0.1743
7637066986811047950;2021-07;0.1743
7637066986811047950;2021-07;0.1743
7637066986811047950;2021-08;0.1752
7637066986811047950;2021-08;0.1752
7637066986811047950;2021-09;0.1734
7637066986811047950;2021-09;0.1734
7637066986811047950;2021-10;0.1896
7637066986811047950;2021-10;0.1896
7637066986811047950;2021-10;0.1896
7637066986811047950;2021-10;0.1896
7637066986811047950;2021-10;0.1896
7637066986811047950;2021-10;0.1896
7646606457278894341;2021-08;0.1536
7646606457278894341;2021-08;0.1536
7646606457278894341;2021-09;0.1526
7646606457278894341;2021-11;0.1522
7662578945735335954;2021-09;0.5756
7664272163315705419;2021-07;0.3243
7664272163315705419;2021-07;0.324
7664272163315705419;2021-07;0.3248
7664272163315705419;2021-08;0.3242
7664272163315705419;2021-09;0.3232
7664272163315705419;2021-09;0.3232
7664272163315705419;2021-09;0.3243
7664272163315705419;2021-10;0.3931
7664272163315705419;2021-10;0.395
7664272163315705419;2021-10;0.395
7664272163315705419;2021-11;0.3215
7664272163315705419;2021-11;0.3239
7664272163315705419;2021-11;0.3239
7664272163315705419;2021-11;0.3198
7664272163315705419;2021-11;0.3214
7664272163315705419;2021-11;0.3214
7664272163315705419;2021-11;0.3231
7664272163315705419;2021-11;0.3225
7665801401860589626;2021-07;0.1756
7665801401860589626;2021-08;0.1789
7665801401860589626;2021-08;0.1789
7665801401860589626;2021-09;0.1787
7665801401860589626;2021-10;0.1787
7665801401860589626;2021-11;0.1787
7671566034617837932;2021-08;0.1799
7671566034617837932;2021-08;0.1799
7671566034617837932;2021-08;0.1799
7671566034617837932;2021-09;0.174
7671566034617837932;2021-09;0.174
7686361238195690925;2021-07;0.1717
7686361238195690925;2021-07;0.1721
7686361238195690925;2021-07;0.1759
7686361238195690925;2021-08;0.1757
7686361238195690925;2021-08;0.176
7686361238195690925;2021-08;0.1828
7686361238195690925;2021-08;0.177
7686361238195690925;2021-09;0.4676
7686361238195690925;2021-09;0.1766
7686361238195690925;2021-10;0.1779
7686361238195690925;2021-10;0.4781
7686361238195690925;2021-10;0.1779
7686361238195690925;2021-10;0.1779
7686361238195690925;2021-10;0.1814
7686361238195690925;2021-11;0.1814
7686361238195690925;2021-11;0.179
7692330898726665144;2021-07;0.2739
7692330898726665144;2021-07;0.274
7692330898726665144;2021-08;0.2573
7692330898726665144;2021-08;0.2333
7692330898726665144;2021-09;0.2155
7692330898726665144;2021-09;0.212
7692330898726665144;2021-09;0.2068
7692330898726665144;2021-09;0.2151
7692330898726665144;2021-09;0.2169
7692330898726665144;2021-10;0.2044
7692330898726665144;2021-10;0.2048
7692330898726665144;2021-10;0.2031
7692330898726665144;2021-10;0.1946
7692330898726665144;2021-10;0.1946
7692330898726665144;2021-10;0.1942
7692330898726665144;2021-10;0.1942
7692330898726665144;2021-11;0.2005
7692330898726665144;2021-11;0.2019
7692330898726665144;2021-11;0.2022
7692330898726665144;2021-11;0.2019
7692330898726665144;2021-11;0.2019
7692335720341018458;2021-07;0.2229
7692335720341018458;2021-07;0.2229
7692335720341018458;2021-09;0.1907
7692335720341018458;2021-09;0.1908
7692335720341018458;2021-09;0.1911
7692335720341018458;2021-10;0.1911
7692335720341018458;2021-10;0.1896
7692335720341018458;2021-11;0.2137
7696655736121386405;2021-07;0.5622
7696655736121386405;2021-07;0.5438
7696655736121386405;2021-08;0.551
7696655736121386405;2021-11;0.5547
7707459425750676368;2021-07;0.6335
7707459425750676368;2021-07;0.6335
7707459425750676368;2021-07;0.6335
7707459425750676368;2021-07;0.8074
7707459425750676368;2021-08;0.6571
7707459425750676368;2021-08;0.6511
7707459425750676368;2021-08;0.8148
7707459425750676368;2021-09;0.6761
7707459425750676368;2021-09;0.6694
7707459425750676368;2021-09;0.8272
7707459425750676368;2021-09;0.6694
7707459425750676368;2021-10;0.6041
7707459425750676368;2021-10;0.6047
7707459425750676368;2021-10;0.8001
7708030042671632236;2021-08;0.1742
7708030042671632236;2021-08;0.1742
7708030042671632236;2021-08;0.1738
7708030042671632236;2021-09;0.1757
7708030042671632236;2021-09;0.1757
7708030042671632236;2021-10;0.1781
7708030042671632236;2021-10;0.1724
7708030042671632236;2021-10;0.1737
7708030042671632236;2021-11;0.2078
7710364735942975505;2021-07;0.7127
7710364735942975505;2021-07;0.4526
7710364735942975505;2021-07;0.4549
7710364735942975505;2021-08;0.4574
7710364735942975505;2021-08;0.4577
7710364735942975505;2021-08;0.4574
7710364735942975505;2021-08;0.4582
7710364735942975505;2021-09;0.4579
7710364735942975505;2021-10;0.4448
7710364735942975505;2021-10;0.4483
7710364735942975505;2021-10;0.4483
7710364735942975505;2021-11;0.7193
7710364735942975505;2021-11;0.4523
7710364735942975505;2021-11;0.4523
7710364735942975505;2021-11;0.454
7712263029835111826;2021-07;0.5096
7719481195372677540;2021-07;0.168
7719481195372677540;2021-07;0.168
7719481195372677540;2021-08;0.1669
7719481195372677540;2021-08;0.1723
7719481195372677540;2021-09;0.1723
7719481195372677540;2021-09;0.1723
7719481195372677540;2021-10;0.1724
7719877724419004325;2021-10;0.19
7720458526816091748;2021-09;0.2742
7720458526816091748;2021-09;0.2551
7720458526816091748;2021-09;0.2538
7720458526816091748;2021-10;0.2503
7722287846688771887;2021-07;0.3751
7722287846688771887;2021-07;0.3715
7722287846688771887;2021-08;0.3107
7722287846688771887;2021-09;0.3163
7722287846688771887;2021-10;0.3715
7722287846688771887;2021-10;0.6983
7722287846688771887;2021-11;0.3114
7722287846688771887;2021-11;0.312
7722287846688771887;2021-11;0.307
7722287846688771887;2021-11;0.307
7722287846688771887;2021-11;0.3063
7742008298942700792;2021-09;0.5955
7742008298942700792;2021-10;0.5721
7750874287225529604;2021-07;0.6168
7750874287225529604;2021-07;0.6187
7750874287225529604;2021-07;0.62
7750874287225529604;2021-07;0.6195
7750874287225529604;2021-08;0.6155
7750874287225529604;2021-08;0.6161
7750874287225529604;2021-08;0.6161
7750874287225529604;2021-09;0.6475
7750874287225529604;2021-09;0.646
7750874287225529604;2021-09;0.646
7750874287225529604;2021-10;0.646
7750874287225529604;2021-10;0.6465
7750874287225529604;2021-10;0.6465
7750874287225529604;2021-10;0.6486
7750874287225529604;2021-11;0.6155
7750874287225529604;2021-11;0.6155
7751080728852739823;2021-07;0.2484
7751080728852739823;2021-07;0.446
7751080728852739823;2021-08;0.2531
7751080728852739823;2021-08;0.2531
7751080728852739823;2021-08;0.2505
7751080728852739823;2021-08;0.2505
7751080728852739823;2021-08;0.2518
7751080728852739823;2021-09;0.2481
7751080728852739823;2021-09;0.2446
7751080728852739823;2021-09;0.2446
7751080728852739823;2021-10;0.2315
7751080728852739823;2021-10;0.2315
7751080728852739823;2021-10;0.2315
7751080728852739823;2021-10;0.2299
7751080728852739823;2021-10;0.2315
7751080728852739823;2021-10;0.2315
7751080728852739823;2021-10;0.2299
7751080728852739823;2021-10;0.2299
7751080728852739823;2021-10;0.2315
7751080728852739823;2021-10;0.2315
7751080728852739823;2021-11;0.247
7751080728852739823;2021-11;0.247
7751080728852739823;2021-11;0.2505
7754936094607992857;2021-09;0.2122
7754936094607992857;2021-10;0.182
7754936094607992857;2021-11;0.1902
7754936094607992857;2021-11;0.1872
7770458886439606839;2021-07;0.4361
7770458886439606839;2021-07;0.4428
7770458886439606839;2021-08;0.4464
7770458886439606839;2021-08;0.4456
7770458886439606839;2021-08;0.4428
7770458886439606839;2021-08;0.4428
7770458886439606839;2021-09;0.446
7770458886439606839;2021-09;0.7091
7770458886439606839;2021-09;0.4467
7770458886439606839;2021-09;0.446
7770458886439606839;2021-09;0.446
7770458886439606839;2021-09;0.446
7770458886439606839;2021-09;0.4468
7770458886439606839;2021-09;0.4468
7770458886439606839;2021-09;0.4468
7770458886439606839;2021-09;0.4468
7770458886439606839;2021-09;0.4468
7770458886439606839;2021-09;0.4468
7770458886439606839;2021-10;0.4325
7770458886439606839;2021-10;0.4325
7770458886439606839;2021-10;0.4325
7770458886439606839;2021-10;0.4325
7770458886439606839;2021-11;0.4369
7770458886439606839;2021-11;0.4369
7770458886439606839;2021-11;0.4369
7770458886439606839;2021-11;0.4369
7770458886439606839;2021-11;0.4369
7770458886439606839;2021-11;0.4369
7776069961364493674;2021-08;0.1934
7776069961364493674;2021-09;0.193
7776069961364493674;2021-09;0.1819
7776069961364493674;2021-09;0.1819
7776069961364493674;2021-10;0.1839
7776069961364493674;2021-10;0.1839
7776069961364493674;2021-10;0.1839
7776069961364493674;2021-10;0.1839
7779268298304613772;2021-07;0.358
7779268298304613772;2021-07;0.3608
7779268298304613772;2021-07;0.3651
7779268298304613772;2021-08;0.5747
7779268298304613772;2021-08;0.2996
7779268298304613772;2021-08;0.2996
7779268298304613772;2021-08;0.2999
7779268298304613772;2021-08;0.2999
7779268298304613772;2021-08;0.2999
7779268298304613772;2021-08;0.2893
7779268298304613772;2021-08;0.2837
7779268298304613772;2021-09;0.3376
7779268298304613772;2021-10;0.2863
7779268298304613772;2021-10;0.2827
7779268298304613772;2021-10;0.2821
7779268298304613772;2021-10;0.2805
7779268298304613772;2021-10;0.2805
7779268298304613772;2021-10;0.2803
7779268298304613772;2021-11;0.2801
7779268298304613772;2021-11;0.2801
7779268298304613772;2021-11;0.2804
7779268298304613772;2021-11;0.2797
7779268298304613772;2021-11;0.2812
7779268298304613772;2021-11;0.2808
7779268298304613772;2021-11;0.2812
7787306805605072964;2021-07;0.7092
7787306805605072964;2021-07;0.7077
7787306805605072964;2021-08;0.6742
7787306805605072964;2021-08;0.8109
7787306805605072964;2021-09;0.6364
7787306805605072964;2021-09;0.6364
7787306805605072964;2021-10;0.6421
7810985951121711480;2021-07;0.2758
7810985951121711480;2021-08;0.273
7810985951121711480;2021-09;0.2665
7810985951121711480;2021-10;0.2714
7810985951121711480;2021-10;0.2717
7810985951121711480;2021-10;0.2717
7810985951121711480;2021-11;0.2964
7815839878620843192;2021-09;0.6044
7815839878620843192;2021-09;0.5983
7815839878620843192;2021-10;0.5835
7816319470107777265;2021-07;0.4193
7816319470107777265;2021-07;0.4193
7816319470107777265;2021-07;0.4152
7816319470107777265;2021-09;0.4355
7816319470107777265;2021-09;0.4355
7816319470107777265;2021-11;0.4216
7816319470107777265;2021-11;0.4162
7818340804682162328;2021-07;0.4047
7818340804682162328;2021-07;0.4047
7818340804682162328;2021-07;0.4043
7818340804682162328;2021-08;0.3443
7818340804682162328;2021-08;0.334
7818340804682162328;2021-09;0.6443
7818340804682162328;2021-09;0.3402
7818340804682162328;2021-09;0.3338
7818340804682162328;2021-09;0.3327
7818340804682162328;2021-10;0.647
7818340804682162328;2021-10;0.3423
7818340804682162328;2021-10;0.3423
7818340804682162328;2021-11;0.696
7828430488099134389;2021-07;0.614
7828430488099134389;2021-10;0.5955
7828430488099134389;2021-10;0.5667
7828430488099134389;2021-11;0.5503
7828430488099134389;2021-11;0.5265
7848910047105468475;2021-08;0.7099
7848910047105468475;2021-09;0.7083
7848910047105468475;2021-10;0.7083
7870373680211625064;2021-07;0.2111
7870373680211625064;2021-07;0.2099
7870373680211625064;2021-07;0.2095
7870373680211625064;2021-07;0.2091
7870373680211625064;2021-07;0.2091
7870373680211625064;2021-08;0.2505
7870373680211625064;2021-08;0.2502
7870373680211625064;2021-08;0.2502
7870373680211625064;2021-08;0.2502
7870373680211625064;2021-08;0.2502
7870373680211625064;2021-09;0.2214
7870373680211625064;2021-09;0.2214
7870373680211625064;2021-10;0.2162
7870373680211625064;2021-10;0.2158
7870373680211625064;2021-10;0.2158
7870373680211625064;2021-10;0.2158
7870373680211625064;2021-11;0.2151
7870373680211625064;2021-11;0.2141
7870373680211625064;2021-11;0.2144
7870373680211625064;2021-11;0.2147
7870373680211625064;2021-11;0.2141
7889351655716537527;2021-10;0.2014
7889351655716537527;2021-11;0.1836
7895753719321668294;2021-07;0.1759
7895753719321668294;2021-07;0.1783
7895753719321668294;2021-08;0.189
7895753719321668294;2021-08;0.1907
7895753719321668294;2021-08;0.189
7895753719321668294;2021-09;0.1793
7895753719321668294;2021-09;0.1793
7895753719321668294;2021-09;0.1829
7895753719321668294;2021-09;0.1829
7895753719321668294;2021-09;0.1829
7895753719321668294;2021-10;0.1844
7895753719321668294;2021-10;0.1844
7895753719321668294;2021-10;0.1882
7895753719321668294;2021-11;0.1822
7895753719321668294;2021-11;0.1822
7895753719321668294;2021-11;0.197
7895753719321668294;2021-11;0.1966
7908414709866823255;2021-07;0.3061
7908414709866823255;2021-07;0.3068
7908414709866823255;2021-07;0.3065
7908414709866823255;2021-07;0.3065
7908414709866823255;2021-07;0.3094
7908414709866823255;2021-07;0.3098
7908414709866823255;2021-07;0.3098
7908414709866823255;2021-08;0.302
7908414709866823255;2021-08;0.3017
7908414709866823255;2021-08;0.3054
7908414709866823255;2021-08;0.3057
7908414709866823255;2021-08;0.3057
7908414709866823255;2021-08;0.3054
7908414709866823255;2021-08;0.3054
7908414709866823255;2021-08;0.3054
7908414709866823255;2021-09;0.3372
7908414709866823255;2021-09;0.3376
7908414709866823255;2021-09;0.3372
7908414709866823255;2021-09;0.3306
7908414709866823255;2021-09;0.3306
7908414709866823255;2021-09;0.3306
7908414709866823255;2021-10;0.386
7908414709866823255;2021-10;0.3857
7908414709866823255;2021-10;0.3854
7908414709866823255;2021-10;0.3857
7908414709866823255;2021-10;0.3854
7908414709866823255;2021-10;0.3846
7908414709866823255;2021-10;0.3857
7908414709866823255;2021-10;0.3906
7908414709866823255;2021-10;0.3906
7908414709866823255;2021-11;0.3027
7908414709866823255;2021-11;0.3033
7908414709866823255;2021-11;0.3033
7908414709866823255;2021-11;0.303
7908414709866823255;2021-11;0.3027
7908414709866823255;2021-11;0.3033
7908414709866823255;2021-11;0.303
7910340581026492945;2021-07;0.1581
7910340581026492945;2021-07;0.1581
7910340581026492945;2021-07;0.2441
7910340581026492945;2021-07;0.1609
7910340581026492945;2021-07;0.1595
7910340581026492945;2021-07;0.1595
7910340581026492945;2021-08;0.1623
7910340581026492945;2021-08;0.1623
7910340581026492945;2021-08;0.161
7910340581026492945;2021-08;0.1623
7910340581026492945;2021-08;0.1623
7910340581026492945;2021-08;0.161
7910340581026492945;2021-08;0.1596
7910340581026492945;2021-08;0.161
7910340581026492945;2021-08;0.1596
7910340581026492945;2021-09;0.1611
7910340581026492945;2021-09;0.1594
7910340581026492945;2021-09;0.1608
7910340581026492945;2021-09;0.1608
7910340581026492945;2021-10;0.1595
7910340581026492945;2021-10;0.1581
7910340581026492945;2021-10;0.1581
7910340581026492945;2021-10;0.1598
7910340581026492945;2021-10;0.1584
7910340581026492945;2021-10;0.1584
7910340581026492945;2021-10;0.1598
7910340581026492945;2021-10;0.1584
7910340581026492945;2021-11;0.1614
7910340581026492945;2021-11;0.1596
7911162482760986289;2021-08;0.6272
7911162482760986289;2021-08;0.6109
7911162482760986289;2021-09;0.6305
7911162482760986289;2021-09;0.6183
7911162482760986289;2021-10;0.615
7920896580423665241;2021-07;0.3898
7920896580423665241;2021-08;0.3192
7920896580423665241;2021-08;0.3216
7920896580423665241;2021-08;0.3216
7920896580423665241;2021-09;0.3192
7920896580423665241;2021-09;0.5859
7920896580423665241;2021-09;0.3168
7920896580423665241;2021-09;0.3175
7920896580423665241;2021-09;0.313
7920896580423665241;2021-10;0.313
7920896580423665241;2021-10;0.313
7920896580423665241;2021-10;0.3088
7920896580423665241;2021-10;0.313
7920896580423665241;2021-10;0.313
7920896580423665241;2021-10;0.3106
7920896580423665241;2021-11;0.375
7920896580423665241;2021-11;0.3726
7930644815080409701;2021-07;0.5677
7930644815080409701;2021-08;0.5725
7930644815080409701;2021-09;0.5732
7930644815080409701;2021-10;0.5725
7930925883736021864;2021-07;0.4818
7930925883736021864;2021-07;0.4779
7930925883736021864;2021-07;0.4781
7930925883736021864;2021-07;0.4781
7930925883736021864;2021-07;0.4818
7930925883736021864;2021-07;0.4781
7930925883736021864;2021-07;0.4781
7930925883736021864;2021-07;0.493
7930925883736021864;2021-07;0.4968
7930925883736021864;2021-07;0.4929
7930925883736021864;2021-07;0.493
7930925883736021864;2021-07;0.4929
7930925883736021864;2021-07;0.4968
7930925883736021864;2021-07;0.4968
7930925883736021864;2021-08;0.5063
7930925883736021864;2021-08;0.5063
7930925883736021864;2021-08;0.5024
7930925883736021864;2021-08;0.725
7930925883736021864;2021-08;0.5025
7930925883736021864;2021-08;0.5024
7930925883736021864;2021-08;0.5025
7930925883736021864;2021-08;0.5025
7930925883736021864;2021-08;0.5063
7930925883736021864;2021-08;0.5024
7930925883736021864;2021-08;0.5024
7930925883736021864;2021-08;0.5014
7930925883736021864;2021-08;0.5014
7930925883736021864;2021-08;0.5018
7930925883736021864;2021-08;0.5018
7930925883736021864;2021-08;0.5018
7930925883736021864;2021-09;0.5032
7930925883736021864;2021-09;0.5031
7930925883736021864;2021-09;0.5032
7930925883736021864;2021-09;0.5036
7930925883736021864;2021-09;0.5042
7930925883736021864;2021-09;0.5081
7930925883736021864;2021-09;0.5081
7930925883736021864;2021-09;0.5043
7930925883736021864;2021-09;0.5081
7930925883736021864;2021-09;0.5081
7930925883736021864;2021-09;0.5081
7930925883736021864;2021-09;0.5042
7930925883736021864;2021-09;0.5042
7930925883736021864;2021-09;0.5042
7930925883736021864;2021-09;0.5043
7930925883736021864;2021-09;0.5081
7930925883736021864;2021-10;0.4968
7930925883736021864;2021-10;0.4968
7930925883736021864;2021-10;0.4929
7930925883736021864;2021-10;0.4929
7930925883736021864;2021-10;0.4929
7930925883736021864;2021-10;0.4929
7930925883736021864;2021-10;0.4929
7930925883736021864;2021-10;0.4968
7930925883736021864;2021-10;0.4929
7930925883736021864;2021-10;0.4968
7930925883736021864;2021-10;0.4929
7930925883736021864;2021-10;0.4929
7930925883736021864;2021-10;0.4968
7930925883736021864;2021-10;0.4968
7930925883736021864;2021-10;0.4929
7930925883736021864;2021-10;0.4929
7930925883736021864;2021-11;0.7084
7930925883736021864;2021-11;0.494
7930925883736021864;2021-11;0.494
7930925883736021864;2021-11;0.494
7930925883736021864;2021-11;0.494
7930925883736021864;2021-11;0.498
7930925883736021864;2021-11;0.494
7930925883736021864;2021-11;0.494
7930925883736021864;2021-11;0.498
7930925883736021864;2021-11;0.494
7930925883736021864;2021-11;0.498
7930925883736021864;2021-11;0.494
7930925883736021864;2021-11;0.498
7944852965555666513;2021-08;0.2107
7944852965555666513;2021-08;0.2069
7944852965555666513;2021-09;0.196
7949169060790541229;2021-07;0.1667
7949169060790541229;2021-07;0.1586
7949169060790541229;2021-07;0.1586
7949169060790541229;2021-08;0.1664
7949169060790541229;2021-08;0.1664
7949169060790541229;2021-08;0.1653
7949169060790541229;2021-09;0.1695
7949169060790541229;2021-09;0.1623
7949169060790541229;2021-09;0.1615
7949169060790541229;2021-10;0.1648
7949169060790541229;2021-10;0.172
7949169060790541229;2021-10;0.4832
7949169060790541229;2021-10;0.1637
7957786135641291906;2021-08;0.6053
7957786135641291906;2021-08;0.59
7963861799566207637;2021-07;0.1577
7963861799566207637;2021-07;0.1577
7963861799566207637;2021-08;0.1577
7963861799566207637;2021-08;0.165
7963861799566207637;2021-08;0.1581
7963861799566207637;2021-09;0.1587
7963861799566207637;2021-09;0.1587
7963861799566207637;2021-09;0.1591
7963861799566207637;2021-09;0.1587
7963861799566207637;2021-09;0.1591
7963861799566207637;2021-10;0.165
7963861799566207637;2021-10;0.1577
7963861799566207637;2021-10;0.1577
7963861799566207637;2021-10;0.1549
7963861799566207637;2021-11;0.1549
7963861799566207637;2021-11;0.156
7968118679747232249;2021-07;0.7513
7968118679747232249;2021-08;0.7487
7968118679747232249;2021-09;0.7469
7968118679747232249;2021-09;0.7415
7968118679747232249;2021-10;0.7672
7968118679747232249;2021-10;0.7325
7968118679747232249;2021-11;0.7414
7968118679747232249;2021-11;0.7322
7968118679747232249;2021-11;0.7236
7970976988071755401;2021-07;0.4229
7970976988071755401;2021-07;0.4215
7970976988071755401;2021-08;0.4031
7970976988071755401;2021-08;0.645
7970976988071755401;2021-08;0.4003
7970976988071755401;2021-08;0.4003
7970976988071755401;2021-08;0.4016
7970976988071755401;2021-08;0.4016
7970976988071755401;2021-09;0.4
7970976988071755401;2021-09;0.4
7970976988071755401;2021-09;0.4005
7970976988071755401;2021-09;0.4005
7970976988071755401;2021-10;0.4171
7970976988071755401;2021-10;0.4129
7970976988071755401;2021-10;0.4175
7970976988071755401;2021-10;0.4175
7970976988071755401;2021-11;0.3931
7992317448197179816;2021-07;0.1715
7992317448197179816;2021-08;0.1686
7992317448197179816;2021-08;0.1682
7992317448197179816;2021-08;0.1686
7992317448197179816;2021-08;0.1686
7992317448197179816;2021-09;0.1705
7992317448197179816;2021-09;0.1705
7992317448197179816;2021-10;0.1907
7992317448197179816;2021-10;0.1907
7992317448197179816;2021-10;0.1907
7999843484680834128;2021-07;0.7578
8004409125524742779;2021-08;0.2041
8004409125524742779;2021-08;0.2041
8004409125524742779;2021-08;0.1624
8004409125524742779;2021-08;0.1624
8004409125524742779;2021-09;0.1622
8004409125524742779;2021-09;0.1622
8004409125524742779;2021-09;0.1622
8004409125524742779;2021-09;0.1619
8004409125524742779;2021-09;0.1623
8004409125524742779;2021-10;0.1619
8004409125524742779;2021-10;0.1619
8004409125524742779;2021-11;0.2395
8004409125524742779;2021-11;0.2395
8004409125524742779;2021-11;0.2443
8004521604421988528;2021-07;0.5332
8004521604421988528;2021-07;0.5332
8004521604421988528;2021-07;0.5402
8004521604421988528;2021-07;0.534
8004521604421988528;2021-07;0.5162
8004521604421988528;2021-07;0.5162
8004521604421988528;2021-07;0.5162
8004521604421988528;2021-08;0.5358
8012016968380185372;2021-10;0.3702
8012945665375811304;2021-10;0.1744
8013668117699219722;2021-07;0.2624
8013668117699219722;2021-07;0.2595
8013668117699219722;2021-08;0.2604
8013668117699219722;2021-08;0.2609
8013668117699219722;2021-08;0.2605
8013668117699219722;2021-08;0.2592
8013668117699219722;2021-09;0.2588
8013668117699219722;2021-09;0.2588
8013668117699219722;2021-10;0.262
8013668117699219722;2021-10;0.2583
8013668117699219722;2021-11;0.2506
8013668117699219722;2021-11;0.2506
8013668117699219722;2021-11;0.2482
8015571584405428572;2021-07;0.5724
8015571584405428572;2021-08;0.7064
8015571584405428572;2021-08;0.574
8015571584405428572;2021-08;0.574
8015571584405428572;2021-10;0.5721
8015571584405428572;2021-11;0.5943
8015571584405428572;2021-11;0.5943
8027035272622701013;2021-11;0.3847
8041261093764417881;2021-07;0.1569
8041261093764417881;2021-07;0.1569
8041261093764417881;2021-07;0.1552
8041261093764417881;2021-08;0.1568
8041261093764417881;2021-08;0.1564
8041261093764417881;2021-08;0.1568
8041261093764417881;2021-08;0.1564
8041261093764417881;2021-08;0.1575
8041261093764417881;2021-09;0.1585
8041261093764417881;2021-09;0.1585
8041261093764417881;2021-10;0.1524
8041261093764417881;2021-10;0.1527
8041261093764417881;2021-10;0.1524
8041261093764417881;2021-10;0.1524
8041261093764417881;2021-10;0.1524
8041261093764417881;2021-10;0.1527
8041261093764417881;2021-10;0.151
8045116560666679751;2021-09;0.306
8045116560666679751;2021-09;0.2432
8045116560666679751;2021-10;0.2323
8045116560666679751;2021-11;0.2169
8049805689946244047;2021-07;0.6187
8049805689946244047;2021-07;0.6031
8049805689946244047;2021-08;0.5688
8049805689946244047;2021-08;0.5577
8049805689946244047;2021-08;0.5729
8049805689946244047;2021-08;0.5639
8049805689946244047;2021-08;0.5683
8049805689946244047;2021-09;0.5617
8049805689946244047;2021-09;0.53
8049805689946244047;2021-09;0.5128
8049805689946244047;2021-09;0.5113
8049805689946244047;2021-10;0.5456
8049805689946244047;2021-10;0.5375
8049805689946244047;2021-10;0.5361
8049805689946244047;2021-11;0.5013
8060154314331993193;2021-08;0.2295
8060154314331993193;2021-08;0.2201
8067924767167570288;2021-07;0.1958
8067924767167570288;2021-08;0.1941
8067924767167570288;2021-08;0.1941
8067924767167570288;2021-08;0.1941
8067924767167570288;2021-08;0.1941
8067924767167570288;2021-09;0.196
8067924767167570288;2021-10;0.1934
8067924767167570288;2021-10;0.1934
8079157452200263869;2021-10;0.5869
8080988579391900405;2021-07;0.1205
8080988579391900405;2021-07;0.1202
8080988579391900405;2021-08;0.1225
8080988579391900405;2021-08;0.1225
8080988579391900405;2021-08;0.1357
8080988579391900405;2021-09;0.1249
8080988579391900405;2021-10;0.1216
8080988579391900405;2021-10;0.1212
8080988579391900405;2021-10;0.1212
8080988579391900405;2021-10;0.1212
8080988579391900405;2021-10;0.1212
8080988579391900405;2021-10;0.1212
8080988579391900405;2021-10;0.1212
8080988579391900405;2021-11;0.1161
8083157716178259762;2021-07;0.1352
8083157716178259762;2021-08;0.1422
8083157716178259762;2021-08;0.1418
8083157716178259762;2021-08;0.1418
8083157716178259762;2021-09;0.1366
8083157716178259762;2021-09;0.1351
8083157716178259762;2021-10;0.1345
8083157716178259762;2021-10;0.1345
8083157716178259762;2021-10;0.1345
8083157716178259762;2021-10;0.1345
8083157716178259762;2021-11;0.1342
8090492548102964782;2021-07;0.5209
8090492548102964782;2021-07;0.5209
8090492548102964782;2021-07;0.5067
8090492548102964782;2021-08;0.4683
8090492548102964782;2021-09;0.5138
8090492548102964782;2021-10;0.4849
8090492548102964782;2021-10;0.4981
8107542605807471599;2021-07;0.7969
8107542605807471599;2021-07;0.7969
8107542605807471599;2021-08;0.798
8107542605807471599;2021-08;0.7974
8107542605807471599;2021-09;0.7974
8107542605807471599;2021-10;0.7974
8123515208041701633;2021-07;0.6437
8123515208041701633;2021-07;0.6422
8123515208041701633;2021-07;0.6376
8123515208041701633;2021-07;0.6376
8123515208041701633;2021-08;0.7957
8123515208041701633;2021-08;0.6336
8123515208041701633;2021-08;0.6284
8123515208041701633;2021-08;0.638
8123515208041701633;2021-08;0.638
8123515208041701633;2021-08;0.638
8123515208041701633;2021-09;0.7817
8123515208041701633;2021-10;0.6282
8123515208041701633;2021-10;0.7878
8123515208041701633;2021-10;0.6303
8123515208041701633;2021-10;0.6251
8123515208041701633;2021-11;0.6265
8123515208041701633;2021-11;0.6265
8123515208041701633;2021-11;0.6193
8123515208041701633;2021-11;0.6299
8123515208041701633;2021-11;0.624
8162017568751362437;2021-07;0.4597
8162017568751362437;2021-07;0.4387
8162017568751362437;2021-07;0.3594
8162017568751362437;2021-07;0.3532
8163895533020293251;2021-07;0.8359
8163895533020293251;2021-07;0.8548
8163895533020293251;2021-07;0.793
8163895533020293251;2021-08;0.7993
8163895533020293251;2021-08;0.8434
8163895533020293251;2021-08;0.859
8163895533020293251;2021-08;0.8496
8163895533020293251;2021-08;0.8486
8163895533020293251;2021-08;0.8419
8163895533020293251;2021-08;0.8437
8163895533020293251;2021-08;0.8394
8163895533020293251;2021-08;0.8417
8163895533020293251;2021-09;0.8258
8163895533020293251;2021-09;0.8381
8163895533020293251;2021-09;0.8056
8163895533020293251;2021-10;0.8764
8163895533020293251;2021-10;0.8625
8163895533020293251;2021-10;0.8721
8163895533020293251;2021-10;0.8727
8163895533020293251;2021-10;0.8161
8163895533020293251;2021-11;0.827
8163895533020293251;2021-11;0.8349
8173830874846355280;2021-07;0.2478
8173830874846355280;2021-07;0.2478
8173830874846355280;2021-07;0.2478
8173830874846355280;2021-07;0.2478
8173830874846355280;2021-07;0.2478
8173830874846355280;2021-07;0.2478
8173830874846355280;2021-07;0.2478
8173830874846355280;2021-07;0.2478
8173830874846355280;2021-07;0.2515
8173830874846355280;2021-07;0.2478
8173830874846355280;2021-07;0.2515
8173830874846355280;2021-07;0.2478
8173830874846355280;2021-07;0.2478
8173830874846355280;2021-07;0.2515
8173830874846355280;2021-07;0.2515
8173830874846355280;2021-07;0.2478
8173830874846355280;2021-07;0.2515
8173830874846355280;2021-07;0.2478
8173830874846355280;2021-07;0.2478
8173830874846355280;2021-07;0.2515
8173830874846355280;2021-07;0.2515
8173830874846355280;2021-07;0.2478
8173830874846355280;2021-07;0.2478
8173830874846355280;2021-07;0.2478
8173830874846355280;2021-08;0.2478
8173830874846355280;2021-08;0.2515
8173830874846355280;2021-08;0.2478
8173830874846355280;2021-08;0.2478
8173830874846355280;2021-08;0.2478
8173830874846355280;2021-08;0.2478
8173830874846355280;2021-08;0.2478
8173830874846355280;2021-08;0.2515
8173830874846355280;2021-08;0.2478
8173830874846355280;2021-08;0.2478
8173830874846355280;2021-08;0.2478
8173830874846355280;2021-08;0.2584
8173830874846355280;2021-08;0.2584
8173830874846355280;2021-08;0.2584
8173830874846355280;2021-08;0.2584
8173830874846355280;2021-08;0.2584
8173830874846355280;2021-08;0.2584
8173830874846355280;2021-08;0.2588
8173830874846355280;2021-08;0.2584
8173830874846355280;2021-08;0.2588
8173830874846355280;2021-08;0.2584
8173830874846355280;2021-08;0.2584
8173830874846355280;2021-08;0.2584
8173830874846355280;2021-09;0.2584
8173830874846355280;2021-09;0.2584
8173830874846355280;2021-09;0.2584
8173830874846355280;2021-09;0.2584
8173830874846355280;2021-09;0.2584
8173830874846355280;2021-09;0.2584
8173830874846355280;2021-09;0.2588
8173830874846355280;2021-09;0.2584
8173830874846355280;2021-09;0.2584
8173830874846355280;2021-09;0.2584
8173830874846355280;2021-09;0.2625
8173830874846355280;2021-09;0.2625
8173830874846355280;2021-09;0.2588
8173830874846355280;2021-09;0.2588
8173830874846355280;2021-09;0.2588
8173830874846355280;2021-09;0.2588
8173830874846355280;2021-09;0.2588
8173830874846355280;2021-09;0.2588
8173830874846355280;2021-09;0.2588
8173830874846355280;2021-09;0.2588
8173830874846355280;2021-10;0.2811
8173830874846355280;2021-10;0.2827
8173830874846355280;2021-10;0.2827
8173830874846355280;2021-10;0.2827
8173830874846355280;2021-10;0.2827
8173830874846355280;2021-10;0.2827
8173830874846355280;2021-10;0.2827
8173830874846355280;2021-10;0.2827
8173830874846355280;2021-10;0.486
8173830874846355280;2021-10;0.2827
8173830874846355280;2021-10;0.2827
8173830874846355280;2021-10;0.2827
8173830874846355280;2021-10;0.2811
8173830874846355280;2021-10;0.2811
8173830874846355280;2021-10;0.2827
8173830874846355280;2021-10;0.2827
8173830874846355280;2021-10;0.2827
8173830874846355280;2021-10;0.2827
8173830874846355280;2021-10;0.2827
8173830874846355280;2021-10;0.2827
8173830874846355280;2021-10;0.2827
8173830874846355280;2021-10;0.2827
8173830874846355280;2021-10;0.2827
8173830874846355280;2021-10;0.2811
8173830874846355280;2021-11;0.2495
8173830874846355280;2021-11;0.2498
8173830874846355280;2021-11;0.2495
8173830874846355280;2021-11;0.4525
8173830874846355280;2021-11;0.2492
8173830874846355280;2021-11;0.2492
8173830874846355280;2021-11;0.2498
8173830874846355280;2021-11;0.2495
8173830874846355280;2021-11;0.2495
8173830874846355280;2021-11;0.2498
8173830874846355280;2021-11;0.2492
8173830874846355280;2021-11;0.2495
8173830874846355280;2021-11;0.2492
8173830874846355280;2021-11;0.2492
8173830874846355280;2021-11;0.2492
8173830874846355280;2021-11;0.2495
8173830874846355280;2021-11;0.2495
8173830874846355280;2021-11;0.2495
8173830874846355280;2021-11;0.2492
8173830874846355280;2021-11;0.2495
8173830874846355280;2021-11;0.2495
8174633018998080168;2021-08;0.1833
8174633018998080168;2021-11;0.1783
8185063234515056194;2021-07;0.175
8185063234515056194;2021-07;0.175
8185063234515056194;2021-07;0.175
8185063234515056194;2021-07;0.175
8185063234515056194;2021-07;0.175
8185063234515056194;2021-07;0.1761
8185063234515056194;2021-07;0.1761
8185063234515056194;2021-07;0.1761
8185063234515056194;2021-08;0.191
8185063234515056194;2021-08;0.191
8185063234515056194;2021-08;0.191
8185063234515056194;2021-08;0.2053
8185063234515056194;2021-09;0.1924
8185063234515056194;2021-09;0.1927
8185063234515056194;2021-09;0.1924
8185063234515056194;2021-09;0.1924
8185063234515056194;2021-10;0.1924
8185063234515056194;2021-10;0.1924
8185063234515056194;2021-10;0.194
8185063234515056194;2021-11;0.194
8185063234515056194;2021-11;0.194
8195468623809753777;2021-07;0.2406
8195468623809753777;2021-07;0.2409
8195468623809753777;2021-07;0.2406
8195468623809753777;2021-07;0.2409
8195468623809753777;2021-07;0.2398
8195468623809753777;2021-07;0.2398
8195468623809753777;2021-07;0.2395
8195468623809753777;2021-07;0.2382
8195468623809753777;2021-08;0.2533
8195468623809753777;2021-08;0.2376
8195468623809753777;2021-08;0.2376
8195468623809753777;2021-08;0.2387
8195468623809753777;2021-09;0.2279
8195468623809753777;2021-09;0.2268
8195468623809753777;2021-09;0.2265
8195468623809753777;2021-09;0.2268
8195468623809753777;2021-10;0.2265
8195468623809753777;2021-10;0.2268
8195468623809753777;2021-10;0.2268
8195468623809753777;2021-11;0.2279
8195468623809753777;2021-11;0.2279
8196449005061156808;2021-07;0.3398
8196449005061156808;2021-07;0.3462
8196449005061156808;2021-08;0.3022
8196449005061156808;2021-08;0.2981
8196449005061156808;2021-09;0.2907
8196449005061156808;2021-11;0.2921
8196449005061156808;2021-11;0.2921
8196449005061156808;2021-11;0.2921
8196449005061156808;2021-11;0.2921
8196449005061156808;2021-11;0.2921
8196449005061156808;2021-11;0.2921
8196449005061156808;2021-11;0.2884
8196449005061156808;2021-11;0.2773
8198518259946944874;2021-07;0.9114
8213533889694327948;2021-07;0.1649
8213533889694327948;2021-07;0.1649
8213533889694327948;2021-07;0.1649
8213533889694327948;2021-07;0.1686
8213533889694327948;2021-07;0.1686
8213533889694327948;2021-07;0.1686
8213533889694327948;2021-07;0.1686
8213533889694327948;2021-07;0.1686
8213533889694327948;2021-07;0.1686
8213533889694327948;2021-08;0.4884
8213533889694327948;2021-08;0.1816
8213533889694327948;2021-08;0.1816
8213533889694327948;2021-08;0.1907
8213533889694327948;2021-08;0.1907
8213533889694327948;2021-08;0.1907
8213533889694327948;2021-08;0.1907
8213533889694327948;2021-09;0.1746
8213533889694327948;2021-09;0.1746
8213533889694327948;2021-09;0.1746
8213533889694327948;2021-09;0.1645
8213533889694327948;2021-09;0.1645
8213533889694327948;2021-09;0.1645
8213533889694327948;2021-09;0.1645
8213533889694327948;2021-10;0.4235
8213533889694327948;2021-10;0.1645
8213533889694327948;2021-10;0.1742
8213533889694327948;2021-10;0.1742
8213533889694327948;2021-10;0.1742
8213533889694327948;2021-10;0.1742
8213533889694327948;2021-11;0.1765
8213533889694327948;2021-11;0.1765
8213533889694327948;2021-11;0.1765
8213533889694327948;2021-11;0.1768
8213533889694327948;2021-11;0.1768
8213533889694327948;2021-11;0.1768
8213533889694327948;2021-11;0.1765
8213533889694327948;2021-11;0.1765
8222831719332844924;2021-10;0.3381
8229446069655666941;2021-07;0.8725
8229446069655666941;2021-07;0.7685
8229446069655666941;2021-07;0.7685
8229446069655666941;2021-07;0.8725
8229446069655666941;2021-07;0.7685
8229446069655666941;2021-07;0.7685
8229446069655666941;2021-08;0.7668
8229446069655666941;2021-08;0.8728
8245393384938410770;2021-08;0.1359
8245393384938410770;2021-09;0.137
8245393384938410770;2021-09;0.1359
8245393384938410770;2021-10;0.1359
8245393384938410770;2021-10;0.1359
8245393384938410770;2021-10;0.1359
8245393384938410770;2021-10;0.1359
8245393384938410770;2021-10;0.1359
8245393384938410770;2021-11;0.1369
8245393384938410770;2021-11;0.1369
8245393384938410770;2021-11;0.1369
8245393384938410770;2021-11;0.1369
8245393384938410770;2021-11;0.1369
8248484932270772248;2021-07;0.7344
8248484932270772248;2021-07;0.7432
8248484932270772248;2021-08;0.7814
8248484932270772248;2021-08;0.7804
8248484932270772248;2021-10;0.7804
8248484932270772248;2021-10;0.7804
8248484932270772248;2021-11;0.7411
8248484932270772248;2021-11;0.7293
8252215766413781202;2021-07;0.1109
8252215766413781202;2021-08;0.111
8252215766413781202;2021-09;0.1111
8252215766413781202;2021-10;0.1111
8252215766413781202;2021-10;0.1122
8255085612985072878;2021-07;0.1804
8255085612985072878;2021-07;0.1889
8255085612985072878;2021-07;0.1975
8255085612985072878;2021-07;0.1654
8255085612985072878;2021-08;0.1659
8255085612985072878;2021-09;0.205
8255085612985072878;2021-09;0.1717
8255085612985072878;2021-09;0.205
8255085612985072878;2021-09;0.1963
8255085612985072878;2021-09;0.2218
8255085612985072878;2021-09;0.2165
8255085612985072878;2021-10;0.2151
8255085612985072878;2021-10;0.2151
8255085612985072878;2021-10;0.2244
8255085612985072878;2021-11;0.2245
8255085612985072878;2021-11;0.2245
8255085612985072878;2021-11;0.2245
8271604276097280304;2021-08;0.1599
8271604276097280304;2021-09;0.1604
8271604276097280304;2021-09;0.1604
8274986328479596038;2021-11;0.7909
8278233100278581012;2021-10;0.393
8287608084245946173;2021-07;0.217
8287608084245946173;2021-07;0.2174
8287608084245946173;2021-07;0.2118
8287608084245946173;2021-07;0.4702
8287608084245946173;2021-08;0.2044
8287608084245946173;2021-08;0.2041
8287608084245946173;2021-08;0.2044
8287608084245946173;2021-08;0.2041
8287608084245946173;2021-08;0.2041
8287608084245946173;2021-08;0.2044
8287608084245946173;2021-08;0.2044
8287608084245946173;2021-08;0.2044
8287608084245946173;2021-08;0.2044
8287608084245946173;2021-08;0.203
8287608084245946173;2021-08;0.2033
8287608084245946173;2021-08;0.203
8287608084245946173;2021-09;0.2035
8287608084245946173;2021-09;0.2035
8287608084245946173;2021-09;0.2031
8287608084245946173;2021-09;0.2031
8287608084245946173;2021-09;0.2035
8287608084245946173;2021-09;0.2031
8287608084245946173;2021-09;0.2031
8287608084245946173;2021-10;0.2
8287608084245946173;2021-10;0.2
8287608084245946173;2021-10;0.2
8287608084245946173;2021-10;0.1966
8287608084245946173;2021-10;0.1981
8287608084245946173;2021-10;0.1857
8287608084245946173;2021-10;0.1838
8287608084245946173;2021-10;0.1856
8287608084245946173;2021-10;0.1856
8287608084245946173;2021-10;0.1838
8287608084245946173;2021-11;0.1916
8287608084245946173;2021-11;0.1916
8287608084245946173;2021-11;0.1916
8287608084245946173;2021-11;0.1916
8287608084245946173;2021-11;0.1988
8292458529987016717;2021-08;0.1689
8292458529987016717;2021-08;0.1689
8292458529987016717;2021-08;0.1653
8292458529987016717;2021-10;0.1653
8292458529987016717;2021-10;0.1653
8292458529987016717;2021-11;0.1654
8292458529987016717;2021-11;0.169
8305404138704642088;2021-09;0.3481
8313765100460016738;2021-07;0.707
8313765100460016738;2021-07;0.707
8313765100460016738;2021-09;0.7049
8313765100460016738;2021-10;0.7546
8313765100460016738;2021-10;0.7584
8313765100460016738;2021-10;0.7584
8313765100460016738;2021-10;0.7553
8313765100460016738;2021-10;0.8351
8313765100460016738;2021-10;0.757
8313765100460016738;2021-11;0.7489
8313765100460016738;2021-11;0.7492
8332840690177201182;2021-07;0.7813
8332840690177201182;2021-07;0.7807
8332840690177201182;2021-07;0.7807
8332840690177201182;2021-08;0.7439
8332840690177201182;2021-11;0.7347
8343941262792249232;2021-07;0.4635
8343941262792249232;2021-07;0.4421
8343941262792249232;2021-07;0.4421
8343941262792249232;2021-08;0.4389
8343941262792249232;2021-08;0.4389
8343941262792249232;2021-08;0.4389
8343941262792249232;2021-08;0.4389
8343941262792249232;2021-08;0.4389
8343941262792249232;2021-08;0.4389
8343941262792249232;2021-09;0.4429
8343941262792249232;2021-09;0.4429
8343941262792249232;2021-09;0.4404
8343941262792249232;2021-09;0.4404
8343941262792249232;2021-09;0.4358
8343941262792249232;2021-10;0.4318
8343941262792249232;2021-10;0.4353
8343941262792249232;2021-10;0.4294
8343941262792249232;2021-10;0.4294
8343941262792249232;2021-10;0.4249
8343941262792249232;2021-11;0.4249
8348574220426911086;2021-07;0.6344
8348574220426911086;2021-07;0.6316
8348574220426911086;2021-07;0.6309
8348574220426911086;2021-07;0.6316
8348574220426911086;2021-08;0.6357
8348574220426911086;2021-08;0.6357
8348574220426911086;2021-08;0.6357
8348574220426911086;2021-08;0.6357
8348574220426911086;2021-08;0.6346
8348574220426911086;2021-08;0.6313
8348574220426911086;2021-08;0.6313
8348574220426911086;2021-09;0.6278
8348574220426911086;2021-09;0.6302
8348574220426911086;2021-09;0.6243
8348574220426911086;2021-09;0.6236
8348574220426911086;2021-10;0.626
8348574220426911086;2021-10;0.626
8348574220426911086;2021-10;0.624
8348574220426911086;2021-10;0.6218
8348574220426911086;2021-10;0.6211
8348574220426911086;2021-10;0.6211
8348574220426911086;2021-11;0.6201
8348574220426911086;2021-11;0.6221
8350724667410677464;2021-07;0.4386
8350724667410677464;2021-07;0.4426
8350724667410677464;2021-07;0.4426
8350724667410677464;2021-07;0.4386
8350724667410677464;2021-07;0.4426
8350724667410677464;2021-07;0.4426
8350724667410677464;2021-08;0.7204
8350724667410677464;2021-08;0.4433
8350724667410677464;2021-08;0.4433
8350724667410677464;2021-08;0.4433
8350724667410677464;2021-08;0.4433
8350724667410677464;2021-09;0.7497
8350724667410677464;2021-09;0.4507
8350724667410677464;2021-09;0.4542
8350724667410677464;2021-09;0.4542
8350724667410677464;2021-09;0.4542
8350724667410677464;2021-09;0.4542
8350724667410677464;2021-10;0.746
8350724667410677464;2021-10;0.4489
8350724667410677464;2021-11;0.4469
8350724667410677464;2021-11;0.4434
8374461419511631785;2021-07;0.1577
8374461419511631785;2021-07;0.2327
8374461419511631785;2021-07;0.1577
8374461419511631785;2021-08;0.234
8374461419511631785;2021-08;0.2326
8374461419511631785;2021-09;0.2313
8374461419511631785;2021-09;0.2221
8374461419511631785;2021-09;0.2327
8374461419511631785;2021-09;0.2327
8374461419511631785;2021-11;0.231
8374461419511631785;2021-11;0.1569
8374461419511631785;2021-11;0.2385
8374461419511631785;2021-11;0.1645
8376902089871279815;2021-07;0.193
8376902089871279815;2021-07;0.1933
8376902089871279815;2021-07;0.1933
8376902089871279815;2021-07;0.1858
8376902089871279815;2021-08;0.1931
8376902089871279815;2021-09;0.252
8376902089871279815;2021-09;0.252
8376902089871279815;2021-10;0.1831
8376902089871279815;2021-10;0.1831
8385636129786687263;2021-07;0.179
8385636129786687263;2021-08;0.179
8385636129786687263;2021-09;0.179
8385636129786687263;2021-09;0.179
8385636129786687263;2021-10;0.1736
8385636129786687263;2021-10;0.1736
8385636129786687263;2021-10;0.1736
8385636129786687263;2021-10;0.179
8385636129786687263;2021-10;0.179
8385636129786687263;2021-11;0.1712
8398000036517692656;2021-08;0.6986
8398000036517692656;2021-09;0.689
8398000036517692656;2021-10;0.6766
8400764778654490278;2021-07;0.2927
8400764778654490278;2021-07;0.2922
8400764778654490278;2021-07;0.2929
8400764778654490278;2021-08;0.2938
8400764778654490278;2021-08;0.2943
8400764778654490278;2021-09;0.3206
8400764778654490278;2021-09;0.688
8400764778654490278;2021-09;0.3178
8400764778654490278;2021-10;0.6644
8400764778654490278;2021-10;0.2886
8400764778654490278;2021-11;0.3146
8400764778654490278;2021-11;0.3146
8409181491723988567;2021-07;0.2592
8409181491723988567;2021-07;0.2592
8409181491723988567;2021-07;0.4716
8409181491723988567;2021-07;0.2456
8409181491723988567;2021-08;0.2383
8409181491723988567;2021-08;0.2383
8409181491723988567;2021-08;0.2383
8409181491723988567;2021-09;0.2456
8409181491723988567;2021-09;0.2503
8409181491723988567;2021-09;0.2503
8409181491723988567;2021-10;0.5113
8409181491723988567;2021-10;0.2785
8409181491723988567;2021-10;0.2785
8409181491723988567;2021-11;0.2445
8449503736717242889;2021-08;0.6865
8463871205935856285;2021-07;0.185
8463871205935856285;2021-08;0.1849
8463871205935856285;2021-08;0.1849
8463871205935856285;2021-09;0.186
8463871205935856285;2021-10;0.187
8464769152264029983;2021-08;0.3129
8464769152264029983;2021-09;0.2949
8464769152264029983;2021-11;0.3225
8464809590757561185;2021-07;0.1745
8464809590757561185;2021-07;0.1745
8464809590757561185;2021-07;0.1745
8464809590757561185;2021-07;0.1745
8464809590757561185;2021-07;0.1756
8464809590757561185;2021-07;0.1756
8464809590757561185;2021-08;0.1756
8464809590757561185;2021-08;0.1756
8464809590757561185;2021-08;0.1756
8464809590757561185;2021-08;0.1756
8464809590757561185;2021-08;0.1756
8464809590757561185;2021-08;0.1756
8464809590757561185;2021-08;0.1756
8464809590757561185;2021-08;0.1756
8464809590757561185;2021-09;0.1736
8464809590757561185;2021-10;0.1917
8464809590757561185;2021-10;0.1917
8464809590757561185;2021-10;0.1911
8464809590757561185;2021-10;0.1929
8464809590757561185;2021-10;0.1926
8464809590757561185;2021-10;0.1926
8464809590757561185;2021-11;0.2374
8464809590757561185;2021-11;0.5121
8464809590757561185;2021-11;0.2374
8464809590757561185;2021-11;0.2374
8464809590757561185;2021-11;0.2465
8480109508191086169;2021-07;0.1768
8480109508191086169;2021-07;0.1822
8480109508191086169;2021-08;0.1822
8480109508191086169;2021-08;0.1822
8480109508191086169;2021-08;0.1822
8480109508191086169;2021-09;0.4449
8480109508191086169;2021-09;0.1793
8480109508191086169;2021-10;0.1761
8480109508191086169;2021-10;0.1761
8480109508191086169;2021-11;0.1793
8480109508191086169;2021-11;0.1793
8480109508191086169;2021-11;0.1793
8480109508191086169;2021-11;0.1793
8487807876567995441;2021-07;0.6057
8487807876567995441;2021-07;0.322
8487807876567995441;2021-07;0.3172
8487807876567995441;2021-07;0.3115
8487807876567995441;2021-07;0.3115
8487807876567995441;2021-08;0.271
8487807876567995441;2021-08;0.2818
8487807876567995441;2021-08;0.273
8487807876567995441;2021-09;0.2607
8487807876567995441;2021-09;0.2607
8487807876567995441;2021-11;0.5297
8487807876567995441;2021-11;0.2591
8487807876567995441;2021-11;0.2591
8487807876567995441;2021-11;0.2658
8503092146854371576;2021-07;0.4706
8503092146854371576;2021-07;0.1639
8503092146854371576;2021-07;0.1642
8503092146854371576;2021-08;0.1635
8503092146854371576;2021-08;0.1632
8503092146854371576;2021-09;0.1633
8503092146854371576;2021-09;0.1633
8503092146854371576;2021-10;0.1654
8503092146854371576;2021-10;0.1655
8503092146854371576;2021-11;0.2317
8503092146854371576;2021-11;0.1655
8503092146854371576;2021-11;0.1637
8503092146854371576;2021-11;0.164
8505870778358741102;2021-07;0.2393
8505870778358741102;2021-07;0.2393
8505870778358741102;2021-07;0.2393
8505870778358741102;2021-07;0.2393
8505870778358741102;2021-07;0.2393
8505870778358741102;2021-07;0.2393
8505870778358741102;2021-07;0.2393
8505870778358741102;2021-08;0.2397
8505870778358741102;2021-08;0.2422
8505870778358741102;2021-08;0.2422
8505870778358741102;2021-09;0.2417
8505870778358741102;2021-09;0.2417
8505870778358741102;2021-09;0.2417
8505870778358741102;2021-10;0.2417
8505870778358741102;2021-10;0.5278
8505870778358741102;2021-10;0.2417
8505870778358741102;2021-10;0.2417
8505870778358741102;2021-10;0.2417
8505870778358741102;2021-10;0.2417
8505870778358741102;2021-10;0.2455
8505870778358741102;2021-11;0.2464
8505870778358741102;2021-11;0.246
8505870778358741102;2021-11;0.2527
8510653215962746781;2021-07;0.1926
8510653215962746781;2021-11;0.1947
8511588642284189303;2021-08;0.4832
8511588642284189303;2021-08;0.4804
8511588642284189303;2021-08;0.4763
8511588642284189303;2021-09;0.4413
8511588642284189303;2021-09;0.44
8511588642284189303;2021-09;0.44
8511588642284189303;2021-10;0.4103
8511588642284189303;2021-11;0.4067
8512214463586144353;2021-07;0.2624
8512214463586144353;2021-07;0.2624
8512214463586144353;2021-07;0.4721
8512214463586144353;2021-07;0.2624
8512214463586144353;2021-07;0.2627
8512214463586144353;2021-07;0.2606
8512214463586144353;2021-07;0.2602
8512214463586144353;2021-08;0.2602
8512214463586144353;2021-08;0.2571
8512214463586144353;2021-09;0.2585
8512214463586144353;2021-09;0.2577
8512214463586144353;2021-09;0.2574
8512214463586144353;2021-10;0.258
8512214463586144353;2021-10;0.258
8512214463586144353;2021-11;0.258
8512214463586144353;2021-11;0.258
8512214463586144353;2021-11;0.256
8529899700094903171;2021-07;0.172
8529899700094903171;2021-07;0.2038
8529899700094903171;2021-07;0.172
8529899700094903171;2021-07;0.172
8529899700094903171;2021-07;0.172
8529899700094903171;2021-07;0.172
8529899700094903171;2021-07;0.172
8529899700094903171;2021-07;0.1735
8529899700094903171;2021-07;0.1735
8529899700094903171;2021-07;0.172
8529899700094903171;2021-07;0.172
8529899700094903171;2021-07;0.172
8529899700094903171;2021-07;0.172
8529899700094903171;2021-07;0.172
8529899700094903171;2021-07;0.172
8529899700094903171;2021-07;0.172
8529899700094903171;2021-07;0.172
8529899700094903171;2021-07;0.172
8529899700094903171;2021-07;0.172
8529899700094903171;2021-07;0.172
8529899700094903171;2021-07;0.172
8529899700094903171;2021-08;0.1656
8529899700094903171;2021-08;0.1642
8529899700094903171;2021-08;0.1697
8529899700094903171;2021-08;0.1642
8529899700094903171;2021-08;0.1697
8529899700094903171;2021-08;0.1642
8529899700094903171;2021-08;0.1642
8529899700094903171;2021-08;0.1656
8529899700094903171;2021-08;0.1642
8529899700094903171;2021-08;0.1642
8529899700094903171;2021-08;0.1642
8529899700094903171;2021-08;0.1642
8529899700094903171;2021-08;0.1642
8529899700094903171;2021-08;0.1642
8529899700094903171;2021-08;0.1642
8529899700094903171;2021-08;0.1642
8529899700094903171;2021-08;0.1642
8529899700094903171;2021-08;0.1677
8529899700094903171;2021-08;0.1677
8529899700094903171;2021-08;0.1677
8529899700094903171;2021-08;0.2233
8529899700094903171;2021-08;0.1694
8529899700094903171;2021-08;0.1677
8529899700094903171;2021-08;0.1677
8529899700094903171;2021-08;0.1677
8529899700094903171;2021-08;0.1677
8529899700094903171;2021-08;0.1677
8529899700094903171;2021-08;0.1677
8529899700094903171;2021-08;0.1677
8529899700094903171;2021-08;0.2233
8529899700094903171;2021-08;0.1694
8529899700094903171;2021-08;0.1677
8529899700094903171;2021-08;0.1677
8529899700094903171;2021-08;0.1677
8529899700094903171;2021-08;0.1677
8529899700094903171;2021-09;0.1692
8529899700094903171;2021-09;0.1692
8529899700094903171;2021-09;0.1692
8529899700094903171;2021-09;0.1692
8529899700094903171;2021-09;0.1692
8529899700094903171;2021-09;0.1692
8529899700094903171;2021-09;0.1692
8529899700094903171;2021-09;0.1692
8529899700094903171;2021-09;0.1692
8529899700094903171;2021-09;0.1692
8529899700094903171;2021-09;0.1692
8529899700094903171;2021-09;0.1657
8529899700094903171;2021-09;0.1671
8529899700094903171;2021-09;0.1657
8529899700094903171;2021-09;0.1657
8529899700094903171;2021-09;0.1657
8529899700094903171;2021-09;0.1657
8529899700094903171;2021-09;0.1657
8529899700094903171;2021-09;0.1657
8529899700094903171;2021-09;0.1657
8529899700094903171;2021-09;0.1657
8529899700094903171;2021-09;0.1657
8529899700094903171;2021-09;0.1657
8529899700094903171;2021-09;0.1657
8529899700094903171;2021-09;0.1657
8529899700094903171;2021-09;0.1657
8529899700094903171;2021-10;0.1657
8529899700094903171;2021-10;0.1657
8529899700094903171;2021-10;0.1737
8529899700094903171;2021-10;0.1737
8529899700094903171;2021-10;0.1737
8529899700094903171;2021-10;0.1737
8529899700094903171;2021-10;0.1737
8529899700094903171;2021-10;0.1737
8529899700094903171;2021-10;0.1737
8529899700094903171;2021-10;0.1737
8529899700094903171;2021-10;0.1771
8529899700094903171;2021-10;0.1771
8529899700094903171;2021-10;0.1771
8529899700094903171;2021-10;0.1771
8529899700094903171;2021-10;0.1785
8529899700094903171;2021-10;0.1771
8529899700094903171;2021-10;0.1771
8529899700094903171;2021-10;0.1771
8529899700094903171;2021-10;0.1771
8529899700094903171;2021-11;0.1762
8529899700094903171;2021-11;0.1762
8529899700094903171;2021-11;0.1762
8529899700094903171;2021-11;0.1762
8529899700094903171;2021-11;0.1762
8529899700094903171;2021-11;0.1762
8529899700094903171;2021-11;0.1762
8529899700094903171;2021-11;0.1762
8529899700094903171;2021-11;0.1762
8529899700094903171;2021-11;0.1762
8529899700094903171;2021-11;0.1762
8529899700094903171;2021-11;0.1969
8529899700094903171;2021-11;0.1969
8529899700094903171;2021-11;0.1969
8529899700094903171;2021-11;0.1969
8529899700094903171;2021-11;0.2003
8529899700094903171;2021-11;0.1969
8535586342375301953;2021-07;0.1862
8535586342375301953;2021-07;0.1862
8535586342375301953;2021-07;0.1875
8535586342375301953;2021-08;0.4797
8535586342375301953;2021-08;0.1919
8535586342375301953;2021-08;0.1919
8535586342375301953;2021-08;0.1919
8535586342375301953;2021-08;0.1919
8535586342375301953;2021-09;0.16
8535586342375301953;2021-10;0.161
8535586342375301953;2021-11;0.1849
8535586342375301953;2021-11;0.1849
8536031856585966123;2021-07;0.6263
8536031856585966123;2021-07;0.6153
8536031856585966123;2021-07;0.7499
8536031856585966123;2021-07;0.7499
8536031856585966123;2021-07;0.7454
8536031856585966123;2021-07;0.6031
8536031856585966123;2021-08;0.5983
8536031856585966123;2021-09;0.5956
8536031856585966123;2021-09;0.5956
8536031856585966123;2021-09;0.5956
8536031856585966123;2021-10;0.5976
8536031856585966123;2021-10;0.597
8536031856585966123;2021-10;0.597
8536031856585966123;2021-10;0.597
8536031856585966123;2021-10;0.5976
8536031856585966123;2021-11;0.597
8536031856585966123;2021-11;0.597
8536031856585966123;2021-11;0.597
8536031856585966123;2021-11;0.5973
8536031856585966123;2021-11;0.5979
8536031856585966123;2021-11;0.5973
8536031856585966123;2021-11;0.5973
8536980239903840341;2021-07;0.1639
8536980239903840341;2021-10;0.1686
8536980239903840341;2021-10;0.1629
8536980239903840341;2021-10;0.1629
8536980239903840341;2021-10;0.1629
8536980239903840341;2021-11;0.1619
8536980239903840341;2021-11;0.1619
8536980239903840341;2021-11;0.1619
8536980239903840341;2021-11;0.1619
8548612698724688238;2021-07;0.3557
8548612698724688238;2021-07;0.3551
8548612698724688238;2021-08;0.7092
8548612698724688238;2021-09;0.3524
8548612698724688238;2021-09;0.3572
8548612698724688238;2021-10;0.3588
8548612698724688238;2021-10;0.3547
8552039412779393821;2021-07;0.4859
8552039412779393821;2021-07;0.4859
8552039412779393821;2021-07;0.4859
8552039412779393821;2021-08;0.4929
8552039412779393821;2021-08;0.4929
8552039412779393821;2021-09;0.4612
8552039412779393821;2021-09;0.3789
8559143756893267192;2021-07;0.6304
8559143756893267192;2021-07;0.6282
8559143756893267192;2021-08;0.6282
8559143756893267192;2021-08;0.6282
8559143756893267192;2021-10;0.694
8559143756893267192;2021-11;0.6286
8559143756893267192;2021-11;0.6286
8559143756893267192;2021-11;0.6286
8564920972266217847;2021-08;0.1928
8564920972266217847;2021-09;0.1927
8564920972266217847;2021-10;0.1924
8564920972266217847;2021-11;0.1927
8564920972266217847;2021-11;0.1927
8570963260597299378;2021-07;0.1507
8570963260597299378;2021-07;0.1496
8570963260597299378;2021-07;0.1496
8570963260597299378;2021-07;0.15
8570963260597299378;2021-07;0.1496
8570963260597299378;2021-08;0.1496
8570963260597299378;2021-08;0.1507
8570963260597299378;2021-09;0.1507
8570963260597299378;2021-09;0.1507
8570963260597299378;2021-09;0.1507
8570963260597299378;2021-09;0.1507
8570963260597299378;2021-09;0.1511
8570963260597299378;2021-09;0.1507
8570963260597299378;2021-10;0.1554
8570963260597299378;2021-10;0.1506
8570963260597299378;2021-10;0.1506
8570963260597299378;2021-10;0.1506
8570963260597299378;2021-11;0.4774
8570963260597299378;2021-11;0.1496
8570963260597299378;2021-11;0.1496
8576047157867370630;2021-07;0.7377
8576047157867370630;2021-08;0.7313
8576047157867370630;2021-09;0.7315
8576047157867370630;2021-09;0.7315
8576047157867370630;2021-10;0.7308
8576047157867370630;2021-10;0.7308
8576047157867370630;2021-10;0.7315
8576047157867370630;2021-10;0.7315
8576047157867370630;2021-11;0.8533
8596605705893456305;2021-07;0.7193
8596605705893456305;2021-07;0.7289
8596605705893456305;2021-07;0.72
8596605705893456305;2021-07;0.8472
8596605705893456305;2021-07;0.7202
8596605705893456305;2021-08;0.7339
8596605705893456305;2021-08;0.7561
8596605705893456305;2021-09;0.6944
8596605705893456305;2021-09;0.8312
8596605705893456305;2021-09;0.7136
8596605705893456305;2021-09;0.7119
8596605705893456305;2021-09;0.6944
8596605705893456305;2021-09;0.6964
8596605705893456305;2021-09;0.6964
8596605705893456305;2021-09;0.6803
8596605705893456305;2021-09;0.6803
8596605705893456305;2021-09;0.6803
8596605705893456305;2021-09;0.7052
8596605705893456305;2021-09;0.6803
8596605705893456305;2021-10;0.7094
8596605705893456305;2021-10;0.7237
8596605705893456305;2021-10;0.7094
8596605705893456305;2021-10;0.7094
8596605705893456305;2021-10;0.7119
8596605705893456305;2021-10;0.7119
8596605705893456305;2021-11;0.8165
8596605705893456305;2021-11;0.6803
8596605705893456305;2021-11;0.6801
8596605705893456305;2021-11;0.7049
8603678028264007695;2021-07;0.1735
8603678028264007695;2021-07;0.1735
8603678028264007695;2021-07;0.1746
8603678028264007695;2021-08;0.1761
8603678028264007695;2021-08;0.1758
8603678028264007695;2021-08;0.1747
8603678028264007695;2021-09;0.1731
8603678028264007695;2021-09;0.1728
8603678028264007695;2021-09;0.1785
8603678028264007695;2021-09;0.1785
8603678028264007695;2021-10;0.1961
8603678028264007695;2021-10;0.1944
8603678028264007695;2021-10;0.1961
8609211777002937758;2021-07;0.1825
8609211777002937758;2021-07;0.1825
8609211777002937758;2021-08;0.1642
8609211777002937758;2021-08;0.1642
8609211777002937758;2021-08;0.1642
8609211777002937758;2021-09;0.1935
8609211777002937758;2021-09;0.1907
8609211777002937758;2021-09;0.1907
8609211777002937758;2021-09;0.1935
8609211777002937758;2021-09;0.1935
8609211777002937758;2021-10;0.1653
8609211777002937758;2021-10;0.1656
8609211777002937758;2021-10;0.1653
8609211777002937758;2021-11;0.1663
8609211777002937758;2021-11;0.1737
8609938720215175911;2021-07;0.4988
8609938720215175911;2021-07;0.4988
8609938720215175911;2021-07;0.4974
8609938720215175911;2021-07;0.4974
8609938720215175911;2021-07;0.4974
8609938720215175911;2021-08;0.4998
8609938720215175911;2021-08;0.4998
8609938720215175911;2021-08;0.498
8609938720215175911;2021-08;0.4979
8609938720215175911;2021-08;0.4988
8609938720215175911;2021-08;0.4949
8609938720215175911;2021-08;0.4949
8609938720215175911;2021-09;0.493
8609938720215175911;2021-09;0.4906
8609938720215175911;2021-09;0.4907
8609938720215175911;2021-09;0.49
8609938720215175911;2021-09;0.49
8609938720215175911;2021-10;0.4771
8609938720215175911;2021-10;0.4771
8609938720215175911;2021-10;0.4842
8609938720215175911;2021-10;0.4842
8609938720215175911;2021-10;0.4843
8609938720215175911;2021-10;0.4729
8609938720215175911;2021-11;0.4694
8609938720215175911;2021-11;0.4693
8609938720215175911;2021-11;0.4694
8609938720215175911;2021-11;0.7218
8609938720215175911;2021-11;0.4693
8609938720215175911;2021-11;0.4694
8609938720215175911;2021-11;0.4694
8623308321032624474;2021-07;0.56
8623308321032624474;2021-07;0.7534
8623308321032624474;2021-07;0.56
8623308321032624474;2021-08;0.7544
8623308321032624474;2021-08;0.56
8623308321032624474;2021-09;0.5641
8623308321032624474;2021-10;0.5607
8623308321032624474;2021-10;0.5565
8623308321032624474;2021-11;0.5565
8623308321032624474;2021-11;0.5565
8646472172649019955;2021-07;0.6831
8646472172649019955;2021-08;0.7025
8646472172649019955;2021-08;0.7014
8646472172649019955;2021-08;0.7049
8646472172649019955;2021-09;0.6826
8646472172649019955;2021-09;0.6833
8646472172649019955;2021-09;0.6904
8646472172649019955;2021-09;0.6884
8646472172649019955;2021-10;0.8358
8646472172649019955;2021-10;0.6865
8646472172649019955;2021-10;0.6865
8646472172649019955;2021-10;0.6837
8646472172649019955;2021-11;0.8315
8646472172649019955;2021-11;0.681
8646472172649019955;2021-11;0.681
8646472172649019955;2021-11;0.681
8646472172649019955;2021-11;0.681
8662923640484889291;2021-07;0.1607
8662923640484889291;2021-07;0.1607
8662923640484889291;2021-07;0.1607
8680213253228719510;2021-09;0.2128
8680213253228719510;2021-10;0.1923
8680213253228719510;2021-10;0.176
8680213253228719510;2021-10;0.1727
8684964138237894839;2021-07;0.1854
8684964138237894839;2021-09;0.1697
8684964138237894839;2021-10;0.1862
8698916565946744099;2021-10;0.4949
8706851346184249504;2021-07;0.196
8706851346184249504;2021-08;0.1923
8706851346184249504;2021-09;0.1933
8706851346184249504;2021-10;0.1949
8706851346184249504;2021-10;0.1949
8706851346184249504;2021-10;0.1949
8706851346184249504;2021-11;0.1928
8706851346184249504;2021-11;0.1928
8706851346184249504;2021-11;0.1928
8707474618041058293;2021-08;0.2729
8715120689636420963;2021-08;0.1491
8715120689636420963;2021-08;0.1491
8716163053080758848;2021-07;0.2414
8716163053080758848;2021-07;0.2418
8716163053080758848;2021-07;0.2418
8716163053080758848;2021-07;0.2421
8716163053080758848;2021-07;0.2418
8716163053080758848;2021-07;0.2414
8716163053080758848;2021-07;0.2451
8716163053080758848;2021-07;0.2455
8716163053080758848;2021-07;0.2451
8716163053080758848;2021-07;0.2455
8716163053080758848;2021-07;0.2451
8716163053080758848;2021-07;0.2455
8716163053080758848;2021-08;0.2479
8716163053080758848;2021-08;0.2475
8716163053080758848;2021-08;0.2475
8716163053080758848;2021-08;0.2479
8716163053080758848;2021-08;0.2479
8716163053080758848;2021-08;0.2479
8716163053080758848;2021-08;0.2479
8716163053080758848;2021-08;0.2438
8716163053080758848;2021-08;0.2442
8716163053080758848;2021-08;0.2442
8716163053080758848;2021-08;0.2445
8716163053080758848;2021-09;0.2404
8716163053080758848;2021-09;0.5296
8716163053080758848;2021-09;0.2398
8716163053080758848;2021-09;0.2404
8716163053080758848;2021-09;0.2401
8716163053080758848;2021-09;0.2401
8716163053080758848;2021-09;0.2438
8716163053080758848;2021-09;0.2435
8716163053080758848;2021-09;0.2438
8716163053080758848;2021-09;0.2438
8716163053080758848;2021-09;0.2438
8716163053080758848;2021-09;0.2438
8716163053080758848;2021-10;0.275
8716163053080758848;2021-10;0.2698
8716163053080758848;2021-10;0.2707
8716163053080758848;2021-10;0.2698
8716163053080758848;2021-10;0.2694
8716163053080758848;2021-10;0.275
8716163053080758848;2021-10;0.2698
8716163053080758848;2021-10;0.2694
8716163053080758848;2021-10;0.2694
8716163053080758848;2021-10;0.275
8716163053080758848;2021-10;0.27
8716163053080758848;2021-11;0.2475
8716163053080758848;2021-11;0.2482
8716163053080758848;2021-11;0.2479
8716163053080758848;2021-11;0.2482
8716163053080758848;2021-11;0.2442
8716163053080758848;2021-11;0.2438
8716163053080758848;2021-11;0.2442
8724731934863284019;2021-07;0.4778
8724731934863284019;2021-07;0.4778
8724731934863284019;2021-07;0.4778
8724731934863284019;2021-07;0.4819
8724731934863284019;2021-07;0.4756
8724731934863284019;2021-07;0.4756
8724731934863284019;2021-08;0.4772
8724731934863284019;2021-09;0.4819
8724731934863284019;2021-09;0.4819
8724731934863284019;2021-09;0.4826
8724731934863284019;2021-09;0.4826
8724731934863284019;2021-10;0.4962
8724731934863284019;2021-10;0.5001
8724731934863284019;2021-10;0.4959
8724731934863284019;2021-10;0.4959
8724731934863284019;2021-11;0.5037
8724731934863284019;2021-11;0.7178
8724731934863284019;2021-11;0.5037
8724731934863284019;2021-11;0.5037
8729164666041467296;2021-08;0.2225
8729164666041467296;2021-08;0.2225
8729164666041467296;2021-08;0.2225
8729164666041467296;2021-09;0.2225
8729164666041467296;2021-09;0.2225
8729164666041467296;2021-10;0.2225
8729164666041467296;2021-10;0.2225
8729164666041467296;2021-10;0.2225
8729164666041467296;2021-10;0.2225
8733525963966339207;2021-07;0.7896
8733525963966339207;2021-07;0.7744
8733525963966339207;2021-07;0.7737
8733525963966339207;2021-07;0.7743
8733525963966339207;2021-07;0.8751
8733525963966339207;2021-07;0.7743
8733525963966339207;2021-07;0.775
8733525963966339207;2021-07;0.7743
8733525963966339207;2021-07;0.7902
8733525963966339207;2021-07;0.7743
8733525963966339207;2021-08;0.7443
8733525963966339207;2021-08;0.7414
8733525963966339207;2021-08;0.8641
8733525963966339207;2021-08;0.7414
8733525963966339207;2021-08;0.7386
8733525963966339207;2021-08;0.7389
8733525963966339207;2021-08;0.7395
8733525963966339207;2021-09;0.7363
8733525963966339207;2021-09;0.7363
8733525963966339207;2021-10;0.7718
8733525963966339207;2021-10;0.7718
8733525963966339207;2021-10;0.7725
8733525963966339207;2021-10;0.7718
8733525963966339207;2021-11;0.8669
8733525963966339207;2021-11;0.7388
8736788139020105764;2021-07;0.855
8736788139020105764;2021-08;0.6207
8737605759444448951;2021-10;0.2638
8748106677402909629;2021-07;0.6143
8748106677402909629;2021-08;0.6122
8748106677402909629;2021-09;0.6033
8748106677402909629;2021-10;0.6025
8750634267020436314;2021-09;0.5317
8764962131207592182;2021-07;0.2996
8779038337925278543;2021-10;0.1811
8785648114090695180;2021-07;0.1719
8785648114090695180;2021-09;0.1719
8785648114090695180;2021-09;0.1716
8785648114090695180;2021-10;0.1753
8785648114090695180;2021-11;0.1874
8785648114090695180;2021-11;0.1874
8826489829259520138;2021-07;0.168
8826489829259520138;2021-07;0.1676
8826489829259520138;2021-07;0.1678
8826489829259520138;2021-07;0.1678
8826489829259520138;2021-08;0.1544
8826489829259520138;2021-08;0.1553
8826489829259520138;2021-08;0.1553
8826489829259520138;2021-08;0.1553
8826489829259520138;2021-09;0.1531
8826489829259520138;2021-09;0.1531
8826489829259520138;2021-09;0.1522
8826489829259520138;2021-09;0.1522
8826489829259520138;2021-10;0.1523
8826489829259520138;2021-11;0.1544
8826489829259520138;2021-11;0.412
8826489829259520138;2021-11;0.1544
8826489829259520138;2021-11;0.1553
8826489829259520138;2021-11;0.1553
8826489829259520138;2021-11;0.1553
8828303152301461681;2021-07;0.4039
8828303152301461681;2021-07;0.4045
8828303152301461681;2021-07;0.4042
8828303152301461681;2021-07;0.4043
8828303152301461681;2021-07;0.4043
8828303152301461681;2021-08;0.4589
8828303152301461681;2021-09;0.3992
8828303152301461681;2021-09;0.3989
8828303152301461681;2021-09;0.4008
8828303152301461681;2021-09;0.3981
8828303152301461681;2021-09;0.3978
8828303152301461681;2021-10;0.4044
8828303152301461681;2021-11;0.4054
8828303152301461681;2021-11;0.4061
8829286411654484379;2021-09;0.2564
8829286411654484379;2021-09;0.2381
8835646476961190471;2021-08;0.2698
8835646476961190471;2021-08;0.2602
8835646476961190471;2021-09;0.2554
8843432852270832388;2021-07;0.157
8843432852270832388;2021-08;0.1569
8843432852270832388;2021-08;0.1636
8843432852270832388;2021-09;0.1659
8843432852270832388;2021-10;0.1656
8843432852270832388;2021-10;0.4461
8843432852270832388;2021-11;0.1636
8854680481766219396;2021-08;0.68
8854680481766219396;2021-08;0.6787
8854680481766219396;2021-08;0.6766
8854680481766219396;2021-09;0.6738
8854680481766219396;2021-09;0.6764
8854680481766219396;2021-10;0.6764
8854680481766219396;2021-10;0.6746
8859064595603380512;2021-08;0.1876
8859064595603380512;2021-09;0.2458
8859064595603380512;2021-09;0.1874
8874257794774679816;2021-07;0.1721
8874257794774679816;2021-07;0.1721
8874257794774679816;2021-08;0.2043
8874257794774679816;2021-08;0.2043
8874257794774679816;2021-09;0.2021
8874257794774679816;2021-09;0.21
8874257794774679816;2021-09;0.2021
8874257794774679816;2021-09;0.1874
8874257794774679816;2021-09;0.1885
8874257794774679816;2021-09;0.2285
8874257794774679816;2021-09;0.2196
8874257794774679816;2021-09;0.2196
8874257794774679816;2021-09;0.2196
8874257794774679816;2021-09;0.2196
8874257794774679816;2021-10;0.2213
8874257794774679816;2021-10;0.2213
8874257794774679816;2021-10;0.1902
8874257794774679816;2021-10;0.1902
8874257794774679816;2021-10;0.2467
8874257794774679816;2021-10;0.2467
8874257794774679816;2021-10;0.2467
8874257794774679816;2021-10;0.2467
8874257794774679816;2021-11;0.245
8874257794774679816;2021-11;0.245
8874257794774679816;2021-11;0.1874
8874257794774679816;2021-11;0.245
8874257794774679816;2021-11;0.2461
8874257794774679816;2021-11;0.2461
8889055492416898333;2021-07;0.4271
8889055492416898333;2021-07;0.4289
8889055492416898333;2021-07;0.4271
8889055492416898333;2021-07;0.4142
8889055492416898333;2021-08;0.3851
8889055492416898333;2021-08;0.3875
8889055492416898333;2021-08;0.3796
8889055492416898333;2021-08;0.382
8889055492416898333;2021-08;0.3836
8889055492416898333;2021-08;0.3823
8889055492416898333;2021-09;0.3807
8889055492416898333;2021-09;0.6417
8889055492416898333;2021-09;0.3796
8889055492416898333;2021-09;0.3782
8889055492416898333;2021-09;0.3795
8889055492416898333;2021-10;0.3787
8889055492416898333;2021-10;0.3787
8889055492416898333;2021-10;0.3798
8889055492416898333;2021-10;0.3814
8889055492416898333;2021-10;0.3803
8889055492416898333;2021-11;0.3758
8889055492416898333;2021-11;0.3758
8889055492416898333;2021-11;0.3799
8889055492416898333;2021-11;0.3799
8889055492416898333;2021-11;0.3758
8889055492416898333;2021-11;0.3747
8895160610329228780;2021-10;0.1621
8895896724713458749;2021-07;0.3241
8895896724713458749;2021-07;0.3283
8895896724713458749;2021-07;0.3283
8895896724713458749;2021-08;0.2742
8895896724713458749;2021-08;0.2742
8895896724713458749;2021-08;0.2735
8895896724713458749;2021-08;0.2707
8895896724713458749;2021-08;0.2713
8895896724713458749;2021-08;0.2707
8895896724713458749;2021-08;0.2707
8895896724713458749;2021-09;0.269
8895896724713458749;2021-09;0.2738
8895896724713458749;2021-09;0.2697
8901696535927078963;2021-07;0.4807
8901696535927078963;2021-07;0.4807
8901696535927078963;2021-07;0.4807
8901696535927078963;2021-07;0.4807
8901696535927078963;2021-07;0.4803
8901696535927078963;2021-07;0.4845
8901696535927078963;2021-07;0.4807
8901696535927078963;2021-07;0.4817
8901696535927078963;2021-07;0.4817
8901696535927078963;2021-07;0.4812
8901696535927078963;2021-08;0.4629
8901696535927078963;2021-08;0.4636
8901696535927078963;2021-08;0.4636
8901696535927078963;2021-08;0.4629
8901696535927078963;2021-08;0.4636
8901696535927078963;2021-08;0.4677
8901696535927078963;2021-09;0.4612
8901696535927078963;2021-09;0.4612
8901696535927078963;2021-09;0.4653
8901696535927078963;2021-09;0.4612
8901696535927078963;2021-09;0.4605
8901696535927078963;2021-09;0.4653
8901696535927078963;2021-09;0.4612
8901696535927078963;2021-09;0.4653
8901696535927078963;2021-10;0.4827
8901696535927078963;2021-10;0.4863
8901696535927078963;2021-10;0.4863
8901696535927078963;2021-10;0.482
8901696535927078963;2021-10;0.482
8901696535927078963;2021-10;0.4849
8901696535927078963;2021-10;0.4888
8901696535927078963;2021-10;0.4849
8901696535927078963;2021-11;0.7206
8901696535927078963;2021-11;0.4629
8901696535927078963;2021-11;0.4636
8901696535927078963;2021-11;0.4628
8901696535927078963;2021-11;0.4628
8901696535927078963;2021-11;0.4628
8901696535927078963;2021-11;0.4628
8901696535927078963;2021-11;0.467
8909740532547211288;2021-07;0.2267
8909740532547211288;2021-07;0.2267
8909740532547211288;2021-07;0.2267
8909740532547211288;2021-07;0.2298
8909740532547211288;2021-07;0.2298
8909740532547211288;2021-08;0.2308
8909740532547211288;2021-08;0.2308
8909740532547211288;2021-08;0.2308
8909740532547211288;2021-08;0.2308
8909740532547211288;2021-08;0.2308
8909740532547211288;2021-08;0.2308
8909740532547211288;2021-09;0.2354
8909740532547211288;2021-09;0.2354
8909740532547211288;2021-09;0.2354
8909740532547211288;2021-09;0.2317
8909740532547211288;2021-09;0.2317
8909740532547211288;2021-09;0.2317
8909740532547211288;2021-09;0.2317
8909740532547211288;2021-09;0.2317
8909740532547211288;2021-09;0.2317
8909740532547211288;2021-09;0.2317
8909740532547211288;2021-10;0.2271
8909740532547211288;2021-10;0.2271
8909740532547211288;2021-10;0.2271
8909740532547211288;2021-10;0.2271
8909740532547211288;2021-10;0.2271
8909740532547211288;2021-10;0.2271
8909740532547211288;2021-10;0.2271
8909740532547211288;2021-11;0.2261
8909740532547211288;2021-11;0.2261
8909740532547211288;2021-11;0.2298
8911073840712901131;2021-07;0.1904
8915958534285799867;2021-08;0.6818
8915958534285799867;2021-08;0.676
8915958534285799867;2021-10;0.7121
8918635099296971351;2021-07;0.5076
8918635099296971351;2021-08;0.4853
8918635099296971351;2021-08;0.4849
8918635099296971351;2021-10;0.4566
8919892162361650175;2021-07;0.5792
8919892162361650175;2021-08;0.5765
8919892162361650175;2021-09;0.5765
8919892162361650175;2021-09;0.5683
8919892162361650175;2021-09;0.5683
8919892162361650175;2021-09;0.5557
8919892162361650175;2021-10;0.5783
8919892162361650175;2021-10;0.5719
8919892162361650175;2021-10;0.5509
8919892162361650175;2021-10;0.5656
8919892162361650175;2021-10;0.5636
8919892162361650175;2021-10;0.5636
8919892162361650175;2021-10;0.5664
8919892162361650175;2021-11;0.5384
8919892162361650175;2021-11;0.5308
8926565682509268383;2021-07;0.465
8926565682509268383;2021-07;0.465
8926565682509268383;2021-07;0.465
8926565682509268383;2021-07;0.465
8926565682509268383;2021-07;0.465
8926565682509268383;2021-07;0.465
8926565682509268383;2021-07;0.465
8926565682509268383;2021-07;0.465
8926565682509268383;2021-07;0.465
8926565682509268383;2021-07;0.465
8926565682509268383;2021-07;0.465
8926565682509268383;2021-07;0.465
8926565682509268383;2021-07;0.465
8926565682509268383;2021-07;0.465
8926565682509268383;2021-08;0.4682
8926565682509268383;2021-08;0.465
8926565682509268383;2021-08;0.465
8926565682509268383;2021-08;0.465
8926565682509268383;2021-08;0.465
8926565682509268383;2021-08;0.465
8926565682509268383;2021-08;0.465
8926565682509268383;2021-08;0.465
8926565682509268383;2021-08;0.465
8926565682509268383;2021-08;0.465
8926565682509268383;2021-08;0.465
8926565682509268383;2021-09;0.4675
8926565682509268383;2021-09;0.4675
8926565682509268383;2021-09;0.4777
8926565682509268383;2021-09;0.4777
8926565682509268383;2021-09;0.4777
8926565682509268383;2021-09;0.4777
8926565682509268383;2021-09;0.4777
8926565682509268383;2021-09;0.4777
8926565682509268383;2021-09;0.72
8926565682509268383;2021-09;0.4777
8926565682509268383;2021-09;0.4777
8926565682509268383;2021-09;0.4777
8926565682509268383;2021-09;0.4777
8926565682509268383;2021-09;0.4777
8926565682509268383;2021-09;0.4777
8926565682509268383;2021-09;0.4777
8926565682509268383;2021-10;0.5042
8926565682509268383;2021-10;0.5027
8926565682509268383;2021-10;0.5042
8926565682509268383;2021-10;0.5085
8926565682509268383;2021-10;0.5085
8926565682509268383;2021-10;0.5085
8926565682509268383;2021-10;0.5085
8926565682509268383;2021-10;0.5085
8926565682509268383;2021-10;0.5101
8926565682509268383;2021-10;0.5101
8926565682509268383;2021-10;0.5088
8926565682509268383;2021-10;0.5101
8926565682509268383;2021-11;0.4895
8926565682509268383;2021-11;0.4895
8926565682509268383;2021-11;0.4895
8926565682509268383;2021-11;0.4895
8926565682509268383;2021-11;0.4895
8926565682509268383;2021-11;0.4895
8926565682509268383;2021-11;0.4895
8926565682509268383;2021-11;0.4764
8926565682509268383;2021-11;0.4764
8939476669690489534;2021-07;0.4089
8939476669690489534;2021-07;0.4089
8939476669690489534;2021-07;0.4089
8939476669690489534;2021-07;0.4089
8939476669690489534;2021-08;0.4026
8939476669690489534;2021-08;0.4026
8939476669690489534;2021-08;0.4026
8939476669690489534;2021-08;0.4026
8939476669690489534;2021-09;0.4017
8939476669690489534;2021-09;0.4022
8939476669690489534;2021-09;0.4022
8939476669690489534;2021-09;0.4022
8939476669690489534;2021-10;0.4091
8961924617442201922;2021-07;0.1745
8961924617442201922;2021-07;0.1745
8961924617442201922;2021-08;0.1822
8961924617442201922;2021-08;0.1822
8961924617442201922;2021-08;0.4906
8961924617442201922;2021-08;0.1822
8961924617442201922;2021-09;0.1745
8961924617442201922;2021-09;0.467
8961924617442201922;2021-09;0.1745
8961924617442201922;2021-09;0.1799
8961924617442201922;2021-10;0.1779
8961924617442201922;2021-10;0.1779
8961924617442201922;2021-10;0.1804
8961924617442201922;2021-10;0.1804
8961924617442201922;2021-10;0.1804
8961924617442201922;2021-11;0.1804
8961924617442201922;2021-11;0.4652
8961924617442201922;2021-11;0.1804
8961924617442201922;2021-11;0.1804
8961924617442201922;2021-11;0.1761
8967780934636007142;2021-10;0.1547
8991419601067014006;2021-10;0.1578
8994944800097997361;2021-07;0.283
8994944800097997361;2021-07;0.2817
8994944800097997361;2021-08;0.2875
8994944800097997361;2021-08;0.2819
8994944800097997361;2021-08;0.2819
8994944800097997361;2021-08;0.2819
8994944800097997361;2021-08;0.2819
8994944800097997361;2021-09;0.2747
8994944800097997361;2021-09;0.2747
8994944800097997361;2021-09;0.2746
8994944800097997361;2021-09;0.2746
8994944800097997361;2021-09;0.2704
8994944800097997361;2021-09;0.2765
8994944800097997361;2021-09;0.2765
8994944800097997361;2021-10;0.2765
8994944800097997361;2021-10;0.274
8994944800097997361;2021-10;0.267
8994944800097997361;2021-11;0.2685
8994944800097997361;2021-11;0.2685
9016049685460415544;2021-09;0.4503
9016049685460415544;2021-11;0.5547
9038299527164672091;2021-08;0.3928
9052787288251876909;2021-07;0.1625
9052787288251876909;2021-07;0.1545
9052787288251876909;2021-08;0.1555
9052787288251876909;2021-09;0.1545
9052787288251876909;2021-09;0.1556
9052787288251876909;2021-10;0.1556
9052787288251876909;2021-10;0.1556
9052787288251876909;2021-10;0.1548
9052787288251876909;2021-11;0.156
9052787288251876909;2021-11;0.156
9052787288251876909;2021-11;0.156
9060693308980292489;2021-08;0.2614
9089528044547831569;2021-07;0.7396
9089528044547831569;2021-07;0.4793
9099218788416728596;2021-07;0.8594
9099218788416728596;2021-08;0.8639
9099218788416728596;2021-08;0.8436
9099218788416728596;2021-09;0.8666
9099218788416728596;2021-09;0.861
9099218788416728596;2021-10;0.8492
9101617110967101591;2021-07;0.1839
9101617110967101591;2021-09;0.1807
9108733472015251498;2021-07;0.113
9108733472015251498;2021-07;0.113
9108733472015251498;2021-08;0.1184
9108733472015251498;2021-10;0.1271
9108733472015251498;2021-10;0.1271
9108733472015251498;2021-11;0.1144
9108733472015251498;2021-11;0.1144
9127318190908282126;2021-07;0.1917
9127318190908282126;2021-07;0.1917
9127318190908282126;2021-07;0.1863
9127318190908282126;2021-08;0.1844
9127318190908282126;2021-08;0.1844
9127318190908282126;2021-08;0.1898
9127318190908282126;2021-09;0.1863
9127318190908282126;2021-10;0.1815
9127318190908282126;2021-10;0.1815
9127318190908282126;2021-10;0.185
9127318190908282126;2021-11;0.1844
9142266044170177362;2021-08;0.1886
9156666134024889730;2021-07;0.2849
9156666134024889730;2021-07;0.2834
9156666134024889730;2021-07;0.2823
9156666134024889730;2021-08;0.287
9156666134024889730;2021-08;0.2785
9156666134024889730;2021-08;0.2836
9156666134024889730;2021-08;0.2785
9156666134024889730;2021-09;0.3062
9156666134024889730;2021-09;0.6549
9156666134024889730;2021-09;0.3097
9156666134024889730;2021-09;0.3097
9156666134024889730;2021-10;0.2844
9156666134024889730;2021-11;0.2824
9156666134024889730;2021-11;0.2824
9175443729335908760;2021-08;0.1441
9184785003280841216;2021-07;0.6405
9184785003280841216;2021-07;0.6474
9184785003280841216;2021-07;0.6494
9184785003280841216;2021-07;0.6495
9184785003280841216;2021-07;0.6462
9184785003280841216;2021-08;0.6399
9184785003280841216;2021-08;0.6399
9184785003280841216;2021-08;0.6398
9184785003280841216;2021-08;0.6343
9184785003280841216;2021-08;0.6263
9184785003280841216;2021-08;0.6352
9184785003280841216;2021-08;0.6248
9184785003280841216;2021-08;0.6352
9184785003280841216;2021-09;0.627
9184785003280841216;2021-09;0.627
9184785003280841216;2021-09;0.6271
9184785003280841216;2021-09;0.6237
9184785003280841216;2021-09;0.6061
9184785003280841216;2021-09;0.6204
9184785003280841216;2021-09;0.6249
9184785003280841216;2021-09;0.6204
9184785003280841216;2021-10;0.6218
9184785003280841216;2021-10;0.604
9184785003280841216;2021-10;0.6208
9184785003280841216;2021-10;0.6208
9184785003280841216;2021-11;0.6174
9184785003280841216;2021-11;0.5998
9184785003280841216;2021-11;0.6089
9184785003280841216;2021-11;0.6238
9205015186723569289;2021-10;0.7101
9205015186723569289;2021-11;0.6081
9205015186723569289;2021-11;0.6081
9206030810342980458;2021-07;0.3215
9206030810342980458;2021-07;0.3208
9206030810342980458;2021-07;0.3239
9206030810342980458;2021-08;0.6481
9206030810342980458;2021-08;0.3236
9206030810342980458;2021-08;0.3224
9206030810342980458;2021-08;0.3224
9206030810342980458;2021-08;0.3231
9206030810342980458;2021-09;0.3193
9206030810342980458;2021-09;0.3193
9206030810342980458;2021-09;0.3209
9206030810342980458;2021-09;0.3209
9206030810342980458;2021-10;0.3979
9206030810342980458;2021-10;0.3994
9206030810342980458;2021-11;0.3192
9206030810342980458;2021-11;0.316
9206030810342980458;2021-11;0.316
9206030810342980458;2021-11;0.317
9206030810342980458;2021-11;0.3143
